source_system,source_participant_id,source_ccass_id,canonical_participant_id,participant_name,valid_from,valid_to,identity_status,mapping_evidence
webb_ccass,2,B01068,ccass:B01068,TEIL STOCK INVESTMENT CO (ADMINISTRATORS,2009-06-26,2007-06-26,CANONICAL_MAPPED,webbsite_full.sqlite/participants
webb_ccass,3,B01077,ccass:B01077,MACQUARIE CAPITAL SECURITIES LTD,2009-04-20,2007-06-26,CANONICAL_MAPPED,webbsite_full.sqlite/participants
webb_ccass,4,B01078,ccass:B01078,STANDARD CHARTERED SECURITIES,2009-12-17,2007-06-26,CANONICAL_MAPPED,webbsite_full.sqlite/participants
webb_ccass,5,B01080,ccass:B01080,VMS SECURITIES LTD,2011-04-14,2007-06-26,CANONICAL_MAPPED,webbsite_full.sqlite/participants
webb_ccass,6,B01086,ccass:B01086,EVERBRIGHT SECURITIES INVESTMENT,2022-02-11,2007-06-26,CANONICAL_MAPPED,webbsite_full.sqlite/participants
webb_ccass,7,B01089,ccass:B01089,HSBC BROKING SECURITIES (HONG KONG) LTD,2009-04-20,2007-06-26,CANONICAL_MAPPED,webbsite_full.sqlite/participants
webb_ccass,8,B01110,ccass:B01110,J.P. MORGAN BROKING (HONG KONG) LTD,2009-04-20,2007-06-26,CANONICAL_MAPPED,webbsite_full.sqlite/participants
webb_ccass,9,B01115,ccass:B01115,SHENWAN HONGYUAN SECURITIES (H.K.) LTD,2015-06-01,2007-06-26,CANONICAL_MAPPED,webbsite_full.sqlite/participants
webb_ccass,10,B01118,ccass:B01118,EAST ASIA SECURITIES CO LTD,2009-04-20,2007-06-26,CANONICAL_MAPPED,webbsite_full.sqlite/participants
webb_ccass,11,B01119,ccass:B01119,CELESTIAL SECURITIES LTD,2009-04-20,2007-06-26,CANONICAL_MAPPED,webbsite_full.sqlite/participants
webb_ccass,12,B01121,ccass:B01121,SG SECURITIES (HK) LTD,2009-04-20,2007-06-26,CANONICAL_MAPPED,webbsite_full.sqlite/participants
webb_ccass,13,B01123,ccass:B01123,HING WONG SECURITIES LTD,2009-04-20,2007-06-26,CANONICAL_MAPPED,webbsite_full.sqlite/participants
webb_ccass,14,B01124,ccass:B01124,CHEKIANG FIRST SECURITIES CO LTD,2009-04-20,2007-06-26,CANONICAL_MAPPED,webbsite_full.sqlite/participants
webb_ccass,15,B01127,ccass:B01127,REORIENT FINANCIAL MARKETS LTD,2011-10-20,2007-06-26,CANONICAL_MAPPED,webbsite_full.sqlite/participants
webb_ccass,16,B01129,ccass:B01129,WOCOM SECURITIES LTD,2009-04-20,2007-06-26,CANONICAL_MAPPED,webbsite_full.sqlite/participants
webb_ccass,17,B01130,ccass:B01130,BOCI SECURITIES LTD,2009-04-20,2007-06-26,CANONICAL_MAPPED,webbsite_full.sqlite/participants
webb_ccass,18,B01133,ccass:B01133,RBC INVESTMENT SERVICES (ASIA) LTD,2009-04-20,2007-06-26,CANONICAL_MAPPED,webbsite_full.sqlite/participants
webb_ccass,19,B01137,ccass:B01137,CHOW SANG SANG SECURITIES LTD,2009-04-20,2007-06-26,CANONICAL_MAPPED,webbsite_full.sqlite/participants
webb_ccass,20,B01138,ccass:B01138,CLSA LTD,2009-04-20,2007-06-26,CANONICAL_MAPPED,webbsite_full.sqlite/participants
webb_ccass,21,B01141,ccass:B01141,FE SECURITIES LTD,2009-04-20,2007-06-26,CANONICAL_MAPPED,webbsite_full.sqlite/participants
webb_ccass,22,B01143,ccass:B01143,HAITONG INTERNATIONAL SECURITIES CO LTD,2010-12-01,2007-06-26,CANONICAL_MAPPED,webbsite_full.sqlite/participants
webb_ccass,23,B01144,ccass:B01144,TAK FUNG SHARES INVESTMENT CO LTD,2009-04-20,2007-06-26,CANONICAL_MAPPED,webbsite_full.sqlite/participants
webb_ccass,24,B01148,ccass:B01148,CHINA MERCHANTS SECURITIES (HK) CO LTD,2009-04-20,2007-06-26,CANONICAL_MAPPED,webbsite_full.sqlite/participants
webb_ccass,25,B01150,ccass:B01150,MTF SECURITIES LTD,2020-12-30,2007-06-26,CANONICAL_MAPPED,webbsite_full.sqlite/participants
webb_ccass,26,B01152,ccass:B01152,YU ON SECURITIES CO LTD,2009-04-20,2007-06-26,CANONICAL_MAPPED,webbsite_full.sqlite/participants
webb_ccass,27,B01156,ccass:B01156,CMB INTERNATIONAL GLOBAL MARKETS LTD,2021-08-09,2007-06-26,CANONICAL_MAPPED,webbsite_full.sqlite/participants
webb_ccass,28,B01157,ccass:B01157,PASAY STOCK AND SHARES LTD,2009-04-20,2007-06-26,CANONICAL_MAPPED,webbsite_full.sqlite/participants
webb_ccass,29,B01158,ccass:B01158,SOLID KING SECURITIES LTD,2009-04-20,2007-06-26,CANONICAL_MAPPED,webbsite_full.sqlite/participants
webb_ccass,30,B01161,ccass:B01161,UBS SECURITIES HONG KONG LTD,2009-04-20,2007-06-26,CANONICAL_MAPPED,webbsite_full.sqlite/participants
webb_ccass,31,B01166,ccass:B01166,KING FOOK SECURITIES CO LTD,2009-04-20,2007-06-26,CANONICAL_MAPPED,webbsite_full.sqlite/participants
webb_ccass,32,B01169,ccass:B01169,PUBLIC FINANCIAL SECURITIES LTD,2009-04-20,2007-06-26,CANONICAL_MAPPED,webbsite_full.sqlite/participants
webb_ccass,33,B01173,ccass:B01173,RIFA SECURITIES LTD,2016-07-29,2007-06-26,CANONICAL_MAPPED,webbsite_full.sqlite/participants
webb_ccass,34,B01175,ccass:B01175,F. R. ZIMMERN LTD,2009-04-20,2007-06-26,CANONICAL_MAPPED,webbsite_full.sqlite/participants
webb_ccass,35,B01181,ccass:B01181,FOSUN INTERNATIONAL SECURITIES LTD,2023-03-07,2007-06-26,CANONICAL_MAPPED,webbsite_full.sqlite/participants
webb_ccass,36,B01183,ccass:B01183,CHONG HING SECURITIES LTD,2009-04-20,2007-06-26,CANONICAL_MAPPED,webbsite_full.sqlite/participants
webb_ccass,37,B01184,ccass:B01184,QUAM SECURITIES LTD,2023-08-04,2007-06-26,CANONICAL_MAPPED,webbsite_full.sqlite/participants
webb_ccass,38,B01191,ccass:B01191,OKACHI INVESTMENTS (HONG KONG) CO LTD,2009-04-20,2007-06-26,CANONICAL_MAPPED,webbsite_full.sqlite/participants
webb_ccass,39,B01192,ccass:B01192,SEEKERS MARKETS LTD (IN LIQUIDATION),2024-05-02,2007-06-26,CANONICAL_MAPPED,webbsite_full.sqlite/participants
webb_ccass,40,B01198,ccass:B01198,PO KAY SECURITIES & SHARES CO LTD,2009-04-20,2007-06-26,CANONICAL_MAPPED,webbsite_full.sqlite/participants
webb_ccass,41,B01199,ccass:B01199,HANG TUNG SECURITIES LTD,2009-04-20,2007-06-26,CANONICAL_MAPPED,webbsite_full.sqlite/participants
webb_ccass,42,B01207,ccass:B01207,SHAREGAIN DEVELOPMENT LTD,2009-04-20,2007-06-26,CANONICAL_MAPPED,webbsite_full.sqlite/participants
webb_ccass,43,B01209,ccass:B01209,MASON SECURITIES LTD,2016-04-26,2007-06-26,CANONICAL_MAPPED,webbsite_full.sqlite/participants
webb_ccass,44,B01212,ccass:B01212,HENYEP SECURITIES LTD,2009-04-20,2007-06-26,CANONICAL_MAPPED,webbsite_full.sqlite/participants
webb_ccass,45,B01213,ccass:B01213,MONEYMORE SECURITIES LTD,2024-12-13,2007-06-26,CANONICAL_MAPPED,webbsite_full.sqlite/participants
webb_ccass,46,B01217,ccass:B01217,TAIPING SECURITIES (HK) CO LTD,2009-08-17,2007-06-26,CANONICAL_MAPPED,webbsite_full.sqlite/participants
webb_ccass,47,B01220,ccass:B01220,WING ON CHEONG SECURITIES CO LTD,2009-04-20,2007-06-26,CANONICAL_MAPPED,webbsite_full.sqlite/participants
webb_ccass,48,B01224,ccass:B01224,MERRILL LYNCH FAR EAST LTD,2009-04-20,2007-06-26,CANONICAL_MAPPED,webbsite_full.sqlite/participants
webb_ccass,49,B01227,ccass:B01227,HOORAY SECURITIES LTD,2009-04-20,2007-06-26,CANONICAL_MAPPED,webbsite_full.sqlite/participants
webb_ccass,50,B01228,ccass:B01228,CITIC SECURITIES BROKERAGE (HK) LTD,2009-04-20,2007-06-26,CANONICAL_MAPPED,webbsite_full.sqlite/participants
webb_ccass,51,B01230,ccass:B01230,GAOYU SECURITIES LIMITED,2024-03-27,2007-06-26,CANONICAL_MAPPED,webbsite_full.sqlite/participants
webb_ccass,52,B01231,ccass:B01231,WINNER INTERNATIONAL SECURITIES LTD,2024-09-12,2007-06-26,CANONICAL_MAPPED,webbsite_full.sqlite/participants
webb_ccass,53,B01238,ccass:B01238,TAI YIP STOCK CO LTD,2009-04-20,2007-06-26,CANONICAL_MAPPED,webbsite_full.sqlite/participants
webb_ccass,54,B01240,ccass:B01240,TSUN CHI YUEN SECURITIES CO LTD,2009-04-20,2007-06-26,CANONICAL_MAPPED,webbsite_full.sqlite/participants
webb_ccass,55,B01246,ccass:B01246,ROCTEC SECURITIES CO LTD,2009-04-20,2007-06-26,CANONICAL_MAPPED,webbsite_full.sqlite/participants
webb_ccass,56,B01247,ccass:B01247,KWAI HUNG SECURITIES CO LTD,2009-04-20,2007-06-26,CANONICAL_MAPPED,webbsite_full.sqlite/participants
webb_ccass,57,B01248,ccass:B01248,KWAN YICK SECURITIES (INTERNATIONAL) LTD,2009-04-20,2007-06-26,CANONICAL_MAPPED,webbsite_full.sqlite/participants
webb_ccass,58,B01252,ccass:B01252,CORPORATE BROKERS LTD,2009-04-20,2007-06-26,CANONICAL_MAPPED,webbsite_full.sqlite/participants
webb_ccass,59,B01253,ccass:B01253,STOCKWELL SECURITIES LTD,2009-04-20,2007-06-26,CANONICAL_MAPPED,webbsite_full.sqlite/participants
webb_ccass,60,B01256,ccass:B01256,SINOLINK SECURITIES (HONG KONG) CO LTD,2015-12-28,2007-06-26,CANONICAL_MAPPED,webbsite_full.sqlite/participants
webb_ccass,61,B01258,ccass:B01258,CHINA POINT STOCK BROKERS LTD,2009-04-20,2007-06-26,CANONICAL_MAPPED,webbsite_full.sqlite/participants
webb_ccass,62,B01259,ccass:B01259,FAIR EAGLE SECURITIES CO LTD,2009-04-20,2007-06-26,CANONICAL_MAPPED,webbsite_full.sqlite/participants
webb_ccass,63,B01260,ccass:B01260,LAMTEX SECURITIES LTD,2009-04-20,2007-06-26,CANONICAL_MAPPED,webbsite_full.sqlite/participants
webb_ccass,64,B01264,ccass:B01264,MIB SECURITIES (HONG KONG) LTD,2021-12-10,2007-06-26,CANONICAL_MAPPED,webbsite_full.sqlite/participants
webb_ccass,65,B01265,ccass:B01265,OCBC SECURITIES BROKERAGE (HK) LTD,2023-07-07,2007-06-26,CANONICAL_MAPPED,webbsite_full.sqlite/participants
webb_ccass,66,B01266,ccass:B01266,PRIME CDEX SECURITIES LTD,2022-09-28,2007-06-26,CANONICAL_MAPPED,webbsite_full.sqlite/participants
webb_ccass,67,B01267,ccass:B01267,WINFULL SECURITIES LTD,2009-04-20,2007-06-26,CANONICAL_MAPPED,webbsite_full.sqlite/participants
webb_ccass,68,B01271,ccass:B01271,HANG TAI SECURITIES LTD,2009-04-20,2007-06-26,CANONICAL_MAPPED,webbsite_full.sqlite/participants
webb_ccass,69,B01272,ccass:B01272,FB SECURITIES (HONG KONG) LTD,2009-04-20,2007-06-26,CANONICAL_MAPPED,webbsite_full.sqlite/participants
webb_ccass,70,B01274,ccass:B01274,MORGAN STANLEY HONG KONG SECURITIES LTD,2009-04-20,2007-06-26,CANONICAL_MAPPED,webbsite_full.sqlite/participants
webb_ccass,71,B01275,ccass:B01275,SANFULL SECURITIES LTD,2009-04-20,2007-06-26,CANONICAL_MAPPED,webbsite_full.sqlite/participants
webb_ccass,72,B01276,ccass:B01276,LEHMAN BROTHERS SECURITIES ASIA LTD,2009-04-20,2007-06-26,CANONICAL_MAPPED,webbsite_full.sqlite/participants
webb_ccass,73,B01277,ccass:B01277,BRADBURY SECURITIES LTD,2016-12-19,2007-06-26,CANONICAL_MAPPED,webbsite_full.sqlite/participants
webb_ccass,74,B01280,ccass:B01280,WING FAT SECURITIES LTD,2009-04-20,2007-06-26,CANONICAL_MAPPED,webbsite_full.sqlite/participants
webb_ccass,75,B01282,ccass:B01282,CHELSEA SECURITIES LTD,2009-04-20,2007-06-26,CANONICAL_MAPPED,webbsite_full.sqlite/participants
webb_ccass,76,B01284,ccass:B01284,HANG SENG SECURITIES LTD,2009-04-20,2007-06-26,CANONICAL_MAPPED,webbsite_full.sqlite/participants
webb_ccass,77,B01289,ccass:B01289,SOUTH CHINA SECURITIES LTD,2009-04-20,2007-06-26,CANONICAL_MAPPED,webbsite_full.sqlite/participants
webb_ccass,78,B01290,ccass:B01290,SPS SECURITIES LTD,2009-04-20,2007-06-26,CANONICAL_MAPPED,webbsite_full.sqlite/participants
webb_ccass,79,B01292,ccass:B01292,ALPHA SECURITIES CO LTD,2009-04-20,2007-06-26,CANONICAL_MAPPED,webbsite_full.sqlite/participants
webb_ccass,80,B01294,ccass:B01294,CS WEALTH SECURITIES LTD,2016-04-07,2007-06-26,CANONICAL_MAPPED,webbsite_full.sqlite/participants
webb_ccass,81,B01296,ccass:B01296,MONTGOMERY SECURITIES LTD,2009-04-20,2007-06-26,CANONICAL_MAPPED,webbsite_full.sqlite/participants
webb_ccass,82,B01297,ccass:B01297,ONSHINE SECURITIES LTD,2009-04-20,2007-06-26,CANONICAL_MAPPED,webbsite_full.sqlite/participants
webb_ccass,83,B01298,ccass:B01298,GET NICE SECURITIES LTD,2009-04-20,2007-06-26,CANONICAL_MAPPED,webbsite_full.sqlite/participants
webb_ccass,84,B01299,ccass:B01299,BNP PARIBAS SECURITIES (ASIA) LTD,2009-04-20,2007-06-26,CANONICAL_MAPPED,webbsite_full.sqlite/participants
webb_ccass,85,B01300,ccass:B01300,OCBC SECURITIES (HONG KONG) LTD,2009-04-20,2008-04-28,CANONICAL_MAPPED,webbsite_full.sqlite/participants
webb_ccass,86,B01301,ccass:B01301,PARIBAS ASIA EQUITY LTD,2009-04-20,2007-07-03,CANONICAL_MAPPED,webbsite_full.sqlite/participants
webb_ccass,87,B01308,ccass:B01308,M&F ASSET MANAGEMENT LTD,2022-11-28,2007-06-26,CANONICAL_MAPPED,webbsite_full.sqlite/participants
webb_ccass,88,B01310,ccass:B01310,TUNG TAK SECURITIES (H.K.) CO LTD,2009-04-20,2007-06-26,CANONICAL_MAPPED,webbsite_full.sqlite/participants
webb_ccass,89,B01318,ccass:B01318,OKASAN INTERNATIONAL (ASIA) LTD,2009-04-20,2007-06-26,CANONICAL_MAPPED,webbsite_full.sqlite/participants
webb_ccass,90,B01320,ccass:B01320,LUEN FAT SECURITIES CO LTD,2009-04-20,2007-06-26,CANONICAL_MAPPED,webbsite_full.sqlite/participants
webb_ccass,91,B01322,ccass:B01322,WATON SECURITIES INTERNATIONAL LIMITED,2022-12-22,2007-06-26,CANONICAL_MAPPED,webbsite_full.sqlite/participants
webb_ccass,92,B01323,ccass:B01323,DEUTSCHE SECURITIES ASIA LTD,2009-04-20,2007-06-26,CANONICAL_MAPPED,webbsite_full.sqlite/participants
webb_ccass,93,B01324,ccass:B01324,FUNDERSTONE SECURITIES LTD,2019-06-12,2007-06-26,CANONICAL_MAPPED,webbsite_full.sqlite/participants
webb_ccass,94,B01326,ccass:B01326,KING SUN SECURITIES LTD,2024-10-21,2007-06-26,CANONICAL_MAPPED,webbsite_full.sqlite/participants
webb_ccass,95,B01328,ccass:B01328,BAN HIN SECURITIES CO LTD,2009-04-20,2007-06-26,CANONICAL_MAPPED,webbsite_full.sqlite/participants
webb_ccass,96,B01329,ccass:B01329,BLOOMYEARS LTD,2009-04-20,2007-06-26,CANONICAL_MAPPED,webbsite_full.sqlite/participants
webb_ccass,97,B01330,ccass:B01330,NOMURA SECURITIES (HK) LTD,2009-04-20,2007-06-26,CANONICAL_MAPPED,webbsite_full.sqlite/participants
webb_ccass,98,B01338,ccass:B01338,EMPEROR SECURITIES LTD,2009-04-20,2007-06-26,CANONICAL_MAPPED,webbsite_full.sqlite/participants
webb_ccass,99,B01340,ccass:B01340,LEHIN SECURITIES LTD,2009-04-20,2007-06-26,CANONICAL_MAPPED,webbsite_full.sqlite/participants
webb_ccass,100,B01341,ccass:B01341,TUNG TAI SECURITIES CO LTD,2009-04-20,2007-06-26,CANONICAL_MAPPED,webbsite_full.sqlite/participants
webb_ccass,101,B01342,ccass:B01342,WAH THAI SECURITIES LTD,2009-04-20,2007-06-26,CANONICAL_MAPPED,webbsite_full.sqlite/participants
webb_ccass,102,B01343,ccass:B01343,CELETIO INVESTMENTS LTD,2009-04-20,2007-06-26,CANONICAL_MAPPED,webbsite_full.sqlite/participants
webb_ccass,103,B01345,ccass:B01345,PHILLIP SECURITIES (HONG KONG) LTD,2009-04-20,2007-06-26,CANONICAL_MAPPED,webbsite_full.sqlite/participants
webb_ccass,104,B01346,ccass:B01346,CHINA PACIFIC SECURITIES LTD,2009-04-20,2007-06-26,CANONICAL_MAPPED,webbsite_full.sqlite/participants
webb_ccass,105,B01347,ccass:B01347,CGS INTERNATIONAL SECURITIES HK LTD,2024-04-08,2007-06-26,CANONICAL_MAPPED,webbsite_full.sqlite/participants
webb_ccass,106,B01350,ccass:B01350,S. W. WOO & CO LTD,2009-04-20,2007-06-26,CANONICAL_MAPPED,webbsite_full.sqlite/participants
webb_ccass,107,B01351,ccass:B01351,WING FUNG SECURITIES LTD,2009-04-20,2007-06-26,CANONICAL_MAPPED,webbsite_full.sqlite/participants
webb_ccass,108,B01353,ccass:B01353,UOB KAY HIAN (HONG KONG) LTD,2009-04-20,2007-06-26,CANONICAL_MAPPED,webbsite_full.sqlite/participants
webb_ccass,109,B01355,ccass:B01355,CHINA EVERBRIGHT SECURITIES (HK) LTD,2009-04-20,2007-06-26,CANONICAL_MAPPED,webbsite_full.sqlite/participants
webb_ccass,110,B01356,ccass:B01356,DELTA ASIA SECURITIES LTD,2009-04-20,2007-06-26,CANONICAL_MAPPED,webbsite_full.sqlite/participants
webb_ccass,111,B01362,ccass:B01362,JOSPA INVESTMENT CO LTD,2009-04-20,2007-06-26,CANONICAL_MAPPED,webbsite_full.sqlite/participants
webb_ccass,112,B01368,ccass:B01368,CORRINGTON SECURITIES & INVESTMENT LTD,2009-04-20,2007-06-26,CANONICAL_MAPPED,webbsite_full.sqlite/participants
webb_ccass,113,B01372,ccass:B01372,FIRST WORLDSEC SECURITIES LTD,2009-04-20,2007-06-26,CANONICAL_MAPPED,webbsite_full.sqlite/participants
webb_ccass,114,B01373,ccass:B01373,CHRISTFUND SECURITIES LTD,2009-04-20,2007-06-26,CANONICAL_MAPPED,webbsite_full.sqlite/participants
webb_ccass,115,B01374,ccass:B01374,PO LEE SECURITIES LTD,2016-07-19,2007-06-26,CANONICAL_MAPPED,webbsite_full.sqlite/participants
webb_ccass,116,B01375,ccass:B01375,AVEREST CAPITAL LTD,2018-07-03,2007-06-26,CANONICAL_MAPPED,webbsite_full.sqlite/participants
webb_ccass,117,B01376,ccass:B01376,PUBLIC SECURITIES LTD,2009-04-20,2007-06-26,CANONICAL_MAPPED,webbsite_full.sqlite/participants
webb_ccass,118,B01383,ccass:B01383,RICH PLEASURE SECURITIES LTD,2009-04-20,2007-06-26,CANONICAL_MAPPED,webbsite_full.sqlite/participants
webb_ccass,119,B01385,ccass:B01385,FAIRWIN BROKING LTD,2009-04-20,2007-06-26,CANONICAL_MAPPED,webbsite_full.sqlite/participants
webb_ccass,120,B01386,ccass:B01386,SBI CHINA CAPITAL FINANCIAL SERVICES LTD,2014-05-27,2007-06-26,CANONICAL_MAPPED,webbsite_full.sqlite/participants
webb_ccass,121,B01387,ccass:B01387,LUEN HING SECURITIES LTD,2009-04-20,2007-06-26,CANONICAL_MAPPED,webbsite_full.sqlite/participants
webb_ccass,122,B01389,ccass:B01389,ZHONGRONG PT SECURITIES LTD,2017-06-09,2007-06-26,CANONICAL_MAPPED,webbsite_full.sqlite/participants
webb_ccass,123,B01391,ccass:B01391,KAY YUE SECURITIES CO LTD,2009-04-20,2007-06-26,CANONICAL_MAPPED,webbsite_full.sqlite/participants
webb_ccass,124,B01392,ccass:B01392,TAIFAIR SECURITIES LTD,2009-04-20,2007-06-26,CANONICAL_MAPPED,webbsite_full.sqlite/participants
webb_ccass,125,B01400,ccass:B01400,GLOBAL CREDIT SECURITIES LTD,2009-04-20,2007-06-26,CANONICAL_MAPPED,webbsite_full.sqlite/participants
webb_ccass,126,B01401,ccass:B01401,MEGABASE SECURITIES LTD,2009-04-20,2007-06-26,CANONICAL_MAPPED,webbsite_full.sqlite/participants
webb_ccass,127,B01402,ccass:B01402,PHOENIX CAPITAL SECURITIES LTD,2009-04-20,2007-06-26,CANONICAL_MAPPED,webbsite_full.sqlite/participants
webb_ccass,128,B01403,ccass:B01403,QUEST STOCKBROKERS (HK) LTD,2009-04-20,2007-06-26,CANONICAL_MAPPED,webbsite_full.sqlite/participants
webb_ccass,129,B01404,ccass:B01404,HONG KONG STOCK LINK SECURITIES LTD,2014-07-09,2007-06-26,CANONICAL_MAPPED,webbsite_full.sqlite/participants
webb_ccass,130,B01406,ccass:B01406,CHINA SECURITIES HOLDINGS LTD,2012-04-20,2007-06-26,CANONICAL_MAPPED,webbsite_full.sqlite/participants
webb_ccass,131,B01407,ccass:B01407,WIN WONG SECURITIES LTD,2009-04-20,2007-06-26,CANONICAL_MAPPED,webbsite_full.sqlite/participants
webb_ccass,132,B01410,ccass:B01410,WINGS SECURITIES (HK) LTD,2020-10-23,2007-06-26,CANONICAL_MAPPED,webbsite_full.sqlite/participants
webb_ccass,133,B01413,ccass:B01413,CORE PACIFIC - YAMAICHI INTERNATIONAL,2016-07-04,2007-06-26,CANONICAL_MAPPED,webbsite_full.sqlite/participants
webb_ccass,134,B01414,ccass:B01414,EVERHOT SECURITIES LTD,2009-04-20,2007-06-26,CANONICAL_MAPPED,webbsite_full.sqlite/participants
webb_ccass,135,B01415,ccass:B01415,TARZAN STOCK & SHARES LTD,2009-04-20,2007-06-26,CANONICAL_MAPPED,webbsite_full.sqlite/participants
webb_ccass,136,B01416,ccass:B01416,VC BROKERAGE LTD,2009-04-20,2007-06-26,CANONICAL_MAPPED,webbsite_full.sqlite/participants
webb_ccass,137,B01417,ccass:B01417,CHEE TAK SECURITIES LTD,2009-04-20,2007-06-26,CANONICAL_MAPPED,webbsite_full.sqlite/participants
webb_ccass,138,B01420,ccass:B01420,A ONE INVESTMENT CO LTD,2009-04-20,2007-06-26,CANONICAL_MAPPED,webbsite_full.sqlite/participants
webb_ccass,139,B01421,ccass:B01421,ONEPLATFORM SECURITIES LTD,2020-11-23,2007-06-26,CANONICAL_MAPPED,webbsite_full.sqlite/participants
webb_ccass,140,B01423,ccass:B01423,PRUDENTIAL BROKERAGE LTD,2009-04-20,2007-06-26,CANONICAL_MAPPED,webbsite_full.sqlite/participants
webb_ccass,141,B01424,ccass:B01424,INTERCHINA SECURITIES LTD,2009-04-20,2007-06-26,CANONICAL_MAPPED,webbsite_full.sqlite/participants
webb_ccass,142,B01425,ccass:B01425,WELLFULL SECURITIES CO LTD,2009-04-20,2007-06-26,CANONICAL_MAPPED,webbsite_full.sqlite/participants
webb_ccass,143,B01426,ccass:B01426,YEE FAT SECURITIES CO LTD,2009-04-20,2007-06-26,CANONICAL_MAPPED,webbsite_full.sqlite/participants
webb_ccass,144,B01427,ccass:B01427,TSE'S SECURITIES LTD,2024-01-02,2007-06-26,CANONICAL_MAPPED,webbsite_full.sqlite/participants
webb_ccass,145,B01428,ccass:B01428,HIP HING SECURITIES LTD,2009-04-20,2007-06-26,CANONICAL_MAPPED,webbsite_full.sqlite/participants
webb_ccass,146,B01430,ccass:B01430,CITIGROUP GLOBAL MARKETS ASIA LTD,2009-04-20,2007-06-26,CANONICAL_MAPPED,webbsite_full.sqlite/participants
webb_ccass,147,B01433,ccass:B01433,HING WAI ALLIED SECURITIES LTD,2009-04-20,2007-06-26,CANONICAL_MAPPED,webbsite_full.sqlite/participants
webb_ccass,148,B01434,ccass:B01434,BEEVEST SECURITIES LTD,2017-04-03,2007-06-26,CANONICAL_MAPPED,webbsite_full.sqlite/participants
webb_ccass,149,B01437,ccass:B01437,SINO CAPITAL SECURITIES LTD,2018-03-15,2007-06-26,CANONICAL_MAPPED,webbsite_full.sqlite/participants
webb_ccass,150,B01438,ccass:B01438,KINGSTON SECURITIES LTD,2009-04-20,2007-06-26,CANONICAL_MAPPED,webbsite_full.sqlite/participants
webb_ccass,151,B01439,ccass:B01439,TAI TAK SECURITIES (ASIA) LTD,2009-04-20,2007-06-26,CANONICAL_MAPPED,webbsite_full.sqlite/participants
webb_ccass,152,B01440,ccass:B01440,HOU TAK SECURITIES LTD,2009-04-20,2007-06-26,CANONICAL_MAPPED,webbsite_full.sqlite/participants
webb_ccass,153,B01443,ccass:B01443,YING WAH SECURITIES CO LTD,2009-04-20,2007-06-26,CANONICAL_MAPPED,webbsite_full.sqlite/participants
webb_ccass,154,B01444,ccass:B01444,YUEXING SECURITIES COMPANY LTD,2022-12-15,2007-06-26,CANONICAL_MAPPED,webbsite_full.sqlite/participants
webb_ccass,155,B01445,ccass:B01445,VICTORY SECURITIES CO LTD,2009-04-20,2007-06-26,CANONICAL_MAPPED,webbsite_full.sqlite/participants
webb_ccass,156,B01447,ccass:B01447,BETA INTERNATIONAL SECURITIES LIMITED,2024-03-13,2007-06-26,CANONICAL_MAPPED,webbsite_full.sqlite/participants
webb_ccass,157,B01450,ccass:B01450,DL BROKERAGE LTD,2009-04-20,2007-06-26,CANONICAL_MAPPED,webbsite_full.sqlite/participants
webb_ccass,158,B01451,ccass:B01451,GOLDMAN SACHS (ASIA) SECURITIES LTD,2009-04-20,2007-07-04,CANONICAL_MAPPED,webbsite_full.sqlite/participants
webb_ccass,159,B01454,ccass:B01454,HAO TIAN INTERNATIONAL SECURITIES LTD,2017-03-24,2007-06-26,CANONICAL_MAPPED,webbsite_full.sqlite/participants
webb_ccass,160,B01455,ccass:B01455,NATIONAL RESOURCES SECURITIES LTD,2009-04-20,2007-06-26,CANONICAL_MAPPED,webbsite_full.sqlite/participants
webb_ccass,161,B01457,ccass:B01457,MARS SECURITIES CO LTD,2009-04-20,2007-06-26,CANONICAL_MAPPED,webbsite_full.sqlite/participants
webb_ccass,162,B01458,ccass:B01458,YICKO SECURITIES LTD,2009-04-20,2007-06-26,CANONICAL_MAPPED,webbsite_full.sqlite/participants
webb_ccass,163,B01459,ccass:B01459,IFAST SECURITIES (HK) LTD,2016-03-10,2007-06-26,CANONICAL_MAPPED,webbsite_full.sqlite/participants
webb_ccass,164,B01460,ccass:B01460,BERICH BROKERAGE LTD,2009-04-20,2007-06-26,CANONICAL_MAPPED,webbsite_full.sqlite/participants
webb_ccass,165,B01462,ccass:B01462,MANGO FINANCIAL LTD,2023-01-20,2007-06-26,CANONICAL_MAPPED,webbsite_full.sqlite/participants
webb_ccass,166,B01463,ccass:B01463,KGI WEALTH MANAGEMENT LTD,2010-01-04,2007-06-26,CANONICAL_MAPPED,webbsite_full.sqlite/participants
webb_ccass,167,B01464,ccass:B01464,PIPER JAFFRAY ASIA SECURITIES LTD,2009-04-20,2007-06-26,CANONICAL_MAPPED,webbsite_full.sqlite/participants
webb_ccass,168,B01466,ccass:B01466,DAOKOU SECURITIES LTD,2025-06-20,2007-06-26,CANONICAL_MAPPED,webbsite_full.sqlite/participants
webb_ccass,169,B01467,ccass:B01467,STAR SECURITIES LTD,2009-04-20,2007-06-26,CANONICAL_MAPPED,webbsite_full.sqlite/participants
webb_ccass,170,B01469,ccass:B01469,KAISER SECURITIES LTD,2009-04-20,2007-06-26,CANONICAL_MAPPED,webbsite_full.sqlite/participants
webb_ccass,171,B01470,ccass:B01470,HUNG SING SECURITIES LTD,2009-04-20,2007-06-26,CANONICAL_MAPPED,webbsite_full.sqlite/participants
webb_ccass,172,B01472,ccass:B01472,SUN GROWTH SECURITIES LTD,2009-04-20,2007-06-26,CANONICAL_MAPPED,webbsite_full.sqlite/participants
webb_ccass,173,B01473,ccass:B01473,SUNNY WORLD INVESTMENT LTD,2009-04-20,2007-06-26,CANONICAL_MAPPED,webbsite_full.sqlite/participants
webb_ccass,174,B01477,ccass:B01477,FT SECURITIES LTD,2011-07-22,2007-06-26,CANONICAL_MAPPED,webbsite_full.sqlite/participants
webb_ccass,175,B01478,ccass:B01478,GOLDBRIDGE SECURITIES LTD,2019-09-02,2007-06-26,CANONICAL_MAPPED,webbsite_full.sqlite/participants
webb_ccass,176,B01481,ccass:B01481,NEW REGION SECURITIES CO LTD,2017-04-26,2007-06-26,CANONICAL_MAPPED,webbsite_full.sqlite/participants
webb_ccass,177,B01483,ccass:B01483,BULLISH SECURITIES LTD,2009-04-20,2007-06-26,CANONICAL_MAPPED,webbsite_full.sqlite/participants
webb_ccass,178,B01487,ccass:B01487,CHINA RENAISSANCE BROKING SERVICES (HONG,2019-08-29,2007-06-26,CANONICAL_MAPPED,webbsite_full.sqlite/participants
webb_ccass,179,B01489,ccass:B01489,GRAND CARTEL SECURITIES CO LTD,2015-02-10,2007-06-26,CANONICAL_MAPPED,webbsite_full.sqlite/participants
webb_ccass,180,B01490,ccass:B01490,HSBC SECURITIES BROKERS (ASIA) LTD,2009-04-20,2007-06-26,CANONICAL_MAPPED,webbsite_full.sqlite/participants
webb_ccass,181,B01491,ccass:B01491,CREDIT SUISSE SECURITIES (HONG KONG) LTD,2009-04-20,2007-06-26,CANONICAL_MAPPED,webbsite_full.sqlite/participants
webb_ccass,182,B01492,ccass:B01492,KAM WAH SECURITIES LTD,2009-04-20,2007-06-26,CANONICAL_MAPPED,webbsite_full.sqlite/participants
webb_ccass,183,B01493,ccass:B01493,YARDLEY SECURITIES LTD,2009-04-20,2007-06-26,CANONICAL_MAPPED,webbsite_full.sqlite/participants
webb_ccass,184,B01494,ccass:B01494,AUDREY CHOW SECURITIES LTD,2009-04-20,2007-06-26,CANONICAL_MAPPED,webbsite_full.sqlite/participants
webb_ccass,185,B01497,ccass:B01497,SINOPAC SECURITIES (ASIA) LTD,2009-04-20,2007-06-26,CANONICAL_MAPPED,webbsite_full.sqlite/participants
webb_ccass,186,B01500,ccass:B01500,D.J. SECURITIES LTD,2009-04-20,2007-06-26,CANONICAL_MAPPED,webbsite_full.sqlite/participants
webb_ccass,187,B01501,ccass:B01501,GOLDRIDE SECURITIES LTD,2009-04-20,2007-06-26,CANONICAL_MAPPED,webbsite_full.sqlite/participants
webb_ccass,188,B01505,ccass:B01505,SHACOM SECURITIES LTD,2009-04-20,2007-06-26,CANONICAL_MAPPED,webbsite_full.sqlite/participants
webb_ccass,189,B01506,ccass:B01506,BEAR STEARNS ASIA LTD,2009-04-20,2007-06-26,CANONICAL_MAPPED,webbsite_full.sqlite/participants
webb_ccass,190,B01508,ccass:B01508,SOUTHWEST SECURITIES (HK) BROKERAGE LTD,2015-05-29,2007-06-26,CANONICAL_MAPPED,webbsite_full.sqlite/participants
webb_ccass,191,B01509,ccass:B01509,UNICORN SECURITIES CO LTD,2009-04-20,2007-06-26,CANONICAL_MAPPED,webbsite_full.sqlite/participants
webb_ccass,192,B01510,ccass:B01510,ORIENTAL PATRON SECURITIES LTD,2009-04-20,2007-06-26,CANONICAL_MAPPED,webbsite_full.sqlite/participants
webb_ccass,193,B01511,ccass:B01511,TAT LEE SECURITIES CO LTD,2009-04-20,2007-06-26,CANONICAL_MAPPED,webbsite_full.sqlite/participants
webb_ccass,194,B01514,ccass:B01514,KARL-THOMSON SECURITIES CO LTD,2009-04-20,2007-06-26,CANONICAL_MAPPED,webbsite_full.sqlite/participants
webb_ccass,195,B01519,ccass:B01519,GOOD HARVEST SECURITIES CO LTD,2009-04-20,2007-06-26,CANONICAL_MAPPED,webbsite_full.sqlite/participants
webb_ccass,196,B01520,ccass:B01520,NORTH SEA SECURITIES LTD,2009-04-20,2007-06-26,CANONICAL_MAPPED,webbsite_full.sqlite/participants
webb_ccass,197,B01521,ccass:B01521,CHAN NGOK MING SECURITIES LTD,2009-04-20,2007-06-26,CANONICAL_MAPPED,webbsite_full.sqlite/participants
webb_ccass,198,B01522,ccass:B01522,CHUANGS & CO LTD,2009-04-20,2007-06-26,CANONICAL_MAPPED,webbsite_full.sqlite/participants
webb_ccass,199,B01523,ccass:B01523,EVER-LONG SECURITIES CO LTD,2009-04-20,2007-06-26,CANONICAL_MAPPED,webbsite_full.sqlite/participants
webb_ccass,200,B01524,ccass:B01524,GOLDEN HILL INVESTMENT CO LTD,2009-04-20,2007-06-26,CANONICAL_MAPPED,webbsite_full.sqlite/participants
webb_ccass,201,B01525,ccass:B01525,KEE CHEONG SECURITIES CO LTD,2009-04-20,2007-06-26,CANONICAL_MAPPED,webbsite_full.sqlite/participants
webb_ccass,202,B01527,ccass:B01527,NITTAN SECURITIES ASIA LTD,2010-06-07,2007-06-26,CANONICAL_MAPPED,webbsite_full.sqlite/participants
webb_ccass,203,B01528,ccass:B01528,EAA SECURITIES LTD,2009-04-20,2007-06-26,CANONICAL_MAPPED,webbsite_full.sqlite/participants
webb_ccass,204,B01530,ccass:B01530,FULLJET SECURITIES LTD,2009-04-20,2007-06-26,CANONICAL_MAPPED,webbsite_full.sqlite/participants
webb_ccass,205,B01531,ccass:B01531,LAU & CO LTD,2009-04-20,2007-06-26,CANONICAL_MAPPED,webbsite_full.sqlite/participants
webb_ccass,206,B01535,ccass:B01535,WING YEE SECURITIES CO LTD,2009-04-20,2007-06-26,CANONICAL_MAPPED,webbsite_full.sqlite/participants
webb_ccass,207,B01538,ccass:B01538,MORTON SECURITIES LTD,2016-07-21,2007-06-26,CANONICAL_MAPPED,webbsite_full.sqlite/participants
webb_ccass,208,B01540,ccass:B01540,UPBEST SECURITIES CO LTD,2009-04-20,2007-06-26,CANONICAL_MAPPED,webbsite_full.sqlite/participants
webb_ccass,209,B01543,ccass:B01543,KWONG FAT HONG (SECURITIES) LTD,2009-04-20,2007-06-26,CANONICAL_MAPPED,webbsite_full.sqlite/participants
webb_ccass,210,B01545,ccass:B01545,TUNG SHING SECURITIES (BROKERS) LTD,2010-04-29,2007-06-26,CANONICAL_MAPPED,webbsite_full.sqlite/participants
webb_ccass,211,B01546,ccass:B01546,WO FUNG SECURITIES CO LTD,2009-04-20,2007-06-26,CANONICAL_MAPPED,webbsite_full.sqlite/participants
webb_ccass,212,B01547,ccass:B01547,KWOK HING SECURITIES LTD,2009-04-20,2007-06-26,CANONICAL_MAPPED,webbsite_full.sqlite/participants
webb_ccass,213,B01550,ccass:B01550,HUAYU SECURITIES LTD,2018-04-17,2007-06-26,CANONICAL_MAPPED,webbsite_full.sqlite/participants
webb_ccass,214,B01551,ccass:B01551,YUE XIU SECURITIES CO LTD,2009-04-20,2007-06-26,CANONICAL_MAPPED,webbsite_full.sqlite/participants
webb_ccass,215,B01552,ccass:B01552,CARRIER STOCK INVESTMENT CO LTD,2009-04-20,2007-06-26,CANONICAL_MAPPED,webbsite_full.sqlite/participants
webb_ccass,216,B01554,ccass:B01554,MACQUARIE EQUITIES (ASIA) LTD,2009-04-20,2007-06-26,CANONICAL_MAPPED,webbsite_full.sqlite/participants
webb_ccass,217,B01555,ccass:B01555,ABN AMRO CLEARING HONG KONG LTD,2010-07-14,2007-06-26,CANONICAL_MAPPED,webbsite_full.sqlite/participants
webb_ccass,218,B01556,ccass:B01556,LUK FOOK SECURITIES (HK) LTD,2011-11-09,2007-06-26,CANONICAL_MAPPED,webbsite_full.sqlite/participants
webb_ccass,219,B01558,ccass:B01558,GOLD FUND SECURITIES CO LTD,2009-04-20,2007-06-26,CANONICAL_MAPPED,webbsite_full.sqlite/participants
webb_ccass,220,B01559,ccass:B01559,WISETRADE SECURITIES LTD,2024-04-09,2007-06-26,CANONICAL_MAPPED,webbsite_full.sqlite/participants
webb_ccass,221,B01563,ccass:B01563,XINKONG INTERNATIONAL SECURITIES LTD,2025-05-21,2007-06-26,CANONICAL_MAPPED,webbsite_full.sqlite/participants
webb_ccass,222,B01564,ccass:B01564,ABCI SECURITIES CO LTD,2010-04-29,2007-06-26,CANONICAL_MAPPED,webbsite_full.sqlite/participants
webb_ccass,223,B01565,ccass:B01565,GUOTAI JUNAN SECURITIES (HONG KONG) LTD,2009-04-20,2007-06-26,CANONICAL_MAPPED,webbsite_full.sqlite/participants
webb_ccass,224,B01566,ccass:B01566,K.K.M. SECURITIES LTD,2009-04-20,2007-06-26,CANONICAL_MAPPED,webbsite_full.sqlite/participants
webb_ccass,225,B01567,ccass:B01567,PRIME SECURITIES LTD,2009-04-20,2007-06-26,CANONICAL_MAPPED,webbsite_full.sqlite/participants
webb_ccass,226,B01568,ccass:B01568,SHUN LOONG SECURITIES CO LTD,2009-04-20,2007-06-26,CANONICAL_MAPPED,webbsite_full.sqlite/participants
webb_ccass,227,B01569,ccass:B01569,TANG PING KONG LTD,2009-04-20,2007-06-26,CANONICAL_MAPPED,webbsite_full.sqlite/participants
webb_ccass,228,B01570,ccass:B01570,GOLDENWAY SECURITIES CO LTD,2009-04-20,2007-06-26,CANONICAL_MAPPED,webbsite_full.sqlite/participants
webb_ccass,229,B01571,ccass:B01571,KARFORD SECURITIES LTD,2009-04-20,2007-06-26,CANONICAL_MAPPED,webbsite_full.sqlite/participants
webb_ccass,230,B01574,ccass:B01574,WADER SECURITIES CO LTD,2009-04-20,2007-06-26,CANONICAL_MAPPED,webbsite_full.sqlite/participants
webb_ccass,231,B01575,ccass:B01575,MASTER TRADEMORE SECURITIES LTD,2009-04-20,2007-06-26,CANONICAL_MAPPED,webbsite_full.sqlite/participants
webb_ccass,232,B01576,ccass:B01576,SIU ON SECURITIES LTD,2010-11-09,2007-06-26,CANONICAL_MAPPED,webbsite_full.sqlite/participants
webb_ccass,233,B01577,ccass:B01577,YF SECURITIES CO LTD,2009-04-20,2007-06-26,CANONICAL_MAPPED,webbsite_full.sqlite/participants
webb_ccass,234,B01579,ccass:B01579,APRICOT CAPITAL (HONG KONG) LTD,2025-06-30,2007-06-26,CANONICAL_MAPPED,webbsite_full.sqlite/participants
webb_ccass,235,B01580,ccass:B01580,OSHIDORI SECURITIES LTD,2020-12-11,2007-06-26,CANONICAL_MAPPED,webbsite_full.sqlite/participants
webb_ccass,236,B01581,ccass:B01581,KINGSWAY FINANCIAL SERVICES GROUP LTD,2009-04-20,2007-06-26,CANONICAL_MAPPED,webbsite_full.sqlite/participants
webb_ccass,237,B01582,ccass:B01582,THING ON SECURITIES LTD,2009-04-20,2007-06-26,CANONICAL_MAPPED,webbsite_full.sqlite/participants
webb_ccass,238,B01583,ccass:B01583,RESIDENTS SECURITIES LTD,2009-04-20,2007-06-26,CANONICAL_MAPPED,webbsite_full.sqlite/participants
webb_ccass,239,B01584,ccass:B01584,CHIEF SECURITIES LTD,2009-04-20,2007-06-26,CANONICAL_MAPPED,webbsite_full.sqlite/participants
webb_ccass,240,B01585,ccass:B01585,SINO GRADE SECURITIES LTD,2009-04-20,2007-06-26,CANONICAL_MAPPED,webbsite_full.sqlite/participants
webb_ccass,241,B01586,ccass:B01586,WHOLE WIN SECURITIES LTD,2009-04-20,2007-06-26,CANONICAL_MAPPED,webbsite_full.sqlite/participants
webb_ccass,242,B01588,ccass:B01588,LEI SHING HONG SECURITIES LTD,2009-04-20,2007-06-26,CANONICAL_MAPPED,webbsite_full.sqlite/participants
webb_ccass,243,B01590,ccass:B01590,INTERACTIVE BROKERS HONG KONG LTD,2015-02-27,2007-06-26,CANONICAL_MAPPED,webbsite_full.sqlite/participants
webb_ccass,244,B01592,ccass:B01592,PLATINUM BROKING CO LTD,2009-04-20,2007-06-26,CANONICAL_MAPPED,webbsite_full.sqlite/participants
webb_ccass,245,B01597,ccass:B01597,TIMES SECURITIES CO LTD,2009-04-20,2007-06-26,CANONICAL_MAPPED,webbsite_full.sqlite/participants
webb_ccass,246,B01599,ccass:B01599,POLARIS SECURITIES (HONG KONG) LTD,2009-04-20,2007-06-26,CANONICAL_MAPPED,webbsite_full.sqlite/participants
webb_ccass,247,B01600,ccass:B01600,THOMAS GLOBAL FINANCIAL SERVICES LTD,2017-02-09,2007-06-26,CANONICAL_MAPPED,webbsite_full.sqlite/participants
webb_ccass,248,B01601,ccass:B01601,CSC SECURITIES (HK) LTD,2009-04-20,2007-06-26,CANONICAL_MAPPED,webbsite_full.sqlite/participants
webb_ccass,249,B01604,ccass:B01604,WANHAI SECURITIES (HK) LTD,2024-07-05,2007-06-26,CANONICAL_MAPPED,webbsite_full.sqlite/participants
webb_ccass,250,B01605,ccass:B01605,ESSENCE INTERNATIONAL FINANCIAL HOLDINGS,2009-06-08,2007-06-26,CANONICAL_MAPPED,webbsite_full.sqlite/participants
webb_ccass,251,B01606,ccass:B01606,EWARTON SECURITIES LTD,2009-04-20,2007-06-26,CANONICAL_MAPPED,webbsite_full.sqlite/participants
webb_ccass,252,B01607,ccass:B01607,RHB SECURITIES HONG KONG LTD,2015-11-24,2007-06-26,CANONICAL_MAPPED,webbsite_full.sqlite/participants
webb_ccass,253,B01608,ccass:B01608,OPEN SECURITIES LTD,2022-10-27,2007-06-26,CANONICAL_MAPPED,webbsite_full.sqlite/participants
webb_ccass,254,B01609,ccass:B01609,WILBY SECURITIES LTD,2009-04-20,2007-06-26,CANONICAL_MAPPED,webbsite_full.sqlite/participants
webb_ccass,255,B01610,ccass:B01610,KGI ASIA LTD,2017-10-03,2007-06-26,CANONICAL_MAPPED,webbsite_full.sqlite/participants
webb_ccass,256,B01614,ccass:B01614,CHINA HONG KONG CAPITAL ASSET MANAGEMENT,2016-05-12,2007-06-26,CANONICAL_MAPPED,webbsite_full.sqlite/participants
webb_ccass,257,B01615,ccass:B01615,KAM FAI SECURITIES CO LTD,2009-04-20,2007-06-26,CANONICAL_MAPPED,webbsite_full.sqlite/participants
webb_ccass,258,B01619,ccass:B01619,TUNG WUI SECURITIES CO LTD,2009-04-20,2007-06-26,CANONICAL_MAPPED,webbsite_full.sqlite/participants
webb_ccass,259,B01620,ccass:B01620,VICTORY ENTERPRISES (INVESTMENT) LTD,2009-04-20,2007-06-26,CANONICAL_MAPPED,webbsite_full.sqlite/participants
webb_ccass,260,B01623,ccass:B01623,TAI FUNG KUENTAI SECURITIES CO LTD,2018-02-28,2007-06-26,CANONICAL_MAPPED,webbsite_full.sqlite/participants
webb_ccass,261,B01624,ccass:B01624,CHINA GUARD INVESTMENTS LTD,2009-04-20,2007-06-26,CANONICAL_MAPPED,webbsite_full.sqlite/participants
webb_ccass,262,B01625,ccass:B01625,METRO CAPITAL SECURITIES LTD,2009-04-20,2007-06-26,CANONICAL_MAPPED,webbsite_full.sqlite/participants
webb_ccass,263,B01627,ccass:B01627,SDHG INTERNATIONAL SECURITIES LTD,2023-02-07,2007-06-26,CANONICAL_MAPPED,webbsite_full.sqlite/participants
webb_ccass,264,B01630,ccass:B01630,ANLI SECURITIES LTD,2015-09-17,2007-06-26,CANONICAL_MAPPED,webbsite_full.sqlite/participants
webb_ccass,265,B01631,ccass:B01631,PLANETREE SECURITIES LTD,2020-06-03,2007-06-26,CANONICAL_MAPPED,webbsite_full.sqlite/participants
webb_ccass,266,B01632,ccass:B01632,WAI FAT SECURITIES LTD,2009-04-20,2007-06-26,CANONICAL_MAPPED,webbsite_full.sqlite/participants
webb_ccass,267,B01633,ccass:B01633,ENLIGHTEN SECURITIES LTD,2009-04-20,2007-06-26,CANONICAL_MAPPED,webbsite_full.sqlite/participants
webb_ccass,268,B01636,ccass:B01636,BUSINESS SECURITIES LTD,2009-04-20,2007-06-26,CANONICAL_MAPPED,webbsite_full.sqlite/participants
webb_ccass,269,B01638,ccass:B01638,KILMOREY SECURITIES LTD (IN LIQUIDATION),2025-11-06,2007-06-26,CANONICAL_MAPPED,webbsite_full.sqlite/participants
webb_ccass,270,B01640,ccass:B01640,BEIJING SECURITIES LTD,2010-10-20,2007-06-26,CANONICAL_MAPPED,webbsite_full.sqlite/participants
webb_ccass,271,B01641,ccass:B01641,FULL WIN SECURITIES LTD,2009-04-20,2007-06-26,CANONICAL_MAPPED,webbsite_full.sqlite/participants
webb_ccass,272,B01642,ccass:B01642,KMT SECURITIES LTD,2009-04-20,2007-06-26,CANONICAL_MAPPED,webbsite_full.sqlite/participants
webb_ccass,273,B01643,ccass:B01643,LAI PO HUNG & CO LTD,2009-04-20,2007-06-26,CANONICAL_MAPPED,webbsite_full.sqlite/participants
webb_ccass,274,B01645,ccass:B01645,SELINA & CO LTD,2009-04-20,2007-06-26,CANONICAL_MAPPED,webbsite_full.sqlite/participants
webb_ccass,275,B01646,ccass:B01646,TAI NING STOCK CO LTD,2009-04-20,2007-06-26,CANONICAL_MAPPED,webbsite_full.sqlite/participants
webb_ccass,276,B01647,ccass:B01647,TRUTH SECURITIES LTD,2009-04-20,2007-06-26,CANONICAL_MAPPED,webbsite_full.sqlite/participants
webb_ccass,277,B01648,ccass:B01648,STELLAR SECURITIES LTD,2021-04-28,2007-06-26,CANONICAL_MAPPED,webbsite_full.sqlite/participants
webb_ccass,278,B01649,ccass:B01649,CINDA INTERNATIONAL SECURITIES LTD,2009-04-20,2007-06-26,CANONICAL_MAPPED,webbsite_full.sqlite/participants
webb_ccass,279,B01650,ccass:B01650,KAM LUEN SECURITIES LTD,2009-04-20,2007-06-26,CANONICAL_MAPPED,webbsite_full.sqlite/participants
webb_ccass,280,B01651,ccass:B01651,MING HON SECURITIES LTD,2009-04-20,2007-06-26,CANONICAL_MAPPED,webbsite_full.sqlite/participants
webb_ccass,281,B01652,ccass:B01652,TIS SECURITIES (HK) LTD,2009-04-20,2007-06-26,CANONICAL_MAPPED,webbsite_full.sqlite/participants
webb_ccass,282,B01653,ccass:B01653,WAI MAN STOCK & SHARES CO LTD,2009-04-20,2007-06-26,CANONICAL_MAPPED,webbsite_full.sqlite/participants
webb_ccass,283,B01654,ccass:B01654,CHINA INTERNATIONAL CAPITAL CORPORATION,2009-04-20,2007-06-26,CANONICAL_MAPPED,webbsite_full.sqlite/participants
webb_ccass,284,B01657,ccass:B01657,JS CRESVALE SECURITIES INTERNATIONAL LTD,2009-04-20,2007-06-26,CANONICAL_MAPPED,webbsite_full.sqlite/participants
webb_ccass,285,B01658,ccass:B01658,DRAKE & MORGAN LTD,2009-04-20,2007-06-26,CANONICAL_MAPPED,webbsite_full.sqlite/participants
webb_ccass,286,B01659,ccass:B01659,CHEER UNION SECURITIES LTD,2009-04-20,2007-06-26,CANONICAL_MAPPED,webbsite_full.sqlite/participants
webb_ccass,287,B01660,ccass:B01660,"GRANSING SECURITIES CO., LIMITED",2025-09-19,2007-06-26,CANONICAL_MAPPED,webbsite_full.sqlite/participants
webb_ccass,288,B01661,ccass:B01661,HERMES SECURITIES LTD,2009-04-20,2007-06-26,CANONICAL_MAPPED,webbsite_full.sqlite/participants
webb_ccass,289,B01662,ccass:B01662,BOKHARY SECURITIES LTD,2009-04-20,2007-06-26,CANONICAL_MAPPED,webbsite_full.sqlite/participants
webb_ccass,290,B01664,ccass:B01664,ROOFER SECURITIES LTD,2009-04-20,2007-06-26,CANONICAL_MAPPED,webbsite_full.sqlite/participants
webb_ccass,291,B01665,ccass:B01665,WINSOME STOCK CO LTD,2009-04-20,2007-06-26,CANONICAL_MAPPED,webbsite_full.sqlite/participants
webb_ccass,292,B01666,ccass:B01666,GLORY SUN SECURITIES LTD,2019-05-10,2007-06-26,CANONICAL_MAPPED,webbsite_full.sqlite/participants
webb_ccass,293,B01668,ccass:B01668,BRIGHT SMART SECURITIES INTERNATIONAL,2009-04-20,2007-06-26,CANONICAL_MAPPED,webbsite_full.sqlite/participants
webb_ccass,294,B01669,ccass:B01669,FIRST SECURITIES (HK) LTD,2009-04-20,2007-06-26,CANONICAL_MAPPED,webbsite_full.sqlite/participants
webb_ccass,295,B01670,ccass:B01670,FUZE SECURITIES (INTERNATIONAL) LTD,2025-04-25,2007-06-26,CANONICAL_MAPPED,webbsite_full.sqlite/participants
webb_ccass,296,B01671,ccass:B01671,AEVITAS SECURITIES LTD,2018-06-08,2007-06-26,CANONICAL_MAPPED,webbsite_full.sqlite/participants
webb_ccass,297,B01672,ccass:B01672,WORLDWIDE BROKERAGE LTD,2009-04-20,2007-06-26,CANONICAL_MAPPED,webbsite_full.sqlite/participants
webb_ccass,298,B01673,ccass:B01673,FULBRIGHT SECURITIES LTD,2009-04-20,2007-06-26,CANONICAL_MAPPED,webbsite_full.sqlite/participants
webb_ccass,299,B01674,ccass:B01674,HONGKONG BAY SECURITIES LTD,2020-06-19,2007-06-26,CANONICAL_MAPPED,webbsite_full.sqlite/participants
webb_ccass,300,B01676,ccass:B01676,TAI SHING STOCK INVESTMENT CO LTD,2009-04-20,2007-06-26,CANONICAL_MAPPED,webbsite_full.sqlite/participants
webb_ccass,301,B01677,ccass:B01677,ANUENUE SECURITIES LTD,2019-12-18,2007-06-26,CANONICAL_MAPPED,webbsite_full.sqlite/participants
webb_ccass,302,B01678,ccass:B01678,GLS SECURITIES LTD,2009-04-20,2007-06-26,CANONICAL_MAPPED,webbsite_full.sqlite/participants
webb_ccass,303,B01679,ccass:B01679,TAI FUNG SECURITIES LTD,2009-04-20,2007-06-26,CANONICAL_MAPPED,webbsite_full.sqlite/participants
webb_ccass,304,B01680,ccass:B01680,SUCCESS SECURITIES LTD,2009-04-20,2007-06-26,CANONICAL_MAPPED,webbsite_full.sqlite/participants
webb_ccass,305,B01684,ccass:B01684,WANG ON SECURITIES LTD,2024-12-23,2007-06-26,CANONICAL_MAPPED,webbsite_full.sqlite/participants
webb_ccass,306,B01685,ccass:B01685,ARK SECURITIES (HONG KONG) LTD,2025-04-09,2007-06-26,CANONICAL_MAPPED,webbsite_full.sqlite/participants
webb_ccass,307,B01686,ccass:B01686,FIRST SHANGHAI SECURITIES LTD,2009-04-20,2007-06-26,CANONICAL_MAPPED,webbsite_full.sqlite/participants
webb_ccass,308,B01691,ccass:B01691,GREATER CHINA SECURITIES LTD,2019-02-12,2007-06-26,CANONICAL_MAPPED,webbsite_full.sqlite/participants
webb_ccass,309,B01692,ccass:B01692,SMBC NIKKO SECURITIES (HONG KONG) LTD,2010-12-09,2007-06-26,CANONICAL_MAPPED,webbsite_full.sqlite/participants
webb_ccass,310,B01694,ccass:B01694,MINERVA HOLDING FINANCIAL SECURITIES LTD,2024-01-19,2007-06-26,CANONICAL_MAPPED,webbsite_full.sqlite/participants
webb_ccass,311,B01695,ccass:B01695,DAH SING SECURITIES LTD,2009-04-20,2007-06-26,CANONICAL_MAPPED,webbsite_full.sqlite/participants
webb_ccass,312,B01696,ccass:B01696,HANTEC SECURITIES CO LTD,2009-04-20,2007-06-26,CANONICAL_MAPPED,webbsite_full.sqlite/participants
webb_ccass,313,B01698,ccass:B01698,LUEN SING SECURITIES LTD,2009-04-20,2007-06-26,CANONICAL_MAPPED,webbsite_full.sqlite/participants
webb_ccass,314,B01699,ccass:B01699,MASTERLINK SECURITIES (HONG KONG),2009-04-20,2007-06-26,CANONICAL_MAPPED,webbsite_full.sqlite/participants
webb_ccass,315,B01700,ccass:B01700,REALINK FINANCIAL TRADE LTD,2011-06-02,2007-06-26,CANONICAL_MAPPED,webbsite_full.sqlite/participants
webb_ccass,316,B01702,ccass:B01702,BLACK MARBLE SECURITIES LTD,2015-08-25,2007-06-26,CANONICAL_MAPPED,webbsite_full.sqlite/participants
webb_ccass,317,B01704,ccass:B01704,JVSAKK ASIA LTD,2012-12-14,2007-06-26,CANONICAL_MAPPED,webbsite_full.sqlite/participants
webb_ccass,318,B01705,ccass:B01705,HENIK SECURITIES LTD,2009-04-20,2007-06-26,CANONICAL_MAPPED,webbsite_full.sqlite/participants
webb_ccass,319,B01706,ccass:B01706,MAN HON YEUNG SECURITIES LTD,2009-04-20,2007-06-26,CANONICAL_MAPPED,webbsite_full.sqlite/participants
webb_ccass,320,B01708,ccass:B01708,ROSA SECURITIES LTD,2009-04-20,2007-06-26,CANONICAL_MAPPED,webbsite_full.sqlite/participants
webb_ccass,321,B01709,ccass:B01709,RPS INVESTMENT LTD,2009-04-20,2007-06-26,CANONICAL_MAPPED,webbsite_full.sqlite/participants
webb_ccass,322,B01710,ccass:B01710,SINO-RICH SECURITIES & FUTURES LTD,2016-12-01,2007-06-26,CANONICAL_MAPPED,webbsite_full.sqlite/participants
webb_ccass,324,B01712,ccass:B01712,WAH SANG SECURITIES LTD,2009-04-20,2007-06-26,CANONICAL_MAPPED,webbsite_full.sqlite/participants
webb_ccass,325,B01714,ccass:B01714,HEAD & SHOULDERS SECURITIES LTD,2009-04-20,2007-06-26,CANONICAL_MAPPED,webbsite_full.sqlite/participants
webb_ccass,326,B01715,ccass:B01715,PRESIDENT SECURITIES (HONG KONG) LTD,2009-04-20,2007-06-26,CANONICAL_MAPPED,webbsite_full.sqlite/participants
webb_ccass,327,B01716,ccass:B01716,ORIENT SECURITIES LTD,2009-04-20,2007-06-26,CANONICAL_MAPPED,webbsite_full.sqlite/participants
webb_ccass,328,B01717,ccass:B01717,GOLDIN EQUITIES LTD,2009-04-20,2007-06-26,CANONICAL_MAPPED,webbsite_full.sqlite/participants
webb_ccass,329,B01720,ccass:B01720,NORMAN KONG SECURITIES CO LTD,2009-04-20,2007-06-26,CANONICAL_MAPPED,webbsite_full.sqlite/participants
webb_ccass,330,B01721,ccass:B01721,HUA NAN SECURITIES (HK) LTD,2009-04-20,2007-06-26,CANONICAL_MAPPED,webbsite_full.sqlite/participants
webb_ccass,331,B01722,ccass:B01722,CTW SECURITIES LTD,2009-04-20,2007-06-26,CANONICAL_MAPPED,webbsite_full.sqlite/participants
webb_ccass,332,B01724,ccass:B01724,RAMON INVESTMENT CO LTD,2009-04-20,2007-06-26,CANONICAL_MAPPED,webbsite_full.sqlite/participants
webb_ccass,333,B01725,ccass:B01725,GT CAPITAL LTD,2009-04-20,2007-06-26,CANONICAL_MAPPED,webbsite_full.sqlite/participants
webb_ccass,334,B01726,ccass:B01726,C.P. SECURITIES INTERNATIONAL LTD,2016-09-02,2007-06-26,CANONICAL_MAPPED,webbsite_full.sqlite/participants
webb_ccass,335,B01727,ccass:B01727,ICBC (ASIA) SECURITIES LTD,2009-04-20,2007-06-26,CANONICAL_MAPPED,webbsite_full.sqlite/participants
webb_ccass,336,B01728,ccass:B01728,AJ SECURITIES LTD,2017-11-24,2007-06-26,CANONICAL_MAPPED,webbsite_full.sqlite/participants
webb_ccass,337,B01729,ccass:B01729,GRIT SECURITIES LTD,2023-11-23,2007-06-26,CANONICAL_MAPPED,webbsite_full.sqlite/participants
webb_ccass,338,B01730,ccass:B01730,CCB SECURITIES LTD,2009-04-20,2007-06-26,CANONICAL_MAPPED,webbsite_full.sqlite/participants
webb_ccass,339,B01731,ccass:B01731,SHUN HENG SECURITIES LTD,2009-04-20,2007-06-26,CANONICAL_MAPPED,webbsite_full.sqlite/participants
webb_ccass,340,B01732,ccass:B01732,WINTECH SECURITIES LTD,2009-04-20,2007-06-26,CANONICAL_MAPPED,webbsite_full.sqlite/participants
webb_ccass,341,B01733,ccass:B01733,GRAND CATHAY SECURITIES (HONG KONG) LTD,2009-04-20,2007-06-26,CANONICAL_MAPPED,webbsite_full.sqlite/participants
webb_ccass,342,B01734,ccass:B01734,KCG SECURITIES ASIA LTD,2009-04-20,2007-06-26,CANONICAL_MAPPED,webbsite_full.sqlite/participants
webb_ccass,343,B01737,ccass:B01737,DAIWA CAPITAL MARKETS TRADING HONG KONG,2010-11-25,2007-06-26,CANONICAL_MAPPED,webbsite_full.sqlite/participants
webb_ccass,344,B01738,ccass:B01738,CES CAPITAL INTERNATIONAL (HONG KONG) CO,2011-11-22,2007-06-26,CANONICAL_MAPPED,webbsite_full.sqlite/participants
webb_ccass,345,B01739,ccass:B01739,CHUNG LEE SECURITIES CO LTD,2009-04-20,2007-06-26,CANONICAL_MAPPED,webbsite_full.sqlite/participants
webb_ccass,346,B01740,ccass:B01740,WIN SECURITIES LTD,2021-10-21,2007-06-26,CANONICAL_MAPPED,webbsite_full.sqlite/participants
webb_ccass,347,B01741,ccass:B01741,SINOMAX SECURITIES LTD,2009-04-20,2007-06-26,CANONICAL_MAPPED,webbsite_full.sqlite/participants
webb_ccass,348,B01743,ccass:B01743,CEPA ALLIANCE SECURITIES LTD,2009-04-20,2007-06-26,CANONICAL_MAPPED,webbsite_full.sqlite/participants
webb_ccass,349,B01745,ccass:B01745,GUOCHUANG SECURITIES FINANCIAL HOLDING,2024-08-19,2007-06-26,CANONICAL_MAPPED,webbsite_full.sqlite/participants
webb_ccass,350,B01746,ccass:B01746,ITG HONG KONG LTD,2009-04-20,2007-06-26,CANONICAL_MAPPED,webbsite_full.sqlite/participants
webb_ccass,351,B01747,ccass:B01747,MERDEKA SECURITIES LTD,2020-01-21,2007-06-26,CANONICAL_MAPPED,webbsite_full.sqlite/participants
webb_ccass,352,B01748,ccass:B01748,COL SECURITIES (HK) LTD,2011-06-16,2007-06-26,CANONICAL_MAPPED,webbsite_full.sqlite/participants
webb_ccass,353,B01749,ccass:B01749,TANG KEE SECURITIES LTD,2009-04-20,2007-06-26,CANONICAL_MAPPED,webbsite_full.sqlite/participants
webb_ccass,354,B01750,ccass:B01750,POLARIS CAPITAL (ASIA) LTD,2009-04-20,2007-06-26,CANONICAL_MAPPED,webbsite_full.sqlite/participants
webb_ccass,355,B01751,ccass:B01751,IMAGI BROKERAGE LTD,2020-05-15,2007-06-26,CANONICAL_MAPPED,webbsite_full.sqlite/participants
webb_ccass,356,B01752,ccass:B01752,HOI SANG SECURITIES LTD,2009-04-20,2007-06-26,CANONICAL_MAPPED,webbsite_full.sqlite/participants
webb_ccass,357,B01753,ccass:B01753,FORTUNE (HK) SECURITIES LTD,2009-04-20,2007-06-26,CANONICAL_MAPPED,webbsite_full.sqlite/participants
webb_ccass,358,B01754,ccass:B01754,ASIA PACIFIC SECURITIES LTD,2025-03-26,2007-06-26,CANONICAL_MAPPED,webbsite_full.sqlite/participants
webb_ccass,359,B01755,ccass:B01755,T G SECURITIES LTD,2009-04-20,2007-06-26,CANONICAL_MAPPED,webbsite_full.sqlite/participants
webb_ccass,360,B01756,ccass:B01756,CHINA SKY SECURITIES LTD,2016-06-02,2007-06-26,CANONICAL_MAPPED,webbsite_full.sqlite/participants
webb_ccass,361,B01757,ccass:B01757,WING TAK SECURITIES LTD,2009-04-20,2007-06-26,CANONICAL_MAPPED,webbsite_full.sqlite/participants
webb_ccass,362,B01758,ccass:B01758,CHINA RESERVE SECURITIES LTD,2019-05-27,2007-06-26,CANONICAL_MAPPED,webbsite_full.sqlite/participants
webb_ccass,363,B01759,ccass:B01759,WINLAND WEALTH MANAGEMENT LTD,2015-02-02,2007-06-26,CANONICAL_MAPPED,webbsite_full.sqlite/participants
webb_ccass,364,B01761,ccass:B01761,KO'S BROTHER SECURITIES CO LTD,2009-04-20,2007-06-26,CANONICAL_MAPPED,webbsite_full.sqlite/participants
webb_ccass,365,B01762,ccass:B01762,DBS VICKERS (HONG KONG) LTD,2009-04-20,2007-06-26,CANONICAL_MAPPED,webbsite_full.sqlite/participants
webb_ccass,366,B01765,ccass:B01765,PROMISING SECURITIES CO LTD,2009-04-20,2007-06-26,CANONICAL_MAPPED,webbsite_full.sqlite/participants
webb_ccass,367,B01766,ccass:B01766,MUSHK LTD,2011-01-04,2007-06-26,CANONICAL_MAPPED,webbsite_full.sqlite/participants
webb_ccass,368,B01767,ccass:B01767,NEW GALA SECURITIES CO LTD,2009-04-20,2007-06-26,CANONICAL_MAPPED,webbsite_full.sqlite/participants
webb_ccass,369,B01768,ccass:B01768,WINTONE SECURITIES LTD,2009-04-20,2007-06-26,CANONICAL_MAPPED,webbsite_full.sqlite/participants
webb_ccass,370,B01769,ccass:B01769,ONE CHINA SECURITIES LTD,2009-04-20,2007-06-26,CANONICAL_MAPPED,webbsite_full.sqlite/participants
webb_ccass,371,B01770,ccass:B01770,TOKAI TOKYO SECURITIES (ASIA) LTD,2009-04-20,2007-06-26,CANONICAL_MAPPED,webbsite_full.sqlite/participants
webb_ccass,372,B01771,ccass:B01771,CVP SECURITIES LTD (IN LIQUIDATION),2024-08-30,2007-06-26,CANONICAL_MAPPED,webbsite_full.sqlite/participants
webb_ccass,373,B01772,ccass:B01772,TENSANT SECURITIES LTD,2016-12-01,2007-06-26,CANONICAL_MAPPED,webbsite_full.sqlite/participants
webb_ccass,374,B01773,ccass:B01773,TOYO SECURITIES ASIA LTD,2009-04-20,2007-06-26,CANONICAL_MAPPED,webbsite_full.sqlite/participants
webb_ccass,375,B01774,ccass:B01774,CANTOR FITZGERALD (HONG KONG) CAPITAL,2009-04-20,2007-06-26,CANONICAL_MAPPED,webbsite_full.sqlite/participants
webb_ccass,376,B01775,ccass:B01775,CREDIT AGRICOLE SECURITIES (ASIA) LTD,2021-07-29,2007-06-26,CANONICAL_MAPPED,webbsite_full.sqlite/participants
webb_ccass,377,B01776,ccass:B01776,AIF SECURITIES LTD,2016-10-14,2007-06-26,CANONICAL_MAPPED,webbsite_full.sqlite/participants
webb_ccass,378,B01777,ccass:B01777,DAIWA CAPITAL MARKETS HONG KONG LTD,2010-01-05,2007-06-26,CANONICAL_MAPPED,webbsite_full.sqlite/participants
webb_ccass,379,B01778,ccass:B01778,UNITED WORLD ONLINE LTD,2009-04-20,2007-06-26,CANONICAL_MAPPED,webbsite_full.sqlite/participants
webb_ccass,380,B01779,ccass:B01779,LEE'S SECURITIES CO LTD (IN LIQUIDATION),2024-05-20,2007-06-26,CANONICAL_MAPPED,webbsite_full.sqlite/participants
webb_ccass,381,B01780,ccass:B01780,TUNG SHUN SECURITIES LTD,2009-04-20,2007-06-26,CANONICAL_MAPPED,webbsite_full.sqlite/participants
webb_ccass,382,B01781,ccass:B01781,BARCLAYS CAPITAL ASIA LTD,2009-04-20,2007-06-26,CANONICAL_MAPPED,webbsite_full.sqlite/participants
webb_ccass,383,B01782,ccass:B01782,SEAGA INTERNATIONAL LTD,2009-04-20,2007-06-26,CANONICAL_MAPPED,webbsite_full.sqlite/participants
webb_ccass,384,B01783,ccass:B01783,FREDDY CO LTD,2009-04-20,2007-06-26,CANONICAL_MAPPED,webbsite_full.sqlite/participants
webb_ccass,385,B01784,ccass:B01784,FU YIP SECURITIES AND INVESTMENT CO LTD,2009-04-20,2007-06-26,CANONICAL_MAPPED,webbsite_full.sqlite/participants
webb_ccass,386,B01785,ccass:B01785,PARTNERS CAPITAL SECURITIES LTD,2009-04-20,2007-06-26,CANONICAL_MAPPED,webbsite_full.sqlite/participants
webb_ccass,387,B01786,ccass:B01786,KO KUN STOCK CO LTD,2009-04-20,2007-06-26,CANONICAL_MAPPED,webbsite_full.sqlite/participants
webb_ccass,388,B01787,ccass:B01787,SOO PUI CHEN SECURITIES LTD,2009-04-20,2007-06-26,CANONICAL_MAPPED,webbsite_full.sqlite/participants
webb_ccass,389,B01788,ccass:B01788,SUNRISE SECURITIES LTD,2009-04-20,2007-06-26,CANONICAL_MAPPED,webbsite_full.sqlite/participants
webb_ccass,390,B01789,ccass:B01789,HO FUNG SHARES INVESTMENT LTD,2009-04-20,2007-06-26,CANONICAL_MAPPED,webbsite_full.sqlite/participants
webb_ccass,391,B01790,ccass:B01790,YIELDFUL SECURITIES LTD,2021-01-14,2007-06-26,CANONICAL_MAPPED,webbsite_full.sqlite/participants
webb_ccass,392,B01791,ccass:B01791,MAINLAND SECURITIES LTD,2009-04-20,2007-06-26,CANONICAL_MAPPED,webbsite_full.sqlite/participants
webb_ccass,393,B01792,ccass:B01792,HONG KONG WAN KIU INVESTMENT CO LTD,2009-04-20,2007-06-26,CANONICAL_MAPPED,webbsite_full.sqlite/participants
webb_ccass,394,B01793,ccass:B01793,ASIA PACIFIC CAPITAL SECURITIES LTD,2009-04-20,2007-06-26,CANONICAL_MAPPED,webbsite_full.sqlite/participants
webb_ccass,395,B01794,ccass:B01794,INTERCONTINENT SECURITIES CO LTD,2009-04-20,2007-06-26,CANONICAL_MAPPED,webbsite_full.sqlite/participants
webb_ccass,396,B01795,ccass:B01795,RAFFAELLO SECURITIES (HK) LTD,2011-10-18,2007-06-26,CANONICAL_MAPPED,webbsite_full.sqlite/participants
webb_ccass,397,B01796,ccass:B01796,SOO PEI SHAO & CO LTD,2009-04-20,2007-06-26,CANONICAL_MAPPED,webbsite_full.sqlite/participants
webb_ccass,398,B01797,ccass:B01797,SZEHOPE SECURITIES CO LTD,2009-04-20,2007-06-26,CANONICAL_MAPPED,webbsite_full.sqlite/participants
webb_ccass,399,B01798,ccass:B01798,WINNING SECURITIES CO LTD,2009-04-20,2007-06-26,CANONICAL_MAPPED,webbsite_full.sqlite/participants
webb_ccass,400,B01799,ccass:B01799,THE BRIGHT SECURITIES LTD,2009-04-20,2007-06-26,CANONICAL_MAPPED,webbsite_full.sqlite/participants
webb_ccass,401,B01800,ccass:B01800,SUN CAPITAL SECURITIES LTD,2009-04-20,2007-06-26,CANONICAL_MAPPED,webbsite_full.sqlite/participants
webb_ccass,402,B01801,ccass:B01801,KIN FUNG STOCK CO LTD,2009-04-20,2007-06-26,CANONICAL_MAPPED,webbsite_full.sqlite/participants
webb_ccass,403,B01802,ccass:B01802,REDFORD SECURITIES LTD,2009-04-20,2007-06-26,CANONICAL_MAPPED,webbsite_full.sqlite/participants
webb_ccass,404,B01803,ccass:B01803,RICH BAY SECURITIES LTD,2020-05-27,2007-06-26,CANONICAL_MAPPED,webbsite_full.sqlite/participants
webb_ccass,405,B01805,ccass:B01805,SALISBURY SECURITIES LTD,2009-04-20,2007-06-26,CANONICAL_MAPPED,webbsite_full.sqlite/participants
webb_ccass,406,B01806,ccass:B01806,CHINA GATHER WEALTH FINANCIAL CO LTD,2017-06-22,2007-06-26,CANONICAL_MAPPED,webbsite_full.sqlite/participants
webb_ccass,407,B01807,ccass:B01807,NEWEDGE BROKER LTD,2009-04-20,2007-09-12,CANONICAL_MAPPED,webbsite_full.sqlite/participants
webb_ccass,408,B01808,ccass:B01808,SHINKO SECURITIES (H.K.) LTD,2009-04-20,2007-10-05,CANONICAL_MAPPED,webbsite_full.sqlite/participants
webb_ccass,409,B01809,ccass:B01809,CHINA SYSTEM SECURITIES LTD,2009-04-20,2007-06-26,CANONICAL_MAPPED,webbsite_full.sqlite/participants
webb_ccass,410,B01811,ccass:B01811,3V CAPITAL LTD,2009-04-20,2007-06-26,CANONICAL_MAPPED,webbsite_full.sqlite/participants
webb_ccass,411,B01813,ccass:B01813,CCB INTERNATIONAL SECURITIES LTD,2009-04-20,2007-06-26,CANONICAL_MAPPED,webbsite_full.sqlite/participants
webb_ccass,412,B01814,ccass:B01814,WELL LINK SECURITIES LTD,2016-03-08,2007-06-26,CANONICAL_MAPPED,webbsite_full.sqlite/participants
webb_ccass,413,B01815,ccass:B01815,T & F EQUITIES LTD,2009-04-20,2007-06-26,CANONICAL_MAPPED,webbsite_full.sqlite/participants
webb_ccass,414,B01816,ccass:B01816,CHEONG LEE SECURITIES LTD,2009-04-20,2007-09-07,CANONICAL_MAPPED,webbsite_full.sqlite/participants
webb_ccass,415,B01817,ccass:B01817,EXECUTION NOBLE (HONG KONG) LTD,2010-02-26,2007-09-12,CANONICAL_MAPPED,webbsite_full.sqlite/participants
webb_ccass,416,B01818,ccass:B01818,I-ACCESS INVESTORS LTD,2009-04-20,2007-06-26,CANONICAL_MAPPED,webbsite_full.sqlite/participants
webb_ccass,417,B01819,ccass:B01819,M SECURITIES LTD,2015-08-05,2007-06-26,CANONICAL_MAPPED,webbsite_full.sqlite/participants
webb_ccass,418,B01820,ccass:B01820,CMB INTERNATIONAL CAPITAL CORPORATION,2009-04-20,2007-06-26,CANONICAL_MAPPED,webbsite_full.sqlite/participants
webb_ccass,419,B01821,ccass:B01821,GETTA SECURITIES LTD,2024-11-22,2007-06-26,CANONICAL_MAPPED,webbsite_full.sqlite/participants
webb_ccass,420,B01823,ccass:B01823,ANGLO CHINESE SECURITIES LTD,2009-04-20,2007-06-26,CANONICAL_MAPPED,webbsite_full.sqlite/participants
webb_ccass,421,B01824,ccass:B01824,INSTINET PACIFIC LTD,2009-04-20,2007-06-26,CANONICAL_MAPPED,webbsite_full.sqlite/participants
webb_ccass,422,B01825,ccass:B01825,GUOYUAN SECURITIES BROKERAGE (HONG KONG),2009-04-20,2007-06-26,CANONICAL_MAPPED,webbsite_full.sqlite/participants
webb_ccass,423,B01826,ccass:B01826,GF SECURITIES (HONG KONG) BROKERAGE LTD,2009-04-20,2007-06-26,CANONICAL_MAPPED,webbsite_full.sqlite/participants
webb_ccass,424,B01827,ccass:B01827,IBTS ASIA (HK) LTD,2009-04-20,2007-06-26,CANONICAL_MAPPED,webbsite_full.sqlite/participants
webb_ccass,425,B01828,ccass:B01828,IMC ASIA PACIFIC LTD,2009-04-20,2007-07-19,CANONICAL_MAPPED,webbsite_full.sqlite/participants
webb_ccass,426,B01829,ccass:B01829,HUATAI FINANCIAL HOLDINGS (HONG KONG),2009-04-20,2007-06-26,CANONICAL_MAPPED,webbsite_full.sqlite/participants
webb_ccass,427,B01830,ccass:B01830,MIRAE ASSET SECURITIES (HK) LTD,2017-03-20,2007-07-03,CANONICAL_MAPPED,webbsite_full.sqlite/participants
webb_ccass,428,B01831,ccass:B01831,NERICO BROTHERS LTD,2019-07-31,2007-06-26,CANONICAL_MAPPED,webbsite_full.sqlite/participants
webb_ccass,429,B01832,ccass:B01832,MIZUHO SECURITIES ASIA LTD,2009-04-20,2007-09-06,CANONICAL_MAPPED,webbsite_full.sqlite/participants
webb_ccass,430,B01833,ccass:B01833,CTBC ASIA LTD,2013-08-20,2007-10-15,CANONICAL_MAPPED,webbsite_full.sqlite/participants
webb_ccass,431,B01835,ccass:B01835,STANDARD SECURITIES ASIA LTD,2009-04-20,2007-09-06,CANONICAL_MAPPED,webbsite_full.sqlite/participants
webb_ccass,432,B01837,ccass:B01837,ETRADE SECURITIES (HONG KONG) LTD,2009-04-20,2007-08-22,CANONICAL_MAPPED,webbsite_full.sqlite/participants
webb_ccass,434,B01839,ccass:B01839,RABO BROKERAGE HK LTD,2009-04-20,2007-10-08,CANONICAL_MAPPED,webbsite_full.sqlite/participants
webb_ccass,435,B01840,ccass:B01840,LIQUIDNET ASIA LTD,2009-04-20,2008-01-04,CANONICAL_MAPPED,webbsite_full.sqlite/participants
webb_ccass,436,B01841,ccass:B01841,LA (GLOBAL) SINOMIX SECURITIES LTD,2009-04-20,2007-10-10,CANONICAL_MAPPED,webbsite_full.sqlite/participants
webb_ccass,437,B01842,ccass:B01842,BOCOM INTERNATIONAL SECURITIES LTD,2009-04-20,2008-03-03,CANONICAL_MAPPED,webbsite_full.sqlite/participants
webb_ccass,438,B01843,ccass:B01843,TELECOM KING SECURITIES LTD,2022-08-10,2007-11-30,CANONICAL_MAPPED,webbsite_full.sqlite/participants
webb_ccass,439,B01844,ccass:B01844,NATIXIS ASIA LTD,2009-04-20,2008-08-25,CANONICAL_MAPPED,webbsite_full.sqlite/participants
webb_ccass,440,B01845,ccass:B01845,MF GLOBAL HONG KONG LTD,2009-05-08,,CANONICAL_MAPPED,webbsite_full.sqlite/participants
webb_ccass,441,B01846,ccass:B01846,TISCO GLOBAL SECURITIES LTD,2009-04-20,2007-12-07,CANONICAL_MAPPED,webbsite_full.sqlite/participants
webb_ccass,442,B01848,ccass:B01848,CATHAY SECURITIES (HONG KONG) LTD,2015-09-24,2008-01-17,CANONICAL_MAPPED,webbsite_full.sqlite/participants
webb_ccass,443,B01849,ccass:B01849,CIS SECURITIES ASSET MANAGEMENT LTD,2018-02-14,2008-03-07,CANONICAL_MAPPED,webbsite_full.sqlite/participants
webb_ccass,444,B01850,ccass:B01850,HAI TONG SECURITIES (HK) BROKERAGE LTD,2009-04-20,2008-01-15,CANONICAL_MAPPED,webbsite_full.sqlite/participants
webb_ccass,445,B01851,ccass:B01851,RICHE BRIGHT SECURITIES LTD,2015-08-05,2008-01-24,CANONICAL_MAPPED,webbsite_full.sqlite/participants
webb_ccass,446,B01852,ccass:B01852,ARTA GLOBAL MARKETS LTD,2022-03-04,2008-02-19,CANONICAL_MAPPED,webbsite_full.sqlite/participants
webb_ccass,447,B01853,ccass:B01853,CMBC SECURITIES CO LTD,2017-09-06,2008-03-05,CANONICAL_MAPPED,webbsite_full.sqlite/participants
webb_ccass,448,B01854,ccass:B01854,MAINFIRST SECURITIES HONG KONG LTD,2009-04-20,2008-04-18,CANONICAL_MAPPED,webbsite_full.sqlite/participants
webb_ccass,449,B01855,ccass:B01855,VISION FINANCE (SECURITIES) LTD,2009-04-20,2008-04-21,CANONICAL_MAPPED,webbsite_full.sqlite/participants
webb_ccass,450,B01856,ccass:B01856,FINET SECURITIES LTD,2010-06-10,2008-06-25,CANONICAL_MAPPED,webbsite_full.sqlite/participants
webb_ccass,451,C00002,ccass:C00002,BANK OF COMMUNICATIONS TRUSTEE LTD,2009-04-20,2007-06-26,CANONICAL_MAPPED,webbsite_full.sqlite/participants
webb_ccass,452,C00003,ccass:C00003,THE BANK OF EAST ASIA LTD,2009-04-20,2007-06-26,CANONICAL_MAPPED,webbsite_full.sqlite/participants
webb_ccass,453,C00004,ccass:C00004,"MUFG BANK, LTD.",2018-05-18,2007-06-26,CANONICAL_MAPPED,webbsite_full.sqlite/participants
webb_ccass,454,C00010,ccass:C00010,CITIBANK N.A.,2009-04-20,2007-06-26,CANONICAL_MAPPED,webbsite_full.sqlite/participants
webb_ccass,455,C00011,ccass:C00011,PUBLIC BANK (HONG KONG) LTD,2009-04-20,2007-06-26,CANONICAL_MAPPED,webbsite_full.sqlite/participants
webb_ccass,456,C00012,ccass:C00012,DAH SING BANK LTD,2009-04-20,2007-06-26,CANONICAL_MAPPED,webbsite_full.sqlite/participants
webb_ccass,457,C00015,ccass:C00015,DBS BANK (HONG KONG) LTD,2009-04-20,2007-06-26,CANONICAL_MAPPED,webbsite_full.sqlite/participants
webb_ccass,458,C00016,ccass:C00016,DBS BANK LTD,2009-04-20,2007-06-26,CANONICAL_MAPPED,webbsite_full.sqlite/participants
webb_ccass,459,C00018,ccass:C00018,HANG SENG BANK LTD,2009-04-20,2007-06-26,CANONICAL_MAPPED,webbsite_full.sqlite/participants
webb_ccass,460,C00019,ccass:C00019,THE HONGKONG AND SHANGHAI BANKING,2009-04-20,2007-06-26,CANONICAL_MAPPED,webbsite_full.sqlite/participants
webb_ccass,461,C00026,ccass:C00026,CHONG HING BANK LTD,2009-04-20,2007-06-26,CANONICAL_MAPPED,webbsite_full.sqlite/participants
webb_ccass,462,C00028,ccass:C00028,NANYANG COMMERCIAL BANK LTD,2009-04-20,2007-06-26,CANONICAL_MAPPED,webbsite_full.sqlite/participants
webb_ccass,463,C00033,ccass:C00033,BANK OF CHINA (HONG KONG) LTD,2009-04-20,2007-06-26,CANONICAL_MAPPED,webbsite_full.sqlite/participants
webb_ccass,464,C00036,ccass:C00036,CHINA CONSTRUCTION BANK (ASIA),2009-04-20,2007-06-26,CANONICAL_MAPPED,webbsite_full.sqlite/participants
webb_ccass,465,C00037,ccass:C00037,SHANGHAI COMMERCIAL BANK LTD,2009-04-20,2007-06-26,CANONICAL_MAPPED,webbsite_full.sqlite/participants
webb_ccass,466,C00039,ccass:C00039,STANDARD CHARTERED BANK (HONG KONG) LTD,2009-04-20,2007-06-26,CANONICAL_MAPPED,webbsite_full.sqlite/participants
webb_ccass,467,C00040,ccass:C00040,INDUSTRIAL AND COMMERCIAL BANK OF CHINA,2009-04-20,2007-06-26,CANONICAL_MAPPED,webbsite_full.sqlite/participants
webb_ccass,468,C00041,ccass:C00041,OCBC BANK (HONG KONG) LTD,2023-07-21,2007-06-26,CANONICAL_MAPPED,webbsite_full.sqlite/participants
webb_ccass,469,C00042,ccass:C00042,CMB WING LUNG BANK LTD,2018-10-30,2007-06-26,CANONICAL_MAPPED,webbsite_full.sqlite/participants
webb_ccass,470,C00047,ccass:C00047,BANGKOK BANK PUBLIC CO LTD,2009-04-20,2007-06-26,CANONICAL_MAPPED,webbsite_full.sqlite/participants
webb_ccass,471,C00048,ccass:C00048,CHIYU BANKING CORPORATION LTD,2009-04-20,2007-06-26,CANONICAL_MAPPED,webbsite_full.sqlite/participants
webb_ccass,472,C00053,ccass:C00053,AMERICAN EXPRESS BANK LTD,2009-04-20,2007-06-26,CANONICAL_MAPPED,webbsite_full.sqlite/participants
webb_ccass,473,C00057,ccass:C00057,UNITED OVERSEAS BANK LTD,2009-04-20,2007-06-26,CANONICAL_MAPPED,webbsite_full.sqlite/participants
webb_ccass,474,C00058,ccass:C00058,CHINA CITIC BANK INTERNATIONAL LTD,2012-11-19,2007-06-26,CANONICAL_MAPPED,webbsite_full.sqlite/participants
webb_ccass,475,C00060,ccass:C00060,THE ROYAL BANK OF SCOTLAND N.V.,2010-03-31,2007-06-26,CANONICAL_MAPPED,webbsite_full.sqlite/participants
webb_ccass,476,C00062,ccass:C00062,CREDIT AGRICOLE CORPORATE AND INVESTMENT,2010-04-15,2007-06-26,CANONICAL_MAPPED,webbsite_full.sqlite/participants
webb_ccass,477,C00064,ccass:C00064,BNP PARIBAS,2009-04-20,2007-06-26,CANONICAL_MAPPED,webbsite_full.sqlite/participants
webb_ccass,478,C00065,ccass:C00065,HSBC PRIVATE BANK (SUISSE) SA,2009-04-20,2007-06-26,CANONICAL_MAPPED,webbsite_full.sqlite/participants
webb_ccass,479,C00067,ccass:C00067,THE BANK OF NOVA SCOTIA,2009-04-20,2007-06-26,CANONICAL_MAPPED,webbsite_full.sqlite/participants
webb_ccass,480,C00070,ccass:C00070,OVERSEA-CHINESE BANKING CORPORATION LTD,2009-04-20,2007-06-26,CANONICAL_MAPPED,webbsite_full.sqlite/participants
webb_ccass,481,C00071,ccass:C00071,ING BANK N.V.,2009-04-20,2007-06-26,CANONICAL_MAPPED,webbsite_full.sqlite/participants
webb_ccass,482,C00074,ccass:C00074,DEUTSCHE BANK AG,2009-04-20,2007-06-26,CANONICAL_MAPPED,webbsite_full.sqlite/participants
webb_ccass,483,C00083,ccass:C00083,BANK CONSORTIUM TRUST CO LTD,2009-04-20,2007-06-26,CANONICAL_MAPPED,webbsite_full.sqlite/participants
webb_ccass,484,C00086,ccass:C00086,BNP PARIBAS WEALTH MANAGEMENT,2009-04-20,2007-06-26,CANONICAL_MAPPED,webbsite_full.sqlite/participants
webb_ccass,485,C00087,ccass:C00087,HUNG KAI FINANCE CO LTD,2009-04-20,2007-06-26,CANONICAL_MAPPED,webbsite_full.sqlite/participants
webb_ccass,486,C00088,ccass:C00088,CHINA MERCHANTS BANK CO LTD,2009-04-20,2007-12-21,CANONICAL_MAPPED,webbsite_full.sqlite/participants
webb_ccass,488,C00090,ccass:C00090,KBC BANK N.V.,2009-04-20,2008-07-25,CANONICAL_MAPPED,webbsite_full.sqlite/participants
webb_ccass,490,P00013,ccass:P00013,CHOW TAI FOOK JEWELLERY CO LTD,2009-04-20,2007-06-26,CANONICAL_MAPPED,webbsite_full.sqlite/participants
webb_ccass,493,P00018,ccass:P00018,SOLID CAPITAL HOLDINGS LTD,2009-04-20,2007-06-26,CANONICAL_MAPPED,webbsite_full.sqlite/participants
webb_ccass,495,,webb:part:495,HONG KONG SECURITIES CLEARING CO. LTD.,2007-06-23,2007-06-26,SOURCE_ID_ONLY,webbsite_full.sqlite/participants
webb_ccass,496,,webb:part:496,SEEN SIU LAM,2008-04-28,2008-04-28,SOURCE_ID_ONLY,webbsite_full.sqlite/participants
webb_ccass,497,,webb:part:497,CHAN CHO CHAK JOHN,2008-04-28,2008-04-28,SOURCE_ID_ONLY,webbsite_full.sqlite/participants
webb_ccass,498,,webb:part:498,MEIJI DAIRY PRODUCTS HONG KONG LTD,2008-04-28,2008-04-28,SOURCE_ID_ONLY,webbsite_full.sqlite/participants
webb_ccass,499,,webb:part:499,SAMMA INDUSTRIES LIMITED,2008-04-28,2008-04-28,SOURCE_ID_ONLY,webbsite_full.sqlite/participants
webb_ccass,500,,webb:part:500,LAM CHIK KUEN,2008-04-28,2008-04-28,SOURCE_ID_ONLY,webbsite_full.sqlite/participants
webb_ccass,501,,webb:part:501,LEUNG YIU KAI JAMES,2008-04-30,2008-04-30,SOURCE_ID_ONLY,webbsite_full.sqlite/participants
webb_ccass,502,,webb:part:502,CHOW LAI HAR,2008-04-30,2008-04-30,SOURCE_ID_ONLY,webbsite_full.sqlite/participants
webb_ccass,503,,webb:part:503,SO SAU SHAN SIMON,2008-05-05,2008-05-05,SOURCE_ID_ONLY,webbsite_full.sqlite/participants
webb_ccass,504,,webb:part:504,CHEUNG KAM FUN,2008-05-05,2008-05-05,SOURCE_ID_ONLY,webbsite_full.sqlite/participants
webb_ccass,505,,webb:part:505,COKAGE LIMITED,2008-05-05,2008-05-05,SOURCE_ID_ONLY,webbsite_full.sqlite/participants
webb_ccass,506,,webb:part:506,PUROTAT LIMITED,2008-05-05,2008-05-05,SOURCE_ID_ONLY,webbsite_full.sqlite/participants
webb_ccass,507,,webb:part:507,BELIEVECITY LIMITED,2008-05-05,2008-05-05,SOURCE_ID_ONLY,webbsite_full.sqlite/participants
webb_ccass,508,,webb:part:508,HANG KONG COMPANY LIMITED,2008-05-05,2008-05-05,SOURCE_ID_ONLY,webbsite_full.sqlite/participants
webb_ccass,509,,webb:part:509,HANG LUNG INVESTMENTS LIMITED,2008-05-05,2008-05-05,SOURCE_ID_ONLY,webbsite_full.sqlite/participants
webb_ccass,510,,webb:part:510,HANG LUNG ENTERPRISES LIMITED,2008-05-05,2008-05-05,SOURCE_ID_ONLY,webbsite_full.sqlite/participants
webb_ccass,511,,webb:part:511,CHENG CHI HUNG,2008-05-05,2008-05-05,SOURCE_ID_ONLY,webbsite_full.sqlite/participants
webb_ccass,512,,webb:part:512,CHEUNG YEE LAINE,2008-05-05,2008-05-05,SOURCE_ID_ONLY,webbsite_full.sqlite/participants
webb_ccass,513,,webb:part:513,LUCKYSON INVESTMENTS LIMITED,2008-05-05,2008-05-05,SOURCE_ID_ONLY,webbsite_full.sqlite/participants
webb_ccass,514,,webb:part:514,WONG KAM FAI WARREN,2008-05-06,2008-05-06,SOURCE_ID_ONLY,webbsite_full.sqlite/participants
webb_ccass,515,,webb:part:515,COMMENCE INVESTMENT LIMITED,2008-05-06,2008-05-06,SOURCE_ID_ONLY,webbsite_full.sqlite/participants
webb_ccass,516,,webb:part:516,ALLAN INVESTMENT COMPANY LIMITED,2008-05-06,2008-05-06,SOURCE_ID_ONLY,webbsite_full.sqlite/participants
webb_ccass,517,,webb:part:517,WONG CHI LIN IVY,2008-05-07,2008-05-07,SOURCE_ID_ONLY,webbsite_full.sqlite/participants
webb_ccass,518,,webb:part:518,MAK KWOK BUN DELIA,2008-05-07,2008-05-07,SOURCE_ID_ONLY,webbsite_full.sqlite/participants
webb_ccass,519,,webb:part:519,LEE YUEN YIN ROSA,2008-05-08,2008-05-08,SOURCE_ID_ONLY,webbsite_full.sqlite/participants
webb_ccass,520,,webb:part:520,KONG TAK LUNG,2008-05-09,2008-05-09,SOURCE_ID_ONLY,webbsite_full.sqlite/participants
webb_ccass,521,,webb:part:521,SO KWAI YING,2008-05-13,2008-05-13,SOURCE_ID_ONLY,webbsite_full.sqlite/participants
webb_ccass,522,,webb:part:522,HUANG MIN CHIOU,2008-05-13,2008-05-13,SOURCE_ID_ONLY,webbsite_full.sqlite/participants
webb_ccass,523,,webb:part:523,SIN OI FUNG,2008-05-13,2008-05-13,SOURCE_ID_ONLY,webbsite_full.sqlite/participants
webb_ccass,524,,webb:part:524,SO KAI YUEN,2008-05-14,2008-05-14,SOURCE_ID_ONLY,webbsite_full.sqlite/participants
webb_ccass,525,,webb:part:525,IP LAI HIN,2008-05-14,2008-05-14,SOURCE_ID_ONLY,webbsite_full.sqlite/participants
webb_ccass,526,,webb:part:526,LAU KAM CHEUK,2008-05-15,2008-05-15,SOURCE_ID_ONLY,webbsite_full.sqlite/participants
webb_ccass,527,,webb:part:527,HUNG CONSTANTINE,2008-05-15,2008-05-15,SOURCE_ID_ONLY,webbsite_full.sqlite/participants
webb_ccass,528,,webb:part:528,CHEUNG HON KWONG RANJO,2008-05-19,2008-05-19,SOURCE_ID_ONLY,webbsite_full.sqlite/participants
webb_ccass,529,,webb:part:529,CHAN SAU KING,2008-06-25,2008-06-25,SOURCE_ID_ONLY,webbsite_full.sqlite/participants
webb_ccass,530,B01857,ccass:B01857,KAISA FINANCIAL GROUP CO LTD,2019-08-23,2008-07-30,CANONICAL_MAPPED,webbsite_full.sqlite/participants
webb_ccass,531,B01859,ccass:B01859,CLC SECURITIES LTD,2013-04-30,2008-07-31,CANONICAL_MAPPED,webbsite_full.sqlite/participants
webb_ccass,532,,webb:part:532,"CHAN LIM CHEE, LAU MEI YI",2008-09-02,2008-09-02,SOURCE_ID_ONLY,webbsite_full.sqlite/participants
webb_ccass,533,,webb:part:533,LAM YIU KEUNG,2008-09-02,2008-09-02,SOURCE_ID_ONLY,webbsite_full.sqlite/participants
webb_ccass,534,,webb:part:534,SHUM WAI NAP,2008-09-09,2008-09-09,SOURCE_ID_ONLY,webbsite_full.sqlite/participants
webb_ccass,535,B01860,ccass:B01860,KVB KUNLUN SECURITIES (HK) LTD,2009-04-20,,CANONICAL_MAPPED,webbsite_full.sqlite/participants
webb_ccass,536,,webb:part:536,WONG KWOK LEUNG WESLEY,2008-09-18,2008-09-18,SOURCE_ID_ONLY,webbsite_full.sqlite/participants
webb_ccass,537,,webb:part:537,LEE HON KIN TONY,2008-09-25,2008-09-25,SOURCE_ID_ONLY,webbsite_full.sqlite/participants
webb_ccass,538,,webb:part:538,LEE CHI KWONG STEVE,2008-09-29,2008-09-29,SOURCE_ID_ONLY,webbsite_full.sqlite/participants
webb_ccass,539,,webb:part:539,CHEUNG CHEUNG MING ANTHONY,2008-10-03,2008-10-03,SOURCE_ID_ONLY,webbsite_full.sqlite/participants
webb_ccass,540,,webb:part:540,MAK KIN LUNG,2008-10-03,2008-10-03,SOURCE_ID_ONLY,webbsite_full.sqlite/participants
webb_ccass,541,B01858,ccass:B01858,YUANTA SECURITIES (HONG KONG) CO LTD,2009-04-20,2008-10-08,CANONICAL_MAPPED,webbsite_full.sqlite/participants
webb_ccass,542,B01862,ccass:B01862,ORIENTAL WEALTH SECURITIES LTD,2009-04-20,2008-10-15,CANONICAL_MAPPED,webbsite_full.sqlite/participants
webb_ccass,543,B01863,ccass:B01863,WESTOCK SECURITIES INTERNATIONAL (HK),2022-11-29,2008-10-17,CANONICAL_MAPPED,webbsite_full.sqlite/participants
webb_ccass,544,,webb:part:544,CHAN LAI KA,2008-10-24,2008-10-24,SOURCE_ID_ONLY,webbsite_full.sqlite/participants
webb_ccass,552,B00045,ccass:B00045,HUNG CHEONG SECURITIES CO,2009-04-20,2008-10-27,CANONICAL_MAPPED,webbsite_full.sqlite/participants
webb_ccass,574,B00129,ccass:B00129,ZIAR & CO,2009-04-20,2008-10-27,CANONICAL_MAPPED,webbsite_full.sqlite/participants
webb_ccass,679,B00610,ccass:B00610,WANG LEE CO (ADMINISTRATOR APPOINTED),2009-04-20,2008-10-27,CANONICAL_MAPPED,webbsite_full.sqlite/participants
webb_ccass,696,B00695,ccass:B00695,ALPHA SECURITIES CO,2009-04-20,2008-10-27,CANONICAL_MAPPED,webbsite_full.sqlite/participants
webb_ccass,741,B00988,ccass:B00988,LAWSONS SECURITIES CO,2009-04-20,2008-10-27,CANONICAL_MAPPED,webbsite_full.sqlite/participants
webb_ccass,796,B01200,ccass:B01200,GREAT HONEST INVESTMENT CO LTD,2009-04-20,2008-10-27,CANONICAL_MAPPED,webbsite_full.sqlite/participants
webb_ccass,798,B01204,ccass:B01204,TISCO SECURITIES HONG KONG LTD,2009-04-20,2008-10-27,CANONICAL_MAPPED,webbsite_full.sqlite/participants
webb_ccass,809,B01243,ccass:B01243,TEN & TEN SECURITIES CO,2009-04-20,2008-10-27,CANONICAL_MAPPED,webbsite_full.sqlite/participants
webb_ccass,816,B01270,ccass:B01270,LEE TAT & CO,2009-04-20,2008-10-27,CANONICAL_MAPPED,webbsite_full.sqlite/participants
webb_ccass,887,B01471,ccass:B01471,GREAT BAY SECURITIES LTD,2021-01-06,2008-10-27,CANONICAL_MAPPED,webbsite_full.sqlite/participants
webb_ccass,888,B01474,ccass:B01474,VICTORFIELD SECURITIES LTD,2009-04-20,2008-10-27,CANONICAL_MAPPED,webbsite_full.sqlite/participants
webb_ccass,891,B01479,ccass:B01479,SEG INTERNATIONAL SECURITIES (H.K.) LTD,2009-04-20,2008-10-27,CANONICAL_MAPPED,webbsite_full.sqlite/participants
webb_ccass,895,B01485,ccass:B01485,WING YIP CO LTD (IN LIQUIDATION),2009-06-26,2008-10-27,CANONICAL_MAPPED,webbsite_full.sqlite/participants
webb_ccass,914,B01532,ccass:B01532,MAN LUNG HONG SECURITIES LTD,2009-04-20,2008-10-27,CANONICAL_MAPPED,webbsite_full.sqlite/participants
webb_ccass,949,B01635,ccass:B01635,TAI WAH SECURITIES LTD,2009-04-20,2008-10-27,CANONICAL_MAPPED,webbsite_full.sqlite/participants
webb_ccass,965,B01697,ccass:B01697,JS SECURITIES LTD,2021-09-23,2008-10-27,CANONICAL_MAPPED,webbsite_full.sqlite/participants
webb_ccass,974,B01736,ccass:B01736,TIFFIT SECURITIES (HONG KONG) LTD,2009-04-20,2008-10-27,CANONICAL_MAPPED,webbsite_full.sqlite/participants
webb_ccass,980,B01810,ccass:B01810,ASTRUM CAPITAL MANAGEMENT LTD,2009-04-20,2008-10-27,CANONICAL_MAPPED,webbsite_full.sqlite/participants
webb_ccass,1049,,webb:part:1049,YEUNG SAU FAN CHERRY,2008-10-30,2008-10-30,SOURCE_ID_ONLY,webbsite_full.sqlite/participants
webb_ccass,1050,,webb:part:1050,LI SIU FONG,2008-11-03,2008-11-03,SOURCE_ID_ONLY,webbsite_full.sqlite/participants
webb_ccass,1051,,webb:part:1051,MUI FAT SHING,2008-11-19,2008-11-19,SOURCE_ID_ONLY,webbsite_full.sqlite/participants
webb_ccass,1052,,webb:part:1052,LEE MAN BAN,2009-01-08,2009-01-08,SOURCE_ID_ONLY,webbsite_full.sqlite/participants
webb_ccass,1053,,webb:part:1053,CHAN KING LEUNG,2009-01-09,2009-01-09,SOURCE_ID_ONLY,webbsite_full.sqlite/participants
webb_ccass,1054,,webb:part:1054,CHAN SIU LAN STELLA,2009-01-13,2009-01-13,SOURCE_ID_ONLY,webbsite_full.sqlite/participants
webb_ccass,1055,B01868,ccass:B01868,JIMEI SECURITIES LTD,2009-04-20,2009-01-15,CANONICAL_MAPPED,webbsite_full.sqlite/participants
webb_ccass,1056,B01867,ccass:B01867,STARLING GROUP SECURITIES LTD,2009-04-20,2009-01-29,CANONICAL_MAPPED,webbsite_full.sqlite/participants
webb_ccass,1057,C00091,ccass:C00091,BANK OF SINGAPORE LTD,2010-03-09,2009-02-09,CANONICAL_MAPPED,webbsite_full.sqlite/participants
webb_ccass,1058,B01861,ccass:B01861,CHI CAPITAL SECURITIES LTD,2009-04-20,2009-02-16,CANONICAL_MAPPED,webbsite_full.sqlite/participants
webb_ccass,1059,,webb:part:1059,CHEUNG KWAN HO,2009-02-17,2009-02-17,SOURCE_ID_ONLY,webbsite_full.sqlite/participants
webb_ccass,1060,,webb:part:1060,CHAN YICK LUN,2009-03-02,2009-03-02,SOURCE_ID_ONLY,webbsite_full.sqlite/participants
webb_ccass,1061,B01869,ccass:B01869,SYNERWEALTH FINANCIAL LTD,2009-04-20,2009-03-04,CANONICAL_MAPPED,webbsite_full.sqlite/participants
webb_ccass,1062,,webb:part:1062,YIP PATRICK PAK-CHUEN,2009-03-05,2009-03-05,SOURCE_ID_ONLY,webbsite_full.sqlite/participants
webb_ccass,1063,B01871,ccass:B01871,NEWEDGE FINANCIAL HONG KONG LTD,2009-04-20,2009-04-01,CANONICAL_MAPPED,webbsite_full.sqlite/participants
webb_ccass,1064,B01866,ccass:B01866,ICBC INTERNATIONAL SECURITIES LTD,2009-04-20,2009-04-16,CANONICAL_MAPPED,webbsite_full.sqlite/participants
webb_ccass,1065,B01870,ccass:B01870,TOTAL SECURITIES (HK) LTD,2009-04-24,2009-04-24,CANONICAL_MAPPED,webbsite_full.sqlite/participants
webb_ccass,1066,,webb:part:1066,WANG ZHENHUI,2009-05-06,2009-05-06,SOURCE_ID_ONLY,webbsite_full.sqlite/participants
webb_ccass,1067,,webb:part:1067,WONG KUK BUI,2009-05-08,2009-05-08,SOURCE_ID_ONLY,webbsite_full.sqlite/participants
webb_ccass,1068,B01875,ccass:B01875,GUODU SECURITIES (HONG KONG) LTD,2009-05-20,2009-05-20,CANONICAL_MAPPED,webbsite_full.sqlite/participants
webb_ccass,1069,B01876,ccass:B01876,WATERLAND SECURITIES (HK) CO LTD,2009-06-01,2009-06-01,CANONICAL_MAPPED,webbsite_full.sqlite/participants
webb_ccass,1070,,webb:part:1070,CHONG NGA LAI,2009-07-03,2009-07-03,SOURCE_ID_ONLY,webbsite_full.sqlite/participants
webb_ccass,1071,C00092,ccass:C00092,CTBC BANK CO LTD,2013-09-05,2009-07-08,CANONICAL_MAPPED,webbsite_full.sqlite/participants
webb_ccass,1072,B01880,ccass:B01880,NORTH BETA INTERNATIONAL SECURITIES LTD,2019-05-17,2009-07-28,CANONICAL_MAPPED,webbsite_full.sqlite/participants
webb_ccass,1073,,webb:part:1073,KWOK SHUN TIM,2009-07-29,2009-07-29,SOURCE_ID_ONLY,webbsite_full.sqlite/participants
webb_ccass,1074,,webb:part:1074,WONG KIN MING,2009-08-17,2009-08-17,SOURCE_ID_ONLY,webbsite_full.sqlite/participants
webb_ccass,1075,B01882,ccass:B01882,PING AN OF CHINA SECURITIES (HONG KONG),2009-09-01,2009-09-01,CANONICAL_MAPPED,webbsite_full.sqlite/participants
webb_ccass,1076,B01883,ccass:B01883,CHINA RISE SECURITIES ASSET MANAGEMENT,2014-07-16,2009-09-07,CANONICAL_MAPPED,webbsite_full.sqlite/participants
webb_ccass,1077,C00093,ccass:C00093,BNP PARIBAS,2022-10-31,2009-09-07,CANONICAL_MAPPED,webbsite_full.sqlite/participants
webb_ccass,1078,,webb:part:1078,LAM SZE MAN ADA,2009-09-29,2009-09-29,SOURCE_ID_ONLY,webbsite_full.sqlite/participants
webb_ccass,1079,,webb:part:1079,TONG WUN LING,2009-10-08,2009-10-08,SOURCE_ID_ONLY,webbsite_full.sqlite/participants
webb_ccass,1080,B01884,ccass:B01884,HONG KONG SECURITIES (INTERNATIONAL),2011-10-24,2009-10-12,CANONICAL_MAPPED,webbsite_full.sqlite/participants
webb_ccass,1081,,webb:part:1081,CHOW KA LAI,2009-10-21,2009-10-21,SOURCE_ID_ONLY,webbsite_full.sqlite/participants
webb_ccass,1082,,webb:part:1082,"CHOI HING SING, CHOY FUNG YIN PUFFY",2009-10-23,2009-10-23,SOURCE_ID_ONLY,webbsite_full.sqlite/participants
webb_ccass,1083,,webb:part:1083,BUSINESS NOMINEES LIMITED,2009-11-24,2009-11-24,SOURCE_ID_ONLY,webbsite_full.sqlite/participants
webb_ccass,1084,,webb:part:1084,LAU YUK CHUN MARGARET,2009-11-30,2009-11-30,SOURCE_ID_ONLY,webbsite_full.sqlite/participants
webb_ccass,1085,B01885,ccass:B01885,HAFOO SECURITIES LTD,2021-06-29,2009-12-18,CANONICAL_MAPPED,webbsite_full.sqlite/participants
webb_ccass,1086,B01886,ccass:B01886,CNI SECURITIES GROUP LTD,2010-12-08,2010-01-04,CANONICAL_MAPPED,webbsite_full.sqlite/participants
webb_ccass,1087,,webb:part:1087,LEE YAT SHING,2010-01-04,2010-01-04,SOURCE_ID_ONLY,webbsite_full.sqlite/participants
webb_ccass,1088,B01887,ccass:B01887,CHINA JIANXIN FINANCIAL SERVICES LTD,2017-01-06,2010-01-08,CANONICAL_MAPPED,webbsite_full.sqlite/participants
webb_ccass,1089,,webb:part:1089,HO PAK SHING,2010-01-28,2010-01-28,SOURCE_ID_ONLY,webbsite_full.sqlite/participants
webb_ccass,1090,,webb:part:1090,NG HAU NGAI,2010-01-29,2010-01-29,SOURCE_ID_ONLY,webbsite_full.sqlite/participants
webb_ccass,1091,B01890,ccass:B01890,GUOSEN SECURITIES (HK) BROKERAGE CO LTD,2010-03-22,2010-03-22,CANONICAL_MAPPED,webbsite_full.sqlite/participants
webb_ccass,1092,,webb:part:1092,LAM KWOK WAH ERIC,2010-03-23,2010-03-23,SOURCE_ID_ONLY,webbsite_full.sqlite/participants
webb_ccass,1093,,webb:part:1093,WANDLE INVESTMENTS LIMITED,2010-04-07,2010-04-07,SOURCE_ID_ONLY,webbsite_full.sqlite/participants
webb_ccass,1094,,webb:part:1094,SCOUT ASSOCIATION OF HONG KONG,2010-04-09,2010-04-09,SOURCE_ID_ONLY,webbsite_full.sqlite/participants
webb_ccass,1095,,webb:part:1095,LEE KIT YUEN,2010-04-09,2010-04-09,SOURCE_ID_ONLY,webbsite_full.sqlite/participants
webb_ccass,1096,,webb:part:1096,LAI CHIU WING,2010-05-12,2010-05-12,SOURCE_ID_ONLY,webbsite_full.sqlite/participants
webb_ccass,1097,,webb:part:1097,CP INVESTMENT ASSETS LIMITED,2010-05-17,2010-05-17,SOURCE_ID_ONLY,webbsite_full.sqlite/participants
webb_ccass,1098,B01891,ccass:B01891,FUTURE GROWTH FINANCIAL SERVICES LTD,2021-02-03,2010-05-20,CANONICAL_MAPPED,webbsite_full.sqlite/participants
webb_ccass,1099,,webb:part:1099,WONG CHI HO SANDRA,2010-06-04,2010-06-04,SOURCE_ID_ONLY,webbsite_full.sqlite/participants
webb_ccass,1100,,webb:part:1100,CHUNG YUK SHING,2010-06-23,2010-06-23,SOURCE_ID_ONLY,webbsite_full.sqlite/participants
webb_ccass,1101,B01894,ccass:B01894,MFG LIMITED,2024-01-19,2010-07-05,CANONICAL_MAPPED,webbsite_full.sqlite/participants
webb_ccass,1102,,webb:part:1102,CHEUNG WAI MAN,2010-07-06,2010-07-06,SOURCE_ID_ONLY,webbsite_full.sqlite/participants
webb_ccass,1103,B01893,ccass:B01893,WINCO SECURITIES CO LTD,2010-07-19,2010-07-19,CANONICAL_MAPPED,webbsite_full.sqlite/participants
webb_ccass,1104,B01895,ccass:B01895,MARIGOLD INTERNATIONAL SECURITIES LTD,2010-07-21,2010-07-21,CANONICAL_MAPPED,webbsite_full.sqlite/participants
webb_ccass,1105,B01897,ccass:B01897,CENTRAL WEALTH SECURITIES INVESTMENT LTD,2010-08-10,2010-08-10,CANONICAL_MAPPED,webbsite_full.sqlite/participants
webb_ccass,1106,B01899,ccass:B01899,SFGHK LTD,2025-04-24,2010-08-18,CANONICAL_MAPPED,webbsite_full.sqlite/participants
webb_ccass,1107,,webb:part:1107,"HO MING HANG, WONG YU PING",2010-08-31,2010-08-31,SOURCE_ID_ONLY,webbsite_full.sqlite/participants
webb_ccass,1108,B01900,ccass:B01900,ORIENT SECURITIES (HONG KONG) LTD,2010-09-01,2010-09-01,CANONICAL_MAPPED,webbsite_full.sqlite/participants
webb_ccass,1109,,webb:part:1109,ASIALINK UNIVERSAL LIMITED,2010-09-07,2010-09-07,SOURCE_ID_ONLY,webbsite_full.sqlite/participants
webb_ccass,1110,,webb:part:1110,YUEN WAI SHAN VALANCIA,2010-09-09,2010-09-09,SOURCE_ID_ONLY,webbsite_full.sqlite/participants
webb_ccass,1111,,webb:part:1111,FUNG KING HIM,2010-09-28,2010-09-28,SOURCE_ID_ONLY,webbsite_full.sqlite/participants
webb_ccass,1112,B01901,ccass:B01901,CMB INTERNATIONAL SECURITIES LTD,2010-10-04,2010-10-04,CANONICAL_MAPPED,webbsite_full.sqlite/participants
webb_ccass,1113,B01903,ccass:B01903,PICO ZEMAN SECURITIES (HK) LTD,2010-10-06,2010-10-06,CANONICAL_MAPPED,webbsite_full.sqlite/participants
webb_ccass,1114,B01904,ccass:B01904,VALUABLE CAPITAL LTD,2010-10-08,2010-10-08,CANONICAL_MAPPED,webbsite_full.sqlite/participants
webb_ccass,1115,,webb:part:1115,WONG TAK WO,2010-10-08,2010-10-08,SOURCE_ID_ONLY,webbsite_full.sqlite/participants
webb_ccass,1116,,webb:part:1116,TSOI CHI NA FANDY,2010-10-11,2010-10-11,SOURCE_ID_ONLY,webbsite_full.sqlite/participants
webb_ccass,1117,,webb:part:1117,CHAN SIN AH,2010-10-11,2010-10-11,SOURCE_ID_ONLY,webbsite_full.sqlite/participants
webb_ccass,1118,,webb:part:1118,TSE HING LIANG,2010-10-11,2010-10-11,SOURCE_ID_ONLY,webbsite_full.sqlite/participants
webb_ccass,1119,B01905,ccass:B01905,SDICS INTERNATIONAL SECURITIES (HONG,2024-10-28,2010-11-01,CANONICAL_MAPPED,webbsite_full.sqlite/participants
webb_ccass,1120,B01906,ccass:B01906,IMPERIUM INTERNATIONAL SECURITIES LTD,2022-01-18,2010-11-04,CANONICAL_MAPPED,webbsite_full.sqlite/participants
webb_ccass,1121,B01907,ccass:B01907,CHINA DEMETER SECURITIES LTD,2016-04-07,2010-11-05,CANONICAL_MAPPED,webbsite_full.sqlite/participants
webb_ccass,1122,B01908,ccass:B01908,ASA SECURITIES LTD,2010-11-08,2010-11-08,CANONICAL_MAPPED,webbsite_full.sqlite/participants
webb_ccass,1124,,webb:part:1124,CHAN YIM TAO MARGARET,2010-11-19,2010-11-19,SOURCE_ID_ONLY,webbsite_full.sqlite/participants
webb_ccass,1125,C00095,ccass:C00095,EFG BANK AG,2010-11-22,2010-11-22,CANONICAL_MAPPED,webbsite_full.sqlite/participants
webb_ccass,1127,B01909,ccass:B01909,SHENG YUAN SECURITIES LTD,2011-05-04,2010-11-29,CANONICAL_MAPPED,webbsite_full.sqlite/participants
webb_ccass,1128,,webb:part:1128,CREATIVE CHINA LIMITED,2010-11-30,2010-11-30,SOURCE_ID_ONLY,webbsite_full.sqlite/participants
webb_ccass,1129,,webb:part:1129,KO WAI SAN,2010-12-02,2010-12-02,SOURCE_ID_ONLY,webbsite_full.sqlite/participants
webb_ccass,1130,,webb:part:1130,"SUN SHENG YUN, CHUI LOK KIN BRIAN",2010-12-03,2010-12-03,SOURCE_ID_ONLY,webbsite_full.sqlite/participants
webb_ccass,1131,,webb:part:1131,KWOK TAK YING ADA,2010-12-08,2010-12-08,SOURCE_ID_ONLY,webbsite_full.sqlite/participants
webb_ccass,1132,,webb:part:1132,WUN CHUNG YUNG CHRISTINE,2010-12-13,2010-12-13,SOURCE_ID_ONLY,webbsite_full.sqlite/participants
webb_ccass,1133,,webb:part:1133,CHAN KU KIN,2010-12-14,2010-12-14,SOURCE_ID_ONLY,webbsite_full.sqlite/participants
webb_ccass,1134,,webb:part:1134,LO MAN FAI,2010-12-20,2010-12-20,SOURCE_ID_ONLY,webbsite_full.sqlite/participants
webb_ccass,1135,,webb:part:1135,YUNG JEFFREY YAN-LEUN,2010-12-21,2010-12-21,SOURCE_ID_ONLY,webbsite_full.sqlite/participants
webb_ccass,1136,B01910,ccass:B01910,FTFT INTERNATIONAL SECURITIES AND,2024-02-27,2010-12-28,CANONICAL_MAPPED,webbsite_full.sqlite/participants
webb_ccass,1137,B01911,ccass:B01911,MUFG SECURITIES ASIA LTD,2016-07-27,2010-12-31,CANONICAL_MAPPED,webbsite_full.sqlite/participants
webb_ccass,1138,B01912,ccass:B01912,THE CORE SECURITIES COMPANY LTD,2016-12-02,2011-01-04,CANONICAL_MAPPED,webbsite_full.sqlite/participants
webb_ccass,1139,,webb:part:1139,LI KWOK KIT,2011-01-06,2011-01-06,SOURCE_ID_ONLY,webbsite_full.sqlite/participants
webb_ccass,1140,,webb:part:1140,CHAN VAI HA,2011-01-20,2011-01-20,SOURCE_ID_ONLY,webbsite_full.sqlite/participants
webb_ccass,1141,B01913,ccass:B01913,CHINAWIDE SECURITIES LTD,2011-01-25,2011-01-25,CANONICAL_MAPPED,webbsite_full.sqlite/participants
webb_ccass,1142,C00097,ccass:C00097,ABN AMRO BANK N.V.,2011-01-26,2011-01-26,CANONICAL_MAPPED,webbsite_full.sqlite/participants
webb_ccass,1143,B01914,ccass:B01914,JEFFERIES HONG KONG LTD,2011-01-31,2011-01-31,CANONICAL_MAPPED,webbsite_full.sqlite/participants
webb_ccass,1144,,webb:part:1144,KAM MUNG LAI,2011-02-01,2011-02-01,SOURCE_ID_ONLY,webbsite_full.sqlite/participants
webb_ccass,1145,,webb:part:1145,LEE NGA TING,2011-02-09,2011-02-09,SOURCE_ID_ONLY,webbsite_full.sqlite/participants
webb_ccass,1146,,webb:part:1146,MOK MEI HA MIMI,2011-02-09,2011-02-09,SOURCE_ID_ONLY,webbsite_full.sqlite/participants
webb_ccass,1147,C00098,ccass:C00098,BARCLAYS BANK PLC,2011-03-01,2011-03-01,CANONICAL_MAPPED,webbsite_full.sqlite/participants
webb_ccass,1148,B01916,ccass:B01916,AMBITION SECURITIES CO. LTD,2011-03-08,2011-03-08,CANONICAL_MAPPED,webbsite_full.sqlite/participants
webb_ccass,1149,B01918,ccass:B01918,REALORD ASIA PACIFIC SECURITIES LTD,2019-12-13,2011-03-17,CANONICAL_MAPPED,webbsite_full.sqlite/participants
webb_ccass,1150,C00099,ccass:C00099,"TAISHIN INTERNATIONAL BANK CO., LTD",2011-03-21,2011-03-21,CANONICAL_MAPPED,webbsite_full.sqlite/participants
webb_ccass,1151,B01915,ccass:B01915,METAVERSE SECURITIES LTD,2022-02-17,2011-03-23,CANONICAL_MAPPED,webbsite_full.sqlite/participants
webb_ccass,1152,,webb:part:1152,KO KA WO,2011-03-25,2011-03-25,SOURCE_ID_ONLY,webbsite_full.sqlite/participants
webb_ccass,1153,B01919,ccass:B01919,TIGER SECURITIES ASSET MANAGEMENT CO LTD,2014-05-14,2011-03-28,CANONICAL_MAPPED,webbsite_full.sqlite/participants
webb_ccass,1154,,webb:part:1154,LAW KAR CHUNG EDDIE,2011-03-29,2011-03-29,SOURCE_ID_ONLY,webbsite_full.sqlite/participants
webb_ccass,1155,,webb:part:1155,HUNG WAI FONG,2011-03-30,2011-03-30,SOURCE_ID_ONLY,webbsite_full.sqlite/participants
webb_ccass,1156,B01917,ccass:B01917,CHINA TIMES SECURITIES LTD,2013-06-19,2011-04-01,CANONICAL_MAPPED,webbsite_full.sqlite/participants
webb_ccass,1157,B01920,ccass:B01920,TIANDA SECURITIES LTD,2011-04-01,2011-04-01,CANONICAL_MAPPED,webbsite_full.sqlite/participants
webb_ccass,1158,,webb:part:1158,"FUNG YU CHEONG, LAW YUET CHUN",2011-04-07,2011-04-07,SOURCE_ID_ONLY,webbsite_full.sqlite/participants
webb_ccass,1159,B01921,ccass:B01921,GONG PING SECURITIES LTD,2016-07-08,2011-04-11,CANONICAL_MAPPED,webbsite_full.sqlite/participants
webb_ccass,1160,B01922,ccass:B01922,SUN SECURITIES LTD,2011-04-27,2011-04-27,CANONICAL_MAPPED,webbsite_full.sqlite/participants
webb_ccass,1161,B01923,ccass:B01923,RUISEN PORT SECURITIES LTD,2023-10-16,2011-05-04,CANONICAL_MAPPED,webbsite_full.sqlite/participants
webb_ccass,1162,,webb:part:1162,FOK GRACE WAN MING,2011-05-06,2011-05-06,SOURCE_ID_ONLY,webbsite_full.sqlite/participants
webb_ccass,1163,,webb:part:1163,YEUNG MIU YING,2011-05-19,2011-05-19,SOURCE_ID_ONLY,webbsite_full.sqlite/participants
webb_ccass,1164,,webb:part:1164,KO CHUI KING CORNELIA,2011-05-20,2011-05-20,SOURCE_ID_ONLY,webbsite_full.sqlite/participants
webb_ccass,1165,B01924,ccass:B01924,LT SECURITIES LTD,2011-05-31,2011-05-31,CANONICAL_MAPPED,webbsite_full.sqlite/participants
webb_ccass,1166,,webb:part:1166,TREASURE GATE HOLDINGS LIMITED,2011-06-01,2011-06-01,SOURCE_ID_ONLY,webbsite_full.sqlite/participants
webb_ccass,1167,,webb:part:1167,"LEUNG CHING FAR, CHAN TING SING",2011-06-14,2011-06-14,SOURCE_ID_ONLY,webbsite_full.sqlite/participants
webb_ccass,1168,B01925,ccass:B01925,BMI SECURITIES LTD,2011-06-15,2011-06-15,CANONICAL_MAPPED,webbsite_full.sqlite/participants
webb_ccass,1169,,webb:part:1169,WONG WING KWAN,2011-06-16,2011-06-16,SOURCE_ID_ONLY,webbsite_full.sqlite/participants
webb_ccass,1170,,webb:part:1170,CHAN WING TONG,2011-06-22,2011-06-22,SOURCE_ID_ONLY,webbsite_full.sqlite/participants
webb_ccass,1171,,webb:part:1171,WONG WAI MING,2011-07-05,2011-07-05,SOURCE_ID_ONLY,webbsite_full.sqlite/participants
webb_ccass,1172,,webb:part:1172,TSE YUK YING,2011-07-08,2011-07-08,SOURCE_ID_ONLY,webbsite_full.sqlite/participants
webb_ccass,1173,,webb:part:1173,KWOK LAI FONG,2011-07-14,2011-07-14,SOURCE_ID_ONLY,webbsite_full.sqlite/participants
webb_ccass,1174,B01926,ccass:B01926,BIG BAY SECURITIES (HK) LTD,2018-03-07,2011-07-28,CANONICAL_MAPPED,webbsite_full.sqlite/participants
webb_ccass,1175,,webb:part:1175,PAU LAN YING,2011-08-01,2011-08-01,SOURCE_ID_ONLY,webbsite_full.sqlite/participants
webb_ccass,1176,,webb:part:1176,YIP SHU LAM CHARITABLE FOUNDATION LTD,2011-08-04,2011-08-04,SOURCE_ID_ONLY,webbsite_full.sqlite/participants
webb_ccass,1177,,webb:part:1177,KWOK WAI MING,2011-08-10,2011-08-10,SOURCE_ID_ONLY,webbsite_full.sqlite/participants
webb_ccass,1178,B01927,ccass:B01927,KINGKEY SECURITIES GROUP LTD,2020-03-16,2011-08-11,CANONICAL_MAPPED,webbsite_full.sqlite/participants
webb_ccass,1179,B01928,ccass:B01928,ENHANCED SECURITIES LTD,2011-08-12,2011-08-12,CANONICAL_MAPPED,webbsite_full.sqlite/participants
webb_ccass,1180,,webb:part:1180,CURICAO COMPANY LIMITED,2011-08-18,2011-08-18,SOURCE_ID_ONLY,webbsite_full.sqlite/participants
webb_ccass,1181,,webb:part:1181,SHE HOI YING,2011-08-19,2011-08-19,SOURCE_ID_ONLY,webbsite_full.sqlite/participants
webb_ccass,1182,,webb:part:1182,PANG WING WO PAUL,2011-08-26,2011-08-26,SOURCE_ID_ONLY,webbsite_full.sqlite/participants
webb_ccass,1183,,webb:part:1183,LEUNG SIU YIN,2011-09-19,2011-09-19,SOURCE_ID_ONLY,webbsite_full.sqlite/participants
webb_ccass,1184,B01929,ccass:B01929,CHINA GALAXY INTERNATIONAL SECURITIES,2011-09-28,2011-09-28,CANONICAL_MAPPED,webbsite_full.sqlite/participants
webb_ccass,1185,,webb:part:1185,CHAU SHUM,2011-10-06,2011-10-06,SOURCE_ID_ONLY,webbsite_full.sqlite/participants
webb_ccass,1186,,webb:part:1186,YOUNG JAMES JOHN,2011-10-07,2011-10-07,SOURCE_ID_ONLY,webbsite_full.sqlite/participants
webb_ccass,1187,,webb:part:1187,TAM CHI KIN,2011-10-10,2011-10-10,SOURCE_ID_ONLY,webbsite_full.sqlite/participants
webb_ccass,1188,,webb:part:1188,TANG LAI WAH,2011-10-10,2011-10-10,SOURCE_ID_ONLY,webbsite_full.sqlite/participants
webb_ccass,1189,,webb:part:1189,WONG CHUI LING,2011-10-17,2011-10-17,SOURCE_ID_ONLY,webbsite_full.sqlite/participants
webb_ccass,1190,,webb:part:1190,IP CHI HO,2011-10-18,2011-10-18,SOURCE_ID_ONLY,webbsite_full.sqlite/participants
webb_ccass,1191,B01930,ccass:B01930,PRIME COURAGE SECURITIES CO LTD,2011-10-24,2011-10-24,CANONICAL_MAPPED,webbsite_full.sqlite/participants
webb_ccass,1192,,webb:part:1192,HO YAU CHING,2011-10-24,2011-10-24,SOURCE_ID_ONLY,webbsite_full.sqlite/participants
webb_ccass,1193,C00100,ccass:C00100,"JPMORGAN CHASE BANK, NATIONAL",2011-10-28,2011-10-28,CANONICAL_MAPPED,webbsite_full.sqlite/participants
webb_ccass,1194,,webb:part:1194,CHAN KWOK WAI,2011-10-28,2011-10-28,SOURCE_ID_ONLY,webbsite_full.sqlite/participants
webb_ccass,1195,,webb:part:1195,FUNG CHUN MAN,2011-11-15,2011-11-15,SOURCE_ID_ONLY,webbsite_full.sqlite/participants
webb_ccass,1196,,webb:part:1196,CHUNG LOK LAM,2011-11-17,2011-11-17,SOURCE_ID_ONLY,webbsite_full.sqlite/participants
webb_ccass,1197,B01933,ccass:B01933,BRILLIANT NORTON SECURITIES CO LTD,2013-05-31,2011-12-12,CANONICAL_MAPPED,webbsite_full.sqlite/participants
webb_ccass,1198,,webb:part:1198,LAU HO CHUEN TOMMY,2011-12-16,2011-12-16,SOURCE_ID_ONLY,webbsite_full.sqlite/participants
webb_ccass,1199,B01934,ccass:B01934,SELECT INVESTMENT SERVICES LTD,2011-12-28,2011-12-28,CANONICAL_MAPPED,webbsite_full.sqlite/participants
webb_ccass,1200,B01936,ccass:B01936,MIGHTY BROKERAGE (ASIA) LTD,2011-12-28,2011-12-28,CANONICAL_MAPPED,webbsite_full.sqlite/participants
webb_ccass,1201,B01935,ccass:B01935,MAGIC COMPASS SECURITIES LTD,2022-07-07,2011-12-29,CANONICAL_MAPPED,webbsite_full.sqlite/participants
webb_ccass,1202,,webb:part:1202,LO SUI YING,2011-12-30,2011-12-30,SOURCE_ID_ONLY,webbsite_full.sqlite/participants
webb_ccass,1203,B01937,ccass:B01937,CHANGJIANG SECURITIES BROKERAGE (HK) LTD,2012-01-03,2012-01-03,CANONICAL_MAPPED,webbsite_full.sqlite/participants
webb_ccass,1204,,webb:part:1204,WUN CHI KEUNG WILSON,2012-01-04,2012-01-04,SOURCE_ID_ONLY,webbsite_full.sqlite/participants
webb_ccass,1205,,webb:part:1205,YIP YUK LING,2012-01-05,2012-01-05,SOURCE_ID_ONLY,webbsite_full.sqlite/participants
webb_ccass,1206,,webb:part:1206,SIU YUK LUNG,2012-01-12,2012-01-12,SOURCE_ID_ONLY,webbsite_full.sqlite/participants
webb_ccass,1207,,webb:part:1207,POON MIU FONG,2012-01-16,2012-01-16,SOURCE_ID_ONLY,webbsite_full.sqlite/participants
webb_ccass,1208,B01938,ccass:B01938,CHINA INDUSTRIAL SECURITIES,2015-08-14,2012-01-18,CANONICAL_MAPPED,webbsite_full.sqlite/participants
webb_ccass,1209,,webb:part:1209,LAM HO,2012-01-19,2012-01-19,SOURCE_ID_ONLY,webbsite_full.sqlite/participants
webb_ccass,1210,B01939,ccass:B01939,SOOCHOW SECURITIES INTERNATIONAL,2020-05-26,2012-01-20,CANONICAL_MAPPED,webbsite_full.sqlite/participants
webb_ccass,1211,C00101,ccass:C00101,BANK OF EAST ASIA (TRUSTEES) LTD,2012-01-20,2012-01-20,CANONICAL_MAPPED,webbsite_full.sqlite/participants
webb_ccass,1212,,webb:part:1212,MACK TING KAI,2012-01-31,2012-01-31,SOURCE_ID_ONLY,webbsite_full.sqlite/participants
webb_ccass,1213,,webb:part:1213,CHU SHUN YAN TOBY,2012-01-31,2012-01-31,SOURCE_ID_ONLY,webbsite_full.sqlite/participants
webb_ccass,1214,B01940,ccass:B01940,SOFI SECURITIES (HONG KONG) LTD,2020-06-15,2012-02-01,CANONICAL_MAPPED,webbsite_full.sqlite/participants
webb_ccass,1215,B01941,ccass:B01941,CENTALINE SECURITIES LTD,2012-02-01,2012-02-01,CANONICAL_MAPPED,webbsite_full.sqlite/participants
webb_ccass,1216,,webb:part:1216,WAN CHI MING,2012-02-02,2012-02-02,SOURCE_ID_ONLY,webbsite_full.sqlite/participants
webb_ccass,1217,,webb:part:1217,LAI PING WAH,2012-02-09,2012-02-09,SOURCE_ID_ONLY,webbsite_full.sqlite/participants
webb_ccass,1218,,webb:part:1218,NG SUI PING,2012-02-10,2012-02-10,SOURCE_ID_ONLY,webbsite_full.sqlite/participants
webb_ccass,1219,,webb:part:1219,CHAN WING KEUNG,2012-02-15,2012-02-15,SOURCE_ID_ONLY,webbsite_full.sqlite/participants
webb_ccass,1220,,webb:part:1220,CHAN MAN PAN,2012-02-29,2012-02-29,SOURCE_ID_ONLY,webbsite_full.sqlite/participants
webb_ccass,1221,,webb:part:1221,SCOTCHTON LIMITED,2012-04-13,2012-04-13,SOURCE_ID_ONLY,webbsite_full.sqlite/participants
webb_ccass,1222,B01943,ccass:B01943,PO SANG SECURITIES LTD,2022-06-22,2012-04-16,CANONICAL_MAPPED,webbsite_full.sqlite/participants
webb_ccass,1223,B01942,ccass:B01942,SINO WEALTH SECURITIES LTD,2014-09-23,2012-04-23,CANONICAL_MAPPED,webbsite_full.sqlite/participants
webb_ccass,1224,,webb:part:1224,LI CHAK SUM,2012-05-09,2012-05-09,SOURCE_ID_ONLY,webbsite_full.sqlite/participants
webb_ccass,1225,,webb:part:1225,CHAN FONG WAI,2012-05-24,2012-05-24,SOURCE_ID_ONLY,webbsite_full.sqlite/participants
webb_ccass,1226,,webb:part:1226,CHAN KA WAI,2012-06-05,2012-06-05,SOURCE_ID_ONLY,webbsite_full.sqlite/participants
webb_ccass,1227,,webb:part:1227,PRIME CHOICE INVESTMENTS LIMITED,2012-06-14,2012-06-14,SOURCE_ID_ONLY,webbsite_full.sqlite/participants
webb_ccass,1228,,webb:part:1228,WISE LOGIC INVESTMENTS LIMITED,2012-06-14,2012-06-14,SOURCE_ID_ONLY,webbsite_full.sqlite/participants
webb_ccass,1229,B01945,ccass:B01945,INTEGRITY SECURITIES LTD,2012-06-27,2012-06-27,CANONICAL_MAPPED,webbsite_full.sqlite/participants
webb_ccass,1230,B01948,ccass:B01948,CAITONG INTERNATIONAL SECURITIES CO LTD,2012-08-13,2012-08-13,CANONICAL_MAPPED,webbsite_full.sqlite/participants
webb_ccass,1231,,webb:part:1231,"LEE PUI SEE FIONA, TAO HARRY H.",2012-08-13,2012-08-13,SOURCE_ID_ONLY,webbsite_full.sqlite/participants
webb_ccass,1232,,webb:part:1232,LI YAU KING,2012-08-17,2012-08-17,SOURCE_ID_ONLY,webbsite_full.sqlite/participants
webb_ccass,1233,C00102,ccass:C00102,MACQUARIE BANK LTD,2012-08-20,2012-08-20,CANONICAL_MAPPED,webbsite_full.sqlite/participants
webb_ccass,1234,B01950,ccass:B01950,GLOBAL GROUP SECURITIES LTD,2018-04-25,2012-08-27,CANONICAL_MAPPED,webbsite_full.sqlite/participants
webb_ccass,1235,B01949,ccass:B01949,GRAND CHINA SECURITIES LTD,2012-08-28,2012-08-28,CANONICAL_MAPPED,webbsite_full.sqlite/participants
webb_ccass,1236,,webb:part:1236,SHUM HIU FAN,2012-08-29,2012-08-29,SOURCE_ID_ONLY,webbsite_full.sqlite/participants
webb_ccass,1237,,webb:part:1237,LO KWOK WAH GEORGE,2012-08-30,2012-08-30,SOURCE_ID_ONLY,webbsite_full.sqlite/participants
webb_ccass,1238,,webb:part:1238,MA LAP SHEUNG,2012-08-30,2012-08-30,SOURCE_ID_ONLY,webbsite_full.sqlite/participants
webb_ccass,1239,,webb:part:1239,HUNG HING SHING,2012-08-31,2012-08-31,SOURCE_ID_ONLY,webbsite_full.sqlite/participants
webb_ccass,1240,B01951,ccass:B01951,GENTING SECURITIES LTD,2012-09-03,2012-09-03,CANONICAL_MAPPED,webbsite_full.sqlite/participants
webb_ccass,1241,,webb:part:1241,PAN INN INVESTMENT LIMITED,2012-09-04,2012-09-04,SOURCE_ID_ONLY,webbsite_full.sqlite/participants
webb_ccass,1242,,webb:part:1242,CANYON SERVICES LIMITED,2012-10-18,2012-10-18,SOURCE_ID_ONLY,webbsite_full.sqlite/participants
webb_ccass,1243,B01955,ccass:B01955,FUTU SECURITIES INTERNATIONAL,2012-10-29,2012-10-29,CANONICAL_MAPPED,webbsite_full.sqlite/participants
webb_ccass,1244,,webb:part:1244,TSE CHI WANG PHIL,2012-11-06,2012-11-06,SOURCE_ID_ONLY,webbsite_full.sqlite/participants
webb_ccass,1245,,webb:part:1245,LUK HO CHING,2012-11-08,2012-11-08,SOURCE_ID_ONLY,webbsite_full.sqlite/participants
webb_ccass,1246,,webb:part:1246,FUNG CHE KEUNG,2012-11-13,2012-11-13,SOURCE_ID_ONLY,webbsite_full.sqlite/participants
webb_ccass,1247,,webb:part:1247,HARMONY ENTERPRISES LIMITED,2012-11-21,2012-11-21,SOURCE_ID_ONLY,webbsite_full.sqlite/participants
webb_ccass,1248,B01947,ccass:B01947,FUBON SECURITIES (HONG KONG) LTD,2012-12-03,2012-12-03,CANONICAL_MAPPED,webbsite_full.sqlite/participants
webb_ccass,1250,B01957,ccass:B01957,PINESTONE SECURITIES LTD,2012-12-03,2012-12-03,CANONICAL_MAPPED,webbsite_full.sqlite/participants
webb_ccass,1251,B01958,ccass:B01958,TOPAZ FINANCIAL GROUP LTD,2013-04-09,2012-12-05,CANONICAL_MAPPED,webbsite_full.sqlite/participants
webb_ccass,1252,,webb:part:1252,ZHANG WEN,2012-12-06,2012-12-06,SOURCE_ID_ONLY,webbsite_full.sqlite/participants
webb_ccass,1253,,webb:part:1253,LAI CHUN MING,2012-12-10,2012-12-10,SOURCE_ID_ONLY,webbsite_full.sqlite/participants
webb_ccass,1254,,webb:part:1254,CHARMFAIR INVESTMENTS LIMITED,2012-12-19,2012-12-19,SOURCE_ID_ONLY,webbsite_full.sqlite/participants
webb_ccass,1255,,webb:part:1255,RAGLESS JULIAN CHARLES MICHAEL,2012-12-21,2012-12-21,SOURCE_ID_ONLY,webbsite_full.sqlite/participants
webb_ccass,1256,B01959,ccass:B01959,ZHONGTAI INTERNATIONAL SECURITIES LTD,2015-09-01,2013-01-02,CANONICAL_MAPPED,webbsite_full.sqlite/participants
webb_ccass,1257,,webb:part:1257,LUK HONG SZE,2013-02-05,2013-02-05,SOURCE_ID_ONLY,webbsite_full.sqlite/participants
webb_ccass,1258,,webb:part:1258,CHEUNG WAI PING,2013-02-06,2013-02-06,SOURCE_ID_ONLY,webbsite_full.sqlite/participants
webb_ccass,1259,B01960,ccass:B01960,ANZ SECURITIES (HK) LTD,2013-02-18,2013-02-18,CANONICAL_MAPPED,webbsite_full.sqlite/participants
webb_ccass,1260,,webb:part:1260,SUNG MEI HEUNG,2013-02-27,2013-02-27,SOURCE_ID_ONLY,webbsite_full.sqlite/participants
webb_ccass,1261,,webb:part:1261,CHAN TING CHEUNG GARY,2013-03-05,2013-03-05,SOURCE_ID_ONLY,webbsite_full.sqlite/participants
webb_ccass,1262,,webb:part:1262,WONG NGA LAI ALICE,2013-03-08,2013-03-08,SOURCE_ID_ONLY,webbsite_full.sqlite/participants
webb_ccass,1263,,webb:part:1263,LEUNG TSZ KIT,2013-03-28,2013-03-28,SOURCE_ID_ONLY,webbsite_full.sqlite/participants
webb_ccass,1264,,webb:part:1264,FUNG KING HING EDWIN,2013-04-11,2013-04-11,SOURCE_ID_ONLY,webbsite_full.sqlite/participants
webb_ccass,1265,,webb:part:1265,CHU CHI KONG,2013-04-11,2013-04-11,SOURCE_ID_ONLY,webbsite_full.sqlite/participants
webb_ccass,1266,B01961,ccass:B01961,NOMURA INTERNATIONAL (HONG KONG) LTD,2013-04-22,2013-04-22,CANONICAL_MAPPED,webbsite_full.sqlite/participants
webb_ccass,1267,,webb:part:1267,YU MAN TING,2013-05-07,2013-05-07,SOURCE_ID_ONLY,webbsite_full.sqlite/participants
webb_ccass,1268,,webb:part:1268,TSE MIU MUI,2013-05-07,2013-05-07,SOURCE_ID_ONLY,webbsite_full.sqlite/participants
webb_ccass,1269,,webb:part:1269,HUI SAU WAI,2013-05-08,2013-05-08,SOURCE_ID_ONLY,webbsite_full.sqlite/participants
webb_ccass,1270,,webb:part:1270,CHIU KIT YI,2013-05-22,2013-05-22,SOURCE_ID_ONLY,webbsite_full.sqlite/participants
webb_ccass,1271,,webb:part:1271,CHAN SHEUNG WING,2013-05-22,2013-05-22,SOURCE_ID_ONLY,webbsite_full.sqlite/participants
webb_ccass,1272,,webb:part:1272,SHIH WING CHING,2013-05-28,2013-05-28,SOURCE_ID_ONLY,webbsite_full.sqlite/participants
webb_ccass,1273,,webb:part:1273,LAU SUK HAN,2013-06-03,2013-06-03,SOURCE_ID_ONLY,webbsite_full.sqlite/participants
webb_ccass,1274,B01962,ccass:B01962,CHINA SECURITIES (INTERNATIONAL),2013-06-24,2013-06-24,CANONICAL_MAPPED,webbsite_full.sqlite/participants
webb_ccass,1275,,webb:part:1275,"SO LAI SAN DAPHNE NICOLAS, SO LAI SZE, SO LAI TING, SO MING TAK",2013-06-26,2013-06-26,SOURCE_ID_ONLY,webbsite_full.sqlite/participants
webb_ccass,1276,,webb:part:1276,KWOK LAI HA KAREN,2013-07-02,2013-07-02,SOURCE_ID_ONLY,webbsite_full.sqlite/participants
webb_ccass,1277,,webb:part:1277,LAW YUEN HUNG,2013-07-02,2013-07-02,SOURCE_ID_ONLY,webbsite_full.sqlite/participants
webb_ccass,1278,,webb:part:1278,YAU CHUN SHU,2013-07-04,2013-07-04,SOURCE_ID_ONLY,webbsite_full.sqlite/participants
webb_ccass,1279,,webb:part:1279,LEUNG KOON SHAN,2013-07-08,2013-07-08,SOURCE_ID_ONLY,webbsite_full.sqlite/participants
webb_ccass,1280,,webb:part:1280,KWAN KWOK WAH,2013-07-08,2013-07-08,SOURCE_ID_ONLY,webbsite_full.sqlite/participants
webb_ccass,1281,,webb:part:1281,LEUNG PAK WAI,2013-07-12,2013-07-12,SOURCE_ID_ONLY,webbsite_full.sqlite/participants
webb_ccass,1282,,webb:part:1282,YUNG KAY SUM,2013-07-17,2013-07-17,SOURCE_ID_ONLY,webbsite_full.sqlite/participants
webb_ccass,1283,B01964,ccass:B01964,HALCYON SECURITIES LTD,2013-07-23,2013-07-23,CANONICAL_MAPPED,webbsite_full.sqlite/participants
webb_ccass,1284,B01963,ccass:B01963,TFI SECURITIES AND FUTURES LTD,2019-03-04,2013-07-26,CANONICAL_MAPPED,webbsite_full.sqlite/participants
webb_ccass,1285,,webb:part:1285,WONG KAM WAH,2013-08-15,2013-08-15,SOURCE_ID_ONLY,webbsite_full.sqlite/participants
webb_ccass,1286,,webb:part:1286,MATSUSUE CHOI LAN JULIVER,2013-09-04,2013-09-04,SOURCE_ID_ONLY,webbsite_full.sqlite/participants
webb_ccass,1287,B01965,ccass:B01965,HK NOBLE SKY TREASURE SECURITIES LTD,2013-09-11,2013-09-11,CANONICAL_MAPPED,webbsite_full.sqlite/participants
webb_ccass,1288,,webb:part:1288,LAW SIK MAN,2013-09-26,2013-09-26,SOURCE_ID_ONLY,webbsite_full.sqlite/participants
webb_ccass,1289,,webb:part:1289,LAM SIU KEI,2013-09-27,2013-09-27,SOURCE_ID_ONLY,webbsite_full.sqlite/participants
webb_ccass,1290,,webb:part:1290,YIM WAI KI VICKY,2013-10-11,2013-10-11,SOURCE_ID_ONLY,webbsite_full.sqlite/participants
webb_ccass,1291,,webb:part:1291,CHAN WAI JING,2013-10-21,2013-10-21,SOURCE_ID_ONLY,webbsite_full.sqlite/participants
webb_ccass,1292,,webb:part:1292,TSE YUK YING (DECEASED),2013-10-28,2013-10-28,SOURCE_ID_ONLY,webbsite_full.sqlite/participants
webb_ccass,1293,,webb:part:1293,WONG CHEUNG YING,2013-11-19,2013-11-19,SOURCE_ID_ONLY,webbsite_full.sqlite/participants
webb_ccass,1294,,webb:part:1294,LI WAI LEUNG,2013-11-26,2013-11-26,SOURCE_ID_ONLY,webbsite_full.sqlite/participants
webb_ccass,1295,B01968,ccass:B01968,AYERS ALLIANCE SECURITIES (HK) LTD,2013-11-29,2013-11-29,CANONICAL_MAPPED,webbsite_full.sqlite/participants
webb_ccass,1296,A00002,ccass:A00002,CHINA SECURITIES DEPOSITORY AND CLEARING,2013-12-13,2013-12-13,CANONICAL_MAPPED,webbsite_full.sqlite/participants
webb_ccass,1297,B01967,ccass:B01967,YUNFENG SECURITIES LTD,2017-01-24,2013-12-13,CANONICAL_MAPPED,webbsite_full.sqlite/participants
webb_ccass,1298,,webb:part:1298,OCEAN CHIEF LIMITED,2013-12-17,2013-12-17,SOURCE_ID_ONLY,webbsite_full.sqlite/participants
webb_ccass,1299,,webb:part:1299,CHAN KWOK KEUNG,2014-01-06,2014-01-06,SOURCE_ID_ONLY,webbsite_full.sqlite/participants
webb_ccass,1300,,webb:part:1300,LAM WING TAK,2014-01-16,2014-01-16,SOURCE_ID_ONLY,webbsite_full.sqlite/participants
webb_ccass,1301,,webb:part:1301,FAN MUK SING,2014-01-29,2014-01-29,SOURCE_ID_ONLY,webbsite_full.sqlite/participants
webb_ccass,1302,,webb:part:1302,LAI CHUN YING,2014-02-07,2014-02-07,SOURCE_ID_ONLY,webbsite_full.sqlite/participants
webb_ccass,1303,,webb:part:1303,HUI FUNG PING,2014-02-12,2014-02-12,SOURCE_ID_ONLY,webbsite_full.sqlite/participants
webb_ccass,1304,,webb:part:1304,CHIK HUNG LAI,2014-03-04,2014-03-04,SOURCE_ID_ONLY,webbsite_full.sqlite/participants
webb_ccass,1305,,webb:part:1305,FONG CHIU KIN,2014-03-11,2014-03-11,SOURCE_ID_ONLY,webbsite_full.sqlite/participants
webb_ccass,1306,,webb:part:1306,LIU KOI WUN,2014-03-25,2014-03-25,SOURCE_ID_ONLY,webbsite_full.sqlite/participants
webb_ccass,1307,B01969,ccass:B01969,CHINA VERED SECURITIES LTD,2020-10-15,2014-04-02,CANONICAL_MAPPED,webbsite_full.sqlite/participants
webb_ccass,1308,,webb:part:1308,LIU YEE CHEONG,2014-04-04,2014-04-04,SOURCE_ID_ONLY,webbsite_full.sqlite/participants
webb_ccass,1309,B01970,ccass:B01970,YUE KUN RESEARCH LTD,2014-04-23,2014-04-23,CANONICAL_MAPPED,webbsite_full.sqlite/participants
webb_ccass,1310,,webb:part:1310,"LIN RONG YVONNE, WONG CHUNG YUNG OSCAR",2014-05-07,2014-05-07,SOURCE_ID_ONLY,webbsite_full.sqlite/participants
webb_ccass,1311,,webb:part:1311,FONG WAI MAN,2014-05-09,2014-05-09,SOURCE_ID_ONLY,webbsite_full.sqlite/participants
webb_ccass,1312,,webb:part:1312,"MITSUBISHI CORPORATION (HONG KONG), LIMITED",2014-05-19,2014-05-19,SOURCE_ID_ONLY,webbsite_full.sqlite/participants
webb_ccass,1313,,webb:part:1313,PANG KWOK CHI,2014-06-03,2014-06-03,SOURCE_ID_ONLY,webbsite_full.sqlite/participants
webb_ccass,1314,,webb:part:1314,CHEUNG MAN FUNG,2014-06-04,2014-06-04,SOURCE_ID_ONLY,webbsite_full.sqlite/participants
webb_ccass,1315,B01971,ccass:B01971,HGNH INTERNATIONAL SECURITIES CO LTD,2015-08-04,2014-06-09,CANONICAL_MAPPED,webbsite_full.sqlite/participants
webb_ccass,1316,,webb:part:1316,KOO SZE WAI RAYMOND,2014-07-08,2014-07-08,SOURCE_ID_ONLY,webbsite_full.sqlite/participants
webb_ccass,1317,,webb:part:1317,CHEUNG WAI MAN (DECEASED),2014-07-14,2014-07-14,SOURCE_ID_ONLY,webbsite_full.sqlite/participants
webb_ccass,1318,B01972,ccass:B01972,RICHES DEPOT SECURITIES CO LTD,2014-07-24,2014-07-24,CANONICAL_MAPPED,webbsite_full.sqlite/participants
webb_ccass,1319,,webb:part:1319,LAM CHI SHAN,2014-08-08,2014-08-08,SOURCE_ID_ONLY,webbsite_full.sqlite/participants
webb_ccass,1320,,webb:part:1320,LEE KING FAI,2014-09-01,2014-09-01,SOURCE_ID_ONLY,webbsite_full.sqlite/participants
webb_ccass,1321,B01973,ccass:B01973,PC SECURITIES LTD,2014-09-08,2014-09-08,CANONICAL_MAPPED,webbsite_full.sqlite/participants
webb_ccass,1322,,webb:part:1322,MAN SAU HAN BECKY,2014-09-11,2014-09-11,SOURCE_ID_ONLY,webbsite_full.sqlite/participants
webb_ccass,1323,A00003,ccass:A00003,CHINA SECURITIES DEPOSITORY AND CLEARING,2014-09-26,2014-09-26,CANONICAL_MAPPED,webbsite_full.sqlite/participants
webb_ccass,1324,B01974,ccass:B01974,ARISTO SECURITIES LTD,2014-10-06,2014-10-06,CANONICAL_MAPPED,webbsite_full.sqlite/participants
webb_ccass,1326,,webb:part:1326,MARVELLOUS HOLDINGS LIMITED,2014-10-29,2014-10-29,SOURCE_ID_ONLY,webbsite_full.sqlite/participants
webb_ccass,1327,,webb:part:1327,CHOI WAI TUNG,2014-11-04,2014-11-04,SOURCE_ID_ONLY,webbsite_full.sqlite/participants
webb_ccass,1328,,webb:part:1328,ZOLAD BRYAN CHRISTOPHER,2014-11-18,2014-11-18,SOURCE_ID_ONLY,webbsite_full.sqlite/participants
webb_ccass,1329,,webb:part:1329,CHAN WING NG,2014-12-09,2014-12-09,SOURCE_ID_ONLY,webbsite_full.sqlite/participants
webb_ccass,1330,,webb:part:1330,HAYLOCK MANAGEMENT LIMITED,2014-12-09,2014-12-09,SOURCE_ID_ONLY,webbsite_full.sqlite/participants
webb_ccass,1331,,webb:part:1331,LAM HING SHING,2014-12-12,2014-12-12,SOURCE_ID_ONLY,webbsite_full.sqlite/participants
webb_ccass,1332,B01975,ccass:B01975,SUPREME CHINA SECURITIES LTD,2014-12-15,2014-12-15,CANONICAL_MAPPED,webbsite_full.sqlite/participants
webb_ccass,1333,,webb:part:1333,YEUNG KA KIN,2014-12-17,2014-12-17,SOURCE_ID_ONLY,webbsite_full.sqlite/participants
webb_ccass,1334,B01976,ccass:B01976,FRONTIER CAPITAL MANAGEMENT LTD,2017-07-20,2015-01-02,CANONICAL_MAPPED,webbsite_full.sqlite/participants
webb_ccass,1335,,webb:part:1335,CHENG WAI LING,2015-01-06,2015-01-06,SOURCE_ID_ONLY,webbsite_full.sqlite/participants
webb_ccass,1336,B01979,ccass:B01979,FORMAX SECURITIES LTD,2015-01-09,2015-01-09,CANONICAL_MAPPED,webbsite_full.sqlite/participants
webb_ccass,1337,,webb:part:1337,HE YONGYI,2015-02-05,2015-02-05,SOURCE_ID_ONLY,webbsite_full.sqlite/participants
webb_ccass,1338,,webb:part:1338,LUI YUEN CHING,2015-02-13,2015-02-13,SOURCE_ID_ONLY,webbsite_full.sqlite/participants
webb_ccass,1339,,webb:part:1339,TAM WING YIP,2015-02-24,2015-02-24,SOURCE_ID_ONLY,webbsite_full.sqlite/participants
webb_ccass,1340,B01977,ccass:B01977,ZHONGCAI SECURITIES LTD,2015-03-09,2015-03-09,CANONICAL_MAPPED,webbsite_full.sqlite/participants
webb_ccass,1341,,webb:part:1341,FUNG SHIU LAN RUBY,2015-03-11,2015-03-11,SOURCE_ID_ONLY,webbsite_full.sqlite/participants
webb_ccass,1342,,webb:part:1342,YEUNG CHEUNG YIP,2015-03-25,2015-03-25,SOURCE_ID_ONLY,webbsite_full.sqlite/participants
webb_ccass,1343,,webb:part:1343,LOO WAI YIN MICHELLE,2015-04-15,2015-04-15,SOURCE_ID_ONLY,webbsite_full.sqlite/participants
webb_ccass,1344,,webb:part:1344,CHEUNG YUEN YU,2015-04-22,2015-04-22,SOURCE_ID_ONLY,webbsite_full.sqlite/participants
webb_ccass,1345,,webb:part:1345,SHUM LUNG YING,2015-04-22,2015-04-22,SOURCE_ID_ONLY,webbsite_full.sqlite/participants
webb_ccass,1346,,webb:part:1346,CHAN PAK HEI,2015-04-30,2015-04-30,SOURCE_ID_ONLY,webbsite_full.sqlite/participants
webb_ccass,1347,,webb:part:1347,YAU KWOK KEE LAURENCE,2015-05-11,2015-05-11,SOURCE_ID_ONLY,webbsite_full.sqlite/participants
webb_ccass,1348,,webb:part:1348,LO CHI HANG ROBERT,2015-05-12,2015-05-12,SOURCE_ID_ONLY,webbsite_full.sqlite/participants
webb_ccass,1349,,webb:part:1349,CHAN YUK YIN ISIS,2015-05-15,2015-05-15,SOURCE_ID_ONLY,webbsite_full.sqlite/participants
webb_ccass,1350,,webb:part:1350,TANG MEI PO,2015-05-15,2015-05-15,SOURCE_ID_ONLY,webbsite_full.sqlite/participants
webb_ccass,1351,B01978,ccass:B01978,FOUNDER SECURITIES (HONG KONG) LTD,2015-05-22,2015-05-22,CANONICAL_MAPPED,webbsite_full.sqlite/participants
webb_ccass,1352,,webb:part:1352,TSOI KWEI YEE,2015-05-22,2015-05-22,SOURCE_ID_ONLY,webbsite_full.sqlite/participants
webb_ccass,1353,,webb:part:1353,HENKE VON PARPART AILYN CORTEZ,2015-06-15,2015-06-15,SOURCE_ID_ONLY,webbsite_full.sqlite/participants
webb_ccass,1354,,webb:part:1354,CHAN KA KEI,2015-06-22,2015-06-22,SOURCE_ID_ONLY,webbsite_full.sqlite/participants
webb_ccass,1355,,webb:part:1355,YANG ZHENFU,2015-06-23,2015-06-23,SOURCE_ID_ONLY,webbsite_full.sqlite/participants
webb_ccass,1356,B01980,ccass:B01980,SHANXI SECURITIES INTERNATIONAL LTD,2019-07-30,2015-06-25,CANONICAL_MAPPED,webbsite_full.sqlite/participants
webb_ccass,1357,B01981,ccass:B01981,BLUESTONE SECURITIES (HK) CO LTD,2015-07-16,2015-07-16,CANONICAL_MAPPED,webbsite_full.sqlite/participants
webb_ccass,1358,,webb:part:1358,TAM WAI LAM,2015-07-17,2015-07-17,SOURCE_ID_ONLY,webbsite_full.sqlite/participants
webb_ccass,1359,,webb:part:1359,LIU KIN SING,2015-07-22,2015-07-22,SOURCE_ID_ONLY,webbsite_full.sqlite/participants
webb_ccass,1360,,webb:part:1360,CHUNG MAN CHIN,2015-07-30,2015-07-30,SOURCE_ID_ONLY,webbsite_full.sqlite/participants
webb_ccass,1361,B01982,ccass:B01982,CENTRAL CHINA INTERNATIONAL SECURITIES,2015-08-11,2015-08-11,CANONICAL_MAPPED,webbsite_full.sqlite/participants
webb_ccass,1362,B01983,ccass:B01983,W. FALCON ASSET MANAGEMENT (ASIA) LTD,2015-08-21,2015-08-21,CANONICAL_MAPPED,webbsite_full.sqlite/participants
webb_ccass,1363,B01984,ccass:B01984,FORWIN SECURITIES GROUP LTD,2016-06-16,2015-08-25,CANONICAL_MAPPED,webbsite_full.sqlite/participants
webb_ccass,1364,,webb:part:1364,WONG MEI KUEN ADELA,2015-08-25,2015-08-25,SOURCE_ID_ONLY,webbsite_full.sqlite/participants
webb_ccass,1365,,webb:part:1365,GROW WEALTH LIMITED,2015-08-25,2015-08-25,SOURCE_ID_ONLY,webbsite_full.sqlite/participants
webb_ccass,1367,,webb:part:1367,HUI YIU CHEONG,2015-08-28,2015-08-28,SOURCE_ID_ONLY,webbsite_full.sqlite/participants
webb_ccass,1368,,webb:part:1368,LAU YIN HUNG,2015-09-15,2015-09-15,SOURCE_ID_ONLY,webbsite_full.sqlite/participants
webb_ccass,1369,B01985,ccass:B01985,AZURE LION INTERNATIONAL SECURITIES,2025-11-24,2015-10-05,CANONICAL_MAPPED,webbsite_full.sqlite/participants
webb_ccass,1370,B01986,ccass:B01986,HUAJIN SECURITIES (INTERNATIONAL) LTD,2015-10-07,2015-10-07,CANONICAL_MAPPED,webbsite_full.sqlite/participants
webb_ccass,1371,B01987,ccass:B01987,NINE RIVERS CAPITAL PARTNERS LTD,2016-12-20,2015-10-12,CANONICAL_MAPPED,webbsite_full.sqlite/participants
webb_ccass,1372,B01988,ccass:B01988,KOALA SECURITIES LTD,2015-10-14,2015-10-14,CANONICAL_MAPPED,webbsite_full.sqlite/participants
webb_ccass,1373,,webb:part:1373,LAU YUK YU PEGGY,2015-10-14,2015-10-14,SOURCE_ID_ONLY,webbsite_full.sqlite/participants
webb_ccass,1374,,webb:part:1374,CHIU SAI CHUNG,2015-10-30,2015-10-30,SOURCE_ID_ONLY,webbsite_full.sqlite/participants
webb_ccass,1375,B01989,ccass:B01989,PRESTIGE SECURITIES LTD,2015-11-02,2015-11-02,CANONICAL_MAPPED,webbsite_full.sqlite/participants
webb_ccass,1376,B01990,ccass:B01990,GRANDLY FINANCIAL SERVICES LTD,2015-11-09,2015-11-09,CANONICAL_MAPPED,webbsite_full.sqlite/participants
webb_ccass,1377,,webb:part:1377,LAU FUNG YEE ROSANNA,2015-11-09,2015-11-09,SOURCE_ID_ONLY,webbsite_full.sqlite/participants
webb_ccass,1378,B01991,ccass:B01991,HF SECURITIES AND FUTURES LTD,2015-11-23,2015-11-23,CANONICAL_MAPPED,webbsite_full.sqlite/participants
webb_ccass,1379,B01992,ccass:B01992,CHINA CIFCO SECURITIES CO LTD,2015-12-02,2015-12-02,CANONICAL_MAPPED,webbsite_full.sqlite/participants
webb_ccass,1380,B01993,ccass:B01993,CROSBY SECURITIES LTD,2015-12-08,2015-12-08,CANONICAL_MAPPED,webbsite_full.sqlite/participants
webb_ccass,1381,,webb:part:1381,CHAN YAN FAN,2015-12-08,2015-12-08,SOURCE_ID_ONLY,webbsite_full.sqlite/participants
webb_ccass,1382,B01994,ccass:B01994,BONUS EVENTUS SECURITIES LTD,2015-12-11,2015-12-11,CANONICAL_MAPPED,webbsite_full.sqlite/participants
webb_ccass,1383,,webb:part:1383,LAW CHI WAI,2015-12-15,2015-12-15,SOURCE_ID_ONLY,webbsite_full.sqlite/participants
webb_ccass,1384,,webb:part:1384,HUANG TJING YIN,2015-12-15,2015-12-15,SOURCE_ID_ONLY,webbsite_full.sqlite/participants
webb_ccass,1385,B01995,ccass:B01995,GARY CHENG SECURITIES LTD,2015-12-16,2015-12-16,CANONICAL_MAPPED,webbsite_full.sqlite/participants
webb_ccass,1386,,webb:part:1386,WONG SUK WAH WENDY,2015-12-21,2015-12-21,SOURCE_ID_ONLY,webbsite_full.sqlite/participants
webb_ccass,1387,,webb:part:1387,SO SHING FAI,2016-01-05,2016-01-05,SOURCE_ID_ONLY,webbsite_full.sqlite/participants
webb_ccass,1388,B01997,ccass:B01997,SUNCORP SECURITIES LTD,2016-01-21,2016-01-21,CANONICAL_MAPPED,webbsite_full.sqlite/participants
webb_ccass,1389,,webb:part:1389,CHAU KWOK HUNG,2016-01-22,2016-01-22,SOURCE_ID_ONLY,webbsite_full.sqlite/participants
webb_ccass,1390,,webb:part:1390,TSE PIK HEUNG,2016-01-26,2016-01-26,SOURCE_ID_ONLY,webbsite_full.sqlite/participants
webb_ccass,1391,B01998,ccass:B01998,CHINA SUNRISE SECURITIES (INTL) LTD,2023-05-05,2016-02-02,CANONICAL_MAPPED,webbsite_full.sqlite/participants
webb_ccass,1392,B01999,ccass:B01999,CF SECURITIES LTD,2016-02-05,2016-02-05,CANONICAL_MAPPED,webbsite_full.sqlite/participants
webb_ccass,1393,B02000,ccass:B02000,TIAN YUAN FINANCE LTD,2016-02-12,2016-02-12,CANONICAL_MAPPED,webbsite_full.sqlite/participants
webb_ccass,1394,B02001,ccass:B02001,CHINA PROSPECT SECURITIES LTD,2016-05-09,2016-02-16,CANONICAL_MAPPED,webbsite_full.sqlite/participants
webb_ccass,1395,,webb:part:1395,LEUNG KA CHUN,2016-02-16,2016-02-16,SOURCE_ID_ONLY,webbsite_full.sqlite/participants
webb_ccass,1396,B02002,ccass:B02002,SEAZEN RESOURCES SECURITIES LTD,2020-05-07,2016-02-18,CANONICAL_MAPPED,webbsite_full.sqlite/participants
webb_ccass,1397,,webb:part:1397,LEUNG SAU CHI GARY,2016-02-22,2016-02-22,SOURCE_ID_ONLY,webbsite_full.sqlite/participants
webb_ccass,1398,B02003,ccass:B02003,DONGXING SECURITIES (HONG KONG) CO LTD,2016-03-10,2016-02-29,CANONICAL_MAPPED,webbsite_full.sqlite/participants
webb_ccass,1399,B02004,ccass:B02004,INNOVATION SECURITIES CO LTD,2016-03-07,2016-03-07,CANONICAL_MAPPED,webbsite_full.sqlite/participants
webb_ccass,1400,,webb:part:1400,TANG PO CHEONG,2016-03-10,2016-03-10,SOURCE_ID_ONLY,webbsite_full.sqlite/participants
webb_ccass,1401,,webb:part:1401,LAM KA KI TAMMY,2016-03-16,2016-03-16,SOURCE_ID_ONLY,webbsite_full.sqlite/participants
webb_ccass,1402,B02005,ccass:B02005,STI ASSET MANAGEMENT LTD,2016-03-23,2016-03-23,CANONICAL_MAPPED,webbsite_full.sqlite/participants
webb_ccass,1403,B02006,ccass:B02006,SP SECURITIES LTD,2017-03-07,2016-03-29,CANONICAL_MAPPED,webbsite_full.sqlite/participants
webb_ccass,1404,B02007,ccass:B02007,CHINA-HONG KONG LINK SECURITIES CO LTD,2016-03-30,2016-03-30,CANONICAL_MAPPED,webbsite_full.sqlite/participants
webb_ccass,1405,,webb:part:1405,TCW REALTY LIMITED,2016-04-11,2016-04-11,SOURCE_ID_ONLY,webbsite_full.sqlite/participants
webb_ccass,1406,,webb:part:1406,"BARNETT MATTHEW JOHN, BARNETT DIANA",2016-04-18,2016-04-18,SOURCE_ID_ONLY,webbsite_full.sqlite/participants
webb_ccass,1407,B02008,ccass:B02008,OOO SECURITIES (HK) GROUP LTD,2025-05-22,2016-04-19,CANONICAL_MAPPED,webbsite_full.sqlite/participants
webb_ccass,1408,B02009,ccass:B02009,GOLDEN RICH SECURITIES LTD,2016-04-26,2016-04-26,CANONICAL_MAPPED,webbsite_full.sqlite/participants
webb_ccass,1409,,webb:part:1409,LI KWOK WAI,2016-05-04,2016-05-04,SOURCE_ID_ONLY,webbsite_full.sqlite/participants
webb_ccass,1410,,webb:part:1410,STAVERLEY ASSETS LIMITED,2016-05-06,2016-05-06,SOURCE_ID_ONLY,webbsite_full.sqlite/participants
webb_ccass,1411,B02011,ccass:B02011,ZHONG YANG SECURITIES LTD,2016-05-10,2016-05-10,CANONICAL_MAPPED,webbsite_full.sqlite/participants
webb_ccass,1412,B02012,ccass:B02012,BOSC INTERNATIONAL CO LTD,2016-05-11,2016-05-11,CANONICAL_MAPPED,webbsite_full.sqlite/participants
webb_ccass,1413,B02013,ccass:B02013,ACU SECURITIES LTD,2021-06-02,2016-05-16,CANONICAL_MAPPED,webbsite_full.sqlite/participants
webb_ccass,1414,,webb:part:1414,LAM WANG HOI STEPHEN,2016-05-16,2016-05-16,SOURCE_ID_ONLY,webbsite_full.sqlite/participants
webb_ccass,1415,,webb:part:1415,YIP LAI YING,2016-05-18,2016-05-18,SOURCE_ID_ONLY,webbsite_full.sqlite/participants
webb_ccass,1416,B02014,ccass:B02014,YUET SHEUNG INTERNATIONAL SECURITIES LTD,2017-08-28,2016-05-23,CANONICAL_MAPPED,webbsite_full.sqlite/participants
webb_ccass,1417,,webb:part:1417,WONG WING HANG,2016-05-24,2016-05-24,SOURCE_ID_ONLY,webbsite_full.sqlite/participants
webb_ccass,1418,,webb:part:1418,YAU SZE HOK,2016-05-31,2016-05-31,SOURCE_ID_ONLY,webbsite_full.sqlite/participants
webb_ccass,1419,,webb:part:1419,CHAN PAK BING,2016-06-15,2016-06-15,SOURCE_ID_ONLY,webbsite_full.sqlite/participants
webb_ccass,1420,,webb:part:1420,FUNG HOU LING STELLA,2016-06-17,2016-06-17,SOURCE_ID_ONLY,webbsite_full.sqlite/participants
webb_ccass,1421,B02015,ccass:B02015,VISION CAPITAL INTERNATIONAL HOLDINGS,2016-06-30,2016-06-30,CANONICAL_MAPPED,webbsite_full.sqlite/participants
webb_ccass,1422,B02016,ccass:B02016,GOLDHORSE SECURITIES LTD,2021-06-23,2016-07-04,CANONICAL_MAPPED,webbsite_full.sqlite/participants
webb_ccass,1423,B02017,ccass:B02017,WILSON SECURITIES LTD,2016-07-06,2016-07-06,CANONICAL_MAPPED,webbsite_full.sqlite/participants
webb_ccass,1424,,webb:part:1424,CHAN WING SEE EVA,2016-07-06,2016-07-06,SOURCE_ID_ONLY,webbsite_full.sqlite/participants
webb_ccass,1425,B02018,ccass:B02018,CORNERSTONE SECURITIES LTD,2016-07-08,2016-07-08,CANONICAL_MAPPED,webbsite_full.sqlite/participants
webb_ccass,1426,,webb:part:1426,HO SUK KWAN,2016-07-11,2016-07-11,SOURCE_ID_ONLY,webbsite_full.sqlite/participants
webb_ccass,1427,B02019,ccass:B02019,GEO SECURITIES LTD,2016-07-12,2016-07-12,CANONICAL_MAPPED,webbsite_full.sqlite/participants
webb_ccass,1428,,webb:part:1428,WONG YUE CHIU HORACE,2016-07-12,2016-07-12,SOURCE_ID_ONLY,webbsite_full.sqlite/participants
webb_ccass,1429,,webb:part:1429,LAW SAU MAN,2016-07-12,2016-07-12,SOURCE_ID_ONLY,webbsite_full.sqlite/participants
webb_ccass,1430,,webb:part:1430,IM KWOK FONG,2016-07-12,2016-07-12,SOURCE_ID_ONLY,webbsite_full.sqlite/participants
webb_ccass,1431,,webb:part:1431,WONG WAI KWONG,2016-07-13,2016-07-13,SOURCE_ID_ONLY,webbsite_full.sqlite/participants
webb_ccass,1432,,webb:part:1432,TANG CHEUNG,2016-07-20,2016-07-20,SOURCE_ID_ONLY,webbsite_full.sqlite/participants
webb_ccass,1433,B02020,ccass:B02020,WEALTH LINK SECURITIES LTD,2016-08-01,2016-08-01,CANONICAL_MAPPED,webbsite_full.sqlite/participants
webb_ccass,1434,,webb:part:1434,WONG WAI KEUNG,2016-08-01,2016-08-01,SOURCE_ID_ONLY,webbsite_full.sqlite/participants
webb_ccass,1435,B02021,ccass:B02021,NEW HARVEST WEALTH SECURITIES COMPANY,2023-11-01,2016-08-08,CANONICAL_MAPPED,webbsite_full.sqlite/participants
webb_ccass,1436,B02022,ccass:B02022,CHAOSHANG SECURITIES LTD,2016-08-09,2016-08-09,CANONICAL_MAPPED,webbsite_full.sqlite/participants
webb_ccass,1437,B02023,ccass:B02023,DONGHAI INTERNATIONAL SECURITIES,2016-08-16,2016-08-16,CANONICAL_MAPPED,webbsite_full.sqlite/participants
webb_ccass,1438,B02024,ccass:B02024,NAN GUO INTERNATIONAL SECURITIES LTD,2018-02-08,2016-08-18,CANONICAL_MAPPED,webbsite_full.sqlite/participants
webb_ccass,1439,B02025,ccass:B02025,ASIA WEALTH SECURITIES LTD,2016-08-22,2016-08-22,CANONICAL_MAPPED,webbsite_full.sqlite/participants
webb_ccass,1440,,webb:part:1440,LAM CHIK KUEN (DECEASED),2016-08-23,2016-08-23,SOURCE_ID_ONLY,webbsite_full.sqlite/participants
webb_ccass,1441,B02026,ccass:B02026,PRIOR SECURITIES LTD,2016-09-01,2016-09-01,CANONICAL_MAPPED,webbsite_full.sqlite/participants
webb_ccass,1442,B02027,ccass:B02027,LEADING SECURITIES COMPANY LTD,2024-02-26,2016-09-05,CANONICAL_MAPPED,webbsite_full.sqlite/participants
webb_ccass,1443,B02028,ccass:B02028,SORRENTO SECURITIES LTD,2016-09-07,2016-09-07,CANONICAL_MAPPED,webbsite_full.sqlite/participants
webb_ccass,1444,B02029,ccass:B02029,HONOR SECURITIES (HK) LTD,2020-11-12,2016-09-12,CANONICAL_MAPPED,webbsite_full.sqlite/participants
webb_ccass,1445,,webb:part:1445,LAM PING HEI,2016-09-14,2016-09-14,SOURCE_ID_ONLY,webbsite_full.sqlite/participants
webb_ccass,1446,B01874,ccass:B01874,BTIG HONG KONG LTD,2016-09-15,2016-09-15,CANONICAL_MAPPED,webbsite_full.sqlite/participants
webb_ccass,1447,B02030,ccass:B02030,SR WEALTH SECURITIES LTD,2016-09-19,2016-09-19,CANONICAL_MAPPED,webbsite_full.sqlite/participants
webb_ccass,1448,B02031,ccass:B02031,GOLDLINK SECURITIES LTD,2016-09-28,2016-09-28,CANONICAL_MAPPED,webbsite_full.sqlite/participants
webb_ccass,1449,B02032,ccass:B02032,FORTHRIGHT SECURITIES CO LTD,2016-09-28,2016-09-28,CANONICAL_MAPPED,webbsite_full.sqlite/participants
webb_ccass,1450,B02033,ccass:B02033,SPDB INTERNATIONAL CAPITAL LTD,2016-10-03,2016-10-03,CANONICAL_MAPPED,webbsite_full.sqlite/participants
webb_ccass,1451,B02034,ccass:B02034,CHUENMAN SECURITIES LTD,2019-02-25,2016-10-04,CANONICAL_MAPPED,webbsite_full.sqlite/participants
webb_ccass,1452,B02035,ccass:B02035,PRIME CHINA SECURITIES LTD,2016-10-06,2016-10-06,CANONICAL_MAPPED,webbsite_full.sqlite/participants
webb_ccass,1454,B02036,ccass:B02036,DAKIN SECURITIES LTD,2016-11-08,2016-11-08,CANONICAL_MAPPED,webbsite_full.sqlite/participants
webb_ccass,1455,B02037,ccass:B02037,KAI YIN SECURITIES LTD,2022-06-22,2016-11-09,CANONICAL_MAPPED,webbsite_full.sqlite/participants
webb_ccass,1456,A00004,ccass:A00004,CHINA SECURITIES DEPOSITORY AND CLEARING,2016-11-10,2016-11-10,CANONICAL_MAPPED,webbsite_full.sqlite/participants
webb_ccass,1457,,webb:part:1457,"LEE LING LING, YUEN CHIK PUI",2016-11-10,2016-11-10,SOURCE_ID_ONLY,webbsite_full.sqlite/participants
webb_ccass,1459,B02038,ccass:B02038,WEST BULL SECURITIES LTD,2021-02-05,2016-11-21,CANONICAL_MAPPED,webbsite_full.sqlite/participants
webb_ccass,1460,,webb:part:1460,SIU TIT LUNG,2016-11-23,2016-11-23,SOURCE_ID_ONLY,webbsite_full.sqlite/participants
webb_ccass,1461,,webb:part:1461,SO MING TAK,2016-11-30,2016-11-30,SOURCE_ID_ONLY,webbsite_full.sqlite/participants
webb_ccass,1462,B02039,ccass:B02039,ZHONG JIA SECURITIES LTD,2017-05-25,2016-12-01,CANONICAL_MAPPED,webbsite_full.sqlite/participants
webb_ccass,1463,B02040,ccass:B02040,TRADEMASTER SECURITIES (HONG KONG) LTD,2019-05-28,2016-12-01,CANONICAL_MAPPED,webbsite_full.sqlite/participants
webb_ccass,1464,,webb:part:1464,AU YEE,2016-12-08,2016-12-08,SOURCE_ID_ONLY,webbsite_full.sqlite/participants
webb_ccass,1465,,webb:part:1465,CHOW KIN SUN,2016-12-09,2016-12-09,SOURCE_ID_ONLY,webbsite_full.sqlite/participants
webb_ccass,1466,B02041,ccass:B02041,CNCB (HONG KONG) CAPITAL LTD,2016-12-12,2016-12-12,CANONICAL_MAPPED,webbsite_full.sqlite/participants
webb_ccass,1467,,webb:part:1467,CHAN YUE TAK,2017-01-03,2017-01-03,SOURCE_ID_ONLY,webbsite_full.sqlite/participants
webb_ccass,1468,,webb:part:1468,KWOK CHUN BONG,2017-01-04,2017-01-04,SOURCE_ID_ONLY,webbsite_full.sqlite/participants
webb_ccass,1469,,webb:part:1469,TANG KWAN HUI RONNY,2017-01-10,2017-01-10,SOURCE_ID_ONLY,webbsite_full.sqlite/participants
webb_ccass,1470,B02042,ccass:B02042,MONMONKEY GROUP SECURITIES LTD,2020-10-21,2017-01-11,CANONICAL_MAPPED,webbsite_full.sqlite/participants
webb_ccass,1472,,webb:part:1472,LEUNG SIU TAN,2017-01-25,2017-01-25,SOURCE_ID_ONLY,webbsite_full.sqlite/participants
webb_ccass,1473,,webb:part:1473,LEUNG U MUN,2017-01-26,2017-01-26,SOURCE_ID_ONLY,webbsite_full.sqlite/participants
webb_ccass,1474,C00104,ccass:C00104,SHANGHAI PUDONG DEVELOPMENT BANK CO.,2017-02-01,2017-02-01,CANONICAL_MAPPED,webbsite_full.sqlite/participants
webb_ccass,1475,B02044,ccass:B02044,FERRAN SECURITIES LTD,2017-02-10,2017-02-10,CANONICAL_MAPPED,webbsite_full.sqlite/participants
webb_ccass,1476,,webb:part:1476,OR DEN FUNG BONNIE,2017-02-10,2017-02-10,SOURCE_ID_ONLY,webbsite_full.sqlite/participants
webb_ccass,1477,,webb:part:1477,TAO KWOK YING,2017-02-10,2017-02-10,SOURCE_ID_ONLY,webbsite_full.sqlite/participants
webb_ccass,1478,,webb:part:1478,TIDYCORP COMPANY INC.,2017-02-10,2017-02-10,SOURCE_ID_ONLY,webbsite_full.sqlite/participants
webb_ccass,1479,B02045,ccass:B02045,AAA SECURITIES CO. LTD,2017-02-14,2017-02-14,CANONICAL_MAPPED,webbsite_full.sqlite/participants
webb_ccass,1480,,webb:part:1480,YEUNG WING SANG,2017-02-14,2017-02-14,SOURCE_ID_ONLY,webbsite_full.sqlite/participants
webb_ccass,1481,B02046,ccass:B02046,CHINA ZHONG HENG FINANCE GROUP LTD,2020-04-21,2017-02-20,CANONICAL_MAPPED,webbsite_full.sqlite/participants
webb_ccass,1482,B02047,ccass:B02047,EDDID SECURITIES AND FUTURES LTD,2017-12-19,2017-02-21,CANONICAL_MAPPED,webbsite_full.sqlite/participants
webb_ccass,1483,B02048,ccass:B02048,CHINA TRANSFER CAPITAL INVESTMENT LTD,2017-02-22,2017-02-22,CANONICAL_MAPPED,webbsite_full.sqlite/participants
webb_ccass,1484,C00105,ccass:C00105,AGRICULTURAL BANK OF CHINA LTD,2017-02-28,2017-02-28,CANONICAL_MAPPED,webbsite_full.sqlite/participants
webb_ccass,1485,,webb:part:1485,WONG LAI MING,2017-02-28,2017-02-28,SOURCE_ID_ONLY,webbsite_full.sqlite/participants
webb_ccass,1486,B02049,ccass:B02049,PACIFIC INTERNATIONAL SECURITIES LTD,2017-03-01,2017-03-01,CANONICAL_MAPPED,webbsite_full.sqlite/participants
webb_ccass,1487,B02050,ccass:B02050,"QUASAR SECURITIES CO., LTD",2017-03-01,2017-03-01,CANONICAL_MAPPED,webbsite_full.sqlite/participants
webb_ccass,1488,,webb:part:1488,LAM TING KWOK,2017-03-02,2017-03-02,SOURCE_ID_ONLY,webbsite_full.sqlite/participants
webb_ccass,1489,B02051,ccass:B02051,GRAND VIEW SECURITIES LTD,2017-03-03,2017-03-03,CANONICAL_MAPPED,webbsite_full.sqlite/participants
webb_ccass,1490,,webb:part:1490,YIP MING SHUM,2017-03-06,2017-03-06,SOURCE_ID_ONLY,webbsite_full.sqlite/participants
webb_ccass,1491,B02052,ccass:B02052,SUNHIGH FINANCIAL HOLDINGS LTD,2022-12-08,2017-03-10,CANONICAL_MAPPED,webbsite_full.sqlite/participants
webb_ccass,1492,B02053,ccass:B02053,ORIGINAL GROUP SECURITIES LTD,2021-03-24,2017-03-10,CANONICAL_MAPPED,webbsite_full.sqlite/participants
webb_ccass,1493,B02054,ccass:B02054,BLUEMOUNT SECURITIES LTD,2017-03-14,2017-03-14,CANONICAL_MAPPED,webbsite_full.sqlite/participants
webb_ccass,1494,B02055,ccass:B02055,SUNFUND SECURITIES LTD,2017-03-15,2017-03-15,CANONICAL_MAPPED,webbsite_full.sqlite/participants
webb_ccass,1495,B02056,ccass:B02056,RUIBANG SECURITIES LTD,2017-03-17,2017-03-17,CANONICAL_MAPPED,webbsite_full.sqlite/participants
webb_ccass,1496,,webb:part:1496,CHUI HON MAN,2017-03-17,2017-03-17,SOURCE_ID_ONLY,webbsite_full.sqlite/participants
webb_ccass,1497,,webb:part:1497,CHAN KWONG WING,2017-03-17,2017-03-17,SOURCE_ID_ONLY,webbsite_full.sqlite/participants
webb_ccass,1498,B02057,ccass:B02057,FUNDE SECURITIES LTD,2025-07-29,2017-03-20,CANONICAL_MAPPED,webbsite_full.sqlite/participants
webb_ccass,1499,B02058,ccass:B02058,CONSTANCE CAPITAL LTD,2017-03-21,2017-03-21,CANONICAL_MAPPED,webbsite_full.sqlite/participants
webb_ccass,1500,B02059,ccass:B02059,MIDAS SECURITIES LTD,2017-03-22,2017-03-22,CANONICAL_MAPPED,webbsite_full.sqlite/participants
webb_ccass,1501,B02060,ccass:B02060,LEGO SECURITIES LTD,2017-03-23,2017-03-23,CANONICAL_MAPPED,webbsite_full.sqlite/participants
webb_ccass,1502,C00106,ccass:C00106,GRAND MOORE CAPITAL LTD,2017-03-23,2017-03-23,CANONICAL_MAPPED,webbsite_full.sqlite/participants
webb_ccass,1503,,webb:part:1503,LO SIK MO,2017-03-23,2017-03-23,SOURCE_ID_ONLY,webbsite_full.sqlite/participants
webb_ccass,1504,B02061,ccass:B02061,GRAND PARTNERS SECURITIES LTD,2017-03-24,2017-03-24,CANONICAL_MAPPED,webbsite_full.sqlite/participants
webb_ccass,1505,B02062,ccass:B02062,CHINA INTERNATIONAL SECURITIES LTD,2017-03-27,2017-03-27,CANONICAL_MAPPED,webbsite_full.sqlite/participants
webb_ccass,1506,B02063,ccass:B02063,BLACKWELL GLOBAL SECURITIES LTD,2017-04-03,2017-04-03,CANONICAL_MAPPED,webbsite_full.sqlite/participants
webb_ccass,1507,,webb:part:1507,TAM LAI FONG,2017-04-05,2017-04-05,SOURCE_ID_ONLY,webbsite_full.sqlite/participants
webb_ccass,1508,B02064,ccass:B02064,GALAXY TREASURE SECURITIES GROUP LTD,2017-04-10,2017-04-10,CANONICAL_MAPPED,webbsite_full.sqlite/participants
webb_ccass,1509,B02065,ccass:B02065,FORTUNE ORIGIN SECURITIES LTD,2024-01-02,2017-04-12,CANONICAL_MAPPED,webbsite_full.sqlite/participants
webb_ccass,1510,B02067,ccass:B02067,LIGHTHOUSE CAPITAL (HK) FINANCIAL LTD,2022-12-02,2017-04-19,CANONICAL_MAPPED,webbsite_full.sqlite/participants
webb_ccass,1511,,webb:part:1511,WONG DI FAI ANDY,2017-04-21,2017-04-21,SOURCE_ID_ONLY,webbsite_full.sqlite/participants
webb_ccass,1512,C00107,ccass:C00107,"INDUSTRIAL BANK CO., LTD.",2017-05-05,2017-05-05,CANONICAL_MAPPED,webbsite_full.sqlite/participants
webb_ccass,1513,B02068,ccass:B02068,CANFIELD SECURITIES CO LTD,2017-05-10,2017-05-10,CANONICAL_MAPPED,webbsite_full.sqlite/participants
webb_ccass,1514,B02069,ccass:B02069,YUBO SECURITIES LTD,2017-05-11,2017-05-11,CANONICAL_MAPPED,webbsite_full.sqlite/participants
webb_ccass,1515,,webb:part:1515,WAI CHI TIM JACKY,2017-05-15,2017-05-15,SOURCE_ID_ONLY,webbsite_full.sqlite/participants
webb_ccass,1516,,webb:part:1516,WONG WAI CHUN,2017-05-18,2017-05-18,SOURCE_ID_ONLY,webbsite_full.sqlite/participants
webb_ccass,1517,B02070,ccass:B02070,UZEN SECURITIES LTD,2024-09-03,2017-05-26,CANONICAL_MAPPED,webbsite_full.sqlite/participants
webb_ccass,1518,,webb:part:1518,"CHAU HO LEUNG, WONG SUI SHAN CANDY",2017-05-26,2017-05-26,SOURCE_ID_ONLY,webbsite_full.sqlite/participants
webb_ccass,1519,,webb:part:1519,TSANG KWONG CHUNG,2017-06-08,2017-06-08,SOURCE_ID_ONLY,webbsite_full.sqlite/participants
webb_ccass,1520,B02071,ccass:B02071,CHINA-HONG KONG CONNECT INTERNATIONAL,2024-01-22,2017-06-09,CANONICAL_MAPPED,webbsite_full.sqlite/participants
webb_ccass,1521,B02072,ccass:B02072,SBI E2-CAPITAL SECURITIES LTD,2020-10-09,2017-06-09,CANONICAL_MAPPED,webbsite_full.sqlite/participants
webb_ccass,1522,B02073,ccass:B02073,SOLOMON JFZ (ASIA) HOLDINGS LTD,2017-06-12,2017-06-12,CANONICAL_MAPPED,webbsite_full.sqlite/participants
webb_ccass,1523,B02074,ccass:B02074,FRUIT TREE SECURITIES LTD,2017-06-13,2017-06-13,CANONICAL_MAPPED,webbsite_full.sqlite/participants
webb_ccass,1524,B02075,ccass:B02075,INNOVAX SECURITIES LTD,2017-06-15,2017-06-15,CANONICAL_MAPPED,webbsite_full.sqlite/participants
webb_ccass,1525,,webb:part:1525,TUNG SAI YI,2017-06-15,2017-06-15,SOURCE_ID_ONLY,webbsite_full.sqlite/participants
webb_ccass,1526,,webb:part:1526,WONG JING YUNG,2017-06-15,2017-06-15,SOURCE_ID_ONLY,webbsite_full.sqlite/participants
webb_ccass,1527,B02076,ccass:B02076,SINOSTAR SECURITIES LTD,2017-06-16,2017-06-16,CANONICAL_MAPPED,webbsite_full.sqlite/participants
webb_ccass,1528,B02077,ccass:B02077,CONRAD INVESTMENT SERVICES LTD,2017-06-20,2017-06-20,CANONICAL_MAPPED,webbsite_full.sqlite/participants
webb_ccass,1529,B02078,ccass:B02078,AFFLUX SECURITIES LTD,2017-07-04,2017-07-04,CANONICAL_MAPPED,webbsite_full.sqlite/participants
webb_ccass,1530,B02079,ccass:B02079,WONDER FACE FUND MANAGEMENT CO LTD,2017-07-04,2017-07-04,CANONICAL_MAPPED,webbsite_full.sqlite/participants
webb_ccass,1531,B02080,ccass:B02080,FUTEC FINANCIAL LTD,2021-09-29,2017-07-05,CANONICAL_MAPPED,webbsite_full.sqlite/participants
webb_ccass,1532,B02081,ccass:B02081,FIRST FIDELITY CAPITAL (INTERNATIONAL),2019-06-28,2017-07-06,CANONICAL_MAPPED,webbsite_full.sqlite/participants
webb_ccass,1533,B02082,ccass:B02082,YELLOW RIVER SECURITIES LTD,2017-07-10,2017-07-10,CANONICAL_MAPPED,webbsite_full.sqlite/participants
webb_ccass,1534,,webb:part:1534,LI FUNG CHOW,2017-07-11,2017-07-11,SOURCE_ID_ONLY,webbsite_full.sqlite/participants
webb_ccass,1535,,webb:part:1535,SHIU GENEVIEVE KIT YING,2017-07-12,2017-07-12,SOURCE_ID_ONLY,webbsite_full.sqlite/participants
webb_ccass,1536,B02084,ccass:B02084,CHINA ON SECURITIES LTD,2021-08-17,2017-07-21,CANONICAL_MAPPED,webbsite_full.sqlite/participants
webb_ccass,1537,,webb:part:1537,CHU WAI KWAN,2017-07-24,2017-07-24,SOURCE_ID_ONLY,webbsite_full.sqlite/participants
webb_ccass,1538,,webb:part:1538,WONG MAN LOK,2017-07-26,2017-07-26,SOURCE_ID_ONLY,webbsite_full.sqlite/participants
webb_ccass,1539,,webb:part:1539,LO CHI WAI,2017-07-28,2017-07-28,SOURCE_ID_ONLY,webbsite_full.sqlite/participants
webb_ccass,1540,B02085,ccass:B02085,JOY RICH SECURITIES INVESTMENT LTD,2017-08-08,2017-08-08,CANONICAL_MAPPED,webbsite_full.sqlite/participants
webb_ccass,1541,B02086,ccass:B02086,"BG SECURITIES (HK) CO., LTD",2021-02-05,2017-08-09,CANONICAL_MAPPED,webbsite_full.sqlite/participants
webb_ccass,1542,,webb:part:1542,TANG LEI BING VICKY,2017-08-18,2017-08-18,SOURCE_ID_ONLY,webbsite_full.sqlite/participants
webb_ccass,1543,B02087,ccass:B02087,GLOBAL MASTERMIND SECURITIES LTD,2017-08-21,2017-08-21,CANONICAL_MAPPED,webbsite_full.sqlite/participants
webb_ccass,1544,B02088,ccass:B02088,CARLYON SECURITIES LTD,2017-08-23,2017-08-23,CANONICAL_MAPPED,webbsite_full.sqlite/participants
webb_ccass,1545,,webb:part:1545,CHAN HO TAI,2017-08-28,2017-08-28,SOURCE_ID_ONLY,webbsite_full.sqlite/participants
webb_ccass,1546,,webb:part:1546,CHAN SHUK WAI,2017-08-29,2017-08-29,SOURCE_ID_ONLY,webbsite_full.sqlite/participants
webb_ccass,1547,,webb:part:1547,YEUNG YING LAI,2017-08-30,2017-08-30,SOURCE_ID_ONLY,webbsite_full.sqlite/participants
webb_ccass,1548,B02089,ccass:B02089,TONGFANG SECURITIES LTD,2017-09-01,2017-09-01,CANONICAL_MAPPED,webbsite_full.sqlite/participants
webb_ccass,1549,,webb:part:1549,LEUNG YIP HANG STEVEN,2017-09-05,2017-09-05,SOURCE_ID_ONLY,webbsite_full.sqlite/participants
webb_ccass,1550,B02090,ccass:B02090,PULUN INTERNATIONAL SECURITIES LTD,2024-02-28,2017-09-08,CANONICAL_MAPPED,webbsite_full.sqlite/participants
webb_ccass,1551,B02091,ccass:B02091,STAR RIVER SECURITIES LTD,2024-07-08,2017-09-11,CANONICAL_MAPPED,webbsite_full.sqlite/participants
webb_ccass,1552,,webb:part:1552,WONG KA LEI,2017-09-11,2017-09-11,SOURCE_ID_ONLY,webbsite_full.sqlite/participants
webb_ccass,1553,C00108,ccass:C00108,"CHINA MINSHENG BANKING CORP., LTD.",2017-09-13,2017-09-13,CANONICAL_MAPPED,webbsite_full.sqlite/participants
webb_ccass,1554,,webb:part:1554,SHUM PORTIA,2017-09-15,2017-09-15,SOURCE_ID_ONLY,webbsite_full.sqlite/participants
webb_ccass,1555,,webb:part:1555,PAU HANG YEE MAUD,2017-09-15,2017-09-15,SOURCE_ID_ONLY,webbsite_full.sqlite/participants
webb_ccass,1556,B02092,ccass:B02092,I WIN SECURITIES LTD,2017-09-18,2017-09-18,CANONICAL_MAPPED,webbsite_full.sqlite/participants
webb_ccass,1557,,webb:part:1557,FUNG SZE YAN,2017-09-18,2017-09-18,SOURCE_ID_ONLY,webbsite_full.sqlite/participants
webb_ccass,1558,B02093,ccass:B02093,UPMAX SECURITIES LTD,2017-09-20,2017-09-20,CANONICAL_MAPPED,webbsite_full.sqlite/participants
webb_ccass,1559,B02094,ccass:B02094,ADVENT SECURITIES (HONG KONG) LTD,2024-12-16,2017-09-22,CANONICAL_MAPPED,webbsite_full.sqlite/participants
webb_ccass,1560,B02095,ccass:B02095,LION INTERNATIONAL SECURITIES GROUP LTD,2017-09-25,2017-09-25,CANONICAL_MAPPED,webbsite_full.sqlite/participants
webb_ccass,1561,,webb:part:1561,SO SAU SHAN SIMON (DECEASED),2017-09-25,2017-09-25,SOURCE_ID_ONLY,webbsite_full.sqlite/participants
webb_ccass,1562,B02096,ccass:B02096,AFG SECURITIES LTD,2017-09-27,2017-09-27,CANONICAL_MAPPED,webbsite_full.sqlite/participants
webb_ccass,1563,B02097,ccass:B02097,POLY WEALTH SECURITIES LTD,2017-10-03,2017-10-03,CANONICAL_MAPPED,webbsite_full.sqlite/participants
webb_ccass,1564,B02098,ccass:B02098,SP GLOBAL ACCESS LTD,2017-10-04,2017-10-04,CANONICAL_MAPPED,webbsite_full.sqlite/participants
webb_ccass,1565,B02099,ccass:B02099,DA INTERNATIONAL FINANCIAL SERVICE LTD,2017-10-09,2017-10-09,CANONICAL_MAPPED,webbsite_full.sqlite/participants
webb_ccass,1566,B02100,ccass:B02100,WEALTHY SECURITIES LTD,2017-10-10,2017-10-10,CANONICAL_MAPPED,webbsite_full.sqlite/participants
webb_ccass,1567,,webb:part:1567,AU-YEUNG MAN KEEN DAVID,2017-10-10,2017-10-10,SOURCE_ID_ONLY,webbsite_full.sqlite/participants
webb_ccass,1568,B02101,ccass:B02101,ACER KING SECURITIES INTERNATIONAL LTD,2017-10-13,2017-10-13,CANONICAL_MAPPED,webbsite_full.sqlite/participants
webb_ccass,1569,B02102,ccass:B02102,ZINVEST GLOBAL LTD,2019-07-05,2017-11-01,CANONICAL_MAPPED,webbsite_full.sqlite/participants
webb_ccass,1570,,webb:part:1570,YUEN TUNG HA,2017-11-02,2017-11-02,SOURCE_ID_ONLY,webbsite_full.sqlite/participants
webb_ccass,1571,,webb:part:1571,WAN YUK WAH,2017-11-07,2017-11-07,SOURCE_ID_ONLY,webbsite_full.sqlite/participants
webb_ccass,1572,,webb:part:1572,POON KIT SHAN BRENDA,2017-11-08,2017-11-08,SOURCE_ID_ONLY,webbsite_full.sqlite/participants
webb_ccass,1573,,webb:part:1573,BRIGHT JOY VENTURES LIMITED,2017-11-08,2017-11-08,SOURCE_ID_ONLY,webbsite_full.sqlite/participants
webb_ccass,1574,B02103,ccass:B02103,CEB INTERNATIONAL CAPITAL CORPORATION,2017-11-13,2017-11-13,CANONICAL_MAPPED,webbsite_full.sqlite/participants
webb_ccass,1575,,webb:part:1575,FENG MAN CHIK ALEX,2017-11-14,2017-11-14,SOURCE_ID_ONLY,webbsite_full.sqlite/participants
webb_ccass,1576,,webb:part:1576,WONG KWOK WA,2017-11-16,2017-11-16,SOURCE_ID_ONLY,webbsite_full.sqlite/participants
webb_ccass,1577,,webb:part:1577,CHU TIT TO,2017-11-17,2017-11-17,SOURCE_ID_ONLY,webbsite_full.sqlite/participants
webb_ccass,1578,B02104,ccass:B02104,MAGPIE SECURITIES LTD,2021-06-30,2017-11-22,CANONICAL_MAPPED,webbsite_full.sqlite/participants
webb_ccass,1579,B02105,ccass:B02105,VMI SECURITIES LTD,2017-11-23,2017-11-23,CANONICAL_MAPPED,webbsite_full.sqlite/participants
webb_ccass,1580,,webb:part:1580,LO CHING FUNG,2017-11-23,2017-11-23,SOURCE_ID_ONLY,webbsite_full.sqlite/participants
webb_ccass,1581,B02106,ccass:B02106,HOLLY INTERNATIONAL FINANCIAL HOLDINGS,2020-04-06,2017-12-01,CANONICAL_MAPPED,webbsite_full.sqlite/participants
webb_ccass,1582,,webb:part:1582,TAK FUNG INTERNATIONAL LIMITED,2017-12-01,2017-12-01,SOURCE_ID_ONLY,webbsite_full.sqlite/participants
webb_ccass,1583,,webb:part:1583,YEUNG YUEN BUN BENNY,2017-12-08,2017-12-08,SOURCE_ID_ONLY,webbsite_full.sqlite/participants
webb_ccass,1584,B02107,ccass:B02107,MARKETSENSE SECURITIES LTD,2017-12-11,2017-12-11,CANONICAL_MAPPED,webbsite_full.sqlite/participants
webb_ccass,1585,,webb:part:1585,NG TANG KWAI,2017-12-12,2017-12-12,SOURCE_ID_ONLY,webbsite_full.sqlite/participants
webb_ccass,1586,,webb:part:1586,TSUI YEE MUI,2017-12-12,2017-12-12,SOURCE_ID_ONLY,webbsite_full.sqlite/participants
webb_ccass,1587,,webb:part:1587,LEE CHUN BIU,2017-12-12,2017-12-12,SOURCE_ID_ONLY,webbsite_full.sqlite/participants
webb_ccass,1588,B02108,ccass:B02108,WK SECURITIES LTD,2017-12-13,2017-12-13,CANONICAL_MAPPED,webbsite_full.sqlite/participants
webb_ccass,1589,B02109,ccass:B02109,PINETREE SECURITIES LTD,2017-12-18,2017-12-18,CANONICAL_MAPPED,webbsite_full.sqlite/participants
webb_ccass,1590,B02110,ccass:B02110,RED EAGLE SECURITIES LTD,2017-12-18,2017-12-18,CANONICAL_MAPPED,webbsite_full.sqlite/participants
webb_ccass,1591,,webb:part:1591,LI WING YEUNG PETER,2017-12-18,2017-12-18,SOURCE_ID_ONLY,webbsite_full.sqlite/participants
webb_ccass,1592,B02111,ccass:B02111,ZHONG XIANG SECURITIES LTD,2024-01-24,2017-12-27,CANONICAL_MAPPED,webbsite_full.sqlite/participants
webb_ccass,1593,,webb:part:1593,CHENG TAK SHUN,2018-01-02,2018-01-02,SOURCE_ID_ONLY,webbsite_full.sqlite/participants
webb_ccass,1594,,webb:part:1594,AU SHUK MAN,2018-01-02,2018-01-02,SOURCE_ID_ONLY,webbsite_full.sqlite/participants
webb_ccass,1595,,webb:part:1595,"LAM SIU LAN, LAM TSZ WAN",2018-01-04,2018-01-04,SOURCE_ID_ONLY,webbsite_full.sqlite/participants
webb_ccass,1596,,webb:part:1596,CHU KING YIN RENNY,2018-01-08,2018-01-08,SOURCE_ID_ONLY,webbsite_full.sqlite/participants
webb_ccass,1597,,webb:part:1597,LI CHI KEUNG,2018-01-08,2018-01-08,SOURCE_ID_ONLY,webbsite_full.sqlite/participants
webb_ccass,1598,,webb:part:1598,LEE CHEE KEUNG,2018-01-26,2018-01-26,SOURCE_ID_ONLY,webbsite_full.sqlite/participants
webb_ccass,1599,B02112,ccass:B02112,CORE CAPITAL SECURITIES LTD,2018-02-07,2018-02-07,CANONICAL_MAPPED,webbsite_full.sqlite/participants
webb_ccass,1600,,webb:part:1600,LEE KA WING,2018-02-08,2018-02-08,SOURCE_ID_ONLY,webbsite_full.sqlite/participants
webb_ccass,1601,B02113,ccass:B02113,UNITED SECURITIES LTD,2018-02-12,2018-02-12,CANONICAL_MAPPED,webbsite_full.sqlite/participants
webb_ccass,1602,B02114,ccass:B02114,THEIA SECURITIES LTD,2022-10-28,2018-02-23,CANONICAL_MAPPED,webbsite_full.sqlite/participants
webb_ccass,1603,,webb:part:1603,CHAN MEI LING,2018-03-09,2018-03-09,SOURCE_ID_ONLY,webbsite_full.sqlite/participants
webb_ccass,1604,B02116,ccass:B02116,MOUETTE SECURITIES CO LTD,2018-03-19,2018-03-19,CANONICAL_MAPPED,webbsite_full.sqlite/participants
webb_ccass,1605,B02117,ccass:B02117,FUTURE SECURITIES LTD,2024-06-11,2018-04-03,CANONICAL_MAPPED,webbsite_full.sqlite/participants
webb_ccass,1606,B02118,ccass:B02118,PO TAI SECURITIES (HONG KONG) LTD,2018-04-11,2018-04-11,CANONICAL_MAPPED,webbsite_full.sqlite/participants
webb_ccass,1607,B02119,ccass:B02119,GAYANG SECURITIES LTD,2018-04-12,2018-04-12,CANONICAL_MAPPED,webbsite_full.sqlite/participants
webb_ccass,1608,,webb:part:1608,LEUNG HANG FAI HENRY,2018-04-20,2018-04-20,SOURCE_ID_ONLY,webbsite_full.sqlite/participants
webb_ccass,1609,B02120,ccass:B02120,LIVERMORE HOLDINGS LTD,2018-05-09,2018-05-09,CANONICAL_MAPPED,webbsite_full.sqlite/participants
webb_ccass,1610,B02121,ccass:B02121,SPRING SECURITIES LTD,2018-05-11,2018-05-11,CANONICAL_MAPPED,webbsite_full.sqlite/participants
webb_ccass,1611,B02122,ccass:B02122,YUAN TONG GLOBAL SECURITIES LTD,2020-04-27,2018-05-18,CANONICAL_MAPPED,webbsite_full.sqlite/participants
webb_ccass,1612,B02123,ccass:B02123,CHINA DIFI SECURITIES LTD,2025-05-22,2018-05-28,CANONICAL_MAPPED,webbsite_full.sqlite/participants
webb_ccass,1613,B02124,ccass:B02124,EXCEL PRECISE SECURITIES LTD,2018-05-28,2018-05-28,CANONICAL_MAPPED,webbsite_full.sqlite/participants
webb_ccass,1614,,webb:part:1614,CHEUNG KWAN FAT,2018-06-05,2018-06-05,SOURCE_ID_ONLY,webbsite_full.sqlite/participants
webb_ccass,1615,B02125,ccass:B02125,CHINA YINSHENG INTERNATIONAL SECURITIES,2018-06-21,2018-06-21,CANONICAL_MAPPED,webbsite_full.sqlite/participants
webb_ccass,1616,B02126,ccass:B02126,PFC INTERNATIONAL CO LTD,2018-07-09,2018-07-09,CANONICAL_MAPPED,webbsite_full.sqlite/participants
webb_ccass,1617,B02127,ccass:B02127,HK MONKEY SECURITIES LTD,2018-07-10,2018-07-10,CANONICAL_MAPPED,webbsite_full.sqlite/participants
webb_ccass,1618,B02128,ccass:B02128,SILVERBRICKS SECURITIES CO LTD,2018-07-11,2018-07-11,CANONICAL_MAPPED,webbsite_full.sqlite/participants
webb_ccass,1619,B02129,ccass:B02129,WAN LUNG SECURITIES LTD,2018-07-27,2018-07-27,CANONICAL_MAPPED,webbsite_full.sqlite/participants
webb_ccass,1620,B02130,ccass:B02130,GRANVILLE FINANCIAL SERVICES CO LTD,2018-08-01,2018-08-01,CANONICAL_MAPPED,webbsite_full.sqlite/participants
webb_ccass,1621,,webb:part:1621,LEE YU MING,2018-08-03,2018-08-03,SOURCE_ID_ONLY,webbsite_full.sqlite/participants
webb_ccass,1622,,webb:part:1622,YIU YIN MAN,2018-08-06,2018-08-06,SOURCE_ID_ONLY,webbsite_full.sqlite/participants
webb_ccass,1623,B02131,ccass:B02131,DIFFER FINANCIAL AND SECURITIES LTD,2018-08-08,2018-08-08,CANONICAL_MAPPED,webbsite_full.sqlite/participants
webb_ccass,1624,C00109,ccass:C00109,"BANK OF COMMUNICATIONS CO., LTD.",2018-08-08,2018-08-08,CANONICAL_MAPPED,webbsite_full.sqlite/participants
webb_ccass,1625,,webb:part:1625,"HIGH FASHION CHARITABLE FOUNDATION, LIMITED",2018-09-21,2018-09-21,SOURCE_ID_ONLY,webbsite_full.sqlite/participants
webb_ccass,1626,,webb:part:1626,NG CHE WO RAYMOND,2018-10-02,2018-10-02,SOURCE_ID_ONLY,webbsite_full.sqlite/participants
webb_ccass,1627,B02132,ccass:B02132,BOOM SECURITIES (H.K.) LTD,2025-01-21,2018-10-08,CANONICAL_MAPPED,webbsite_full.sqlite/participants
webb_ccass,1628,B02133,ccass:B02133,CHINA SECURITIES LTD,2018-11-26,2018-11-26,CANONICAL_MAPPED,webbsite_full.sqlite/participants
webb_ccass,1629,B02134,ccass:B02134,HOPE SECURITIES LTD,2018-12-03,2018-12-03,CANONICAL_MAPPED,webbsite_full.sqlite/participants
webb_ccass,1630,B02135,ccass:B02135,ZUNDIAO SECURITIES LTD,2018-12-24,2018-12-24,CANONICAL_MAPPED,webbsite_full.sqlite/participants
webb_ccass,1631,B02136,ccass:B02136,HS SECURITIES LTD,2019-01-02,2019-01-02,CANONICAL_MAPPED,webbsite_full.sqlite/participants
webb_ccass,1632,B02137,ccass:B02137,"GREENCOURT FINANCIAL CO., LTD",2024-05-30,2019-01-16,CANONICAL_MAPPED,webbsite_full.sqlite/participants
webb_ccass,1633,B02138,ccass:B02138,TIGER FAITH SECURITIES LTD,2019-01-18,2019-01-18,CANONICAL_MAPPED,webbsite_full.sqlite/participants
webb_ccass,1634,B02139,ccass:B02139,WELL LINK INTERNATIONAL SECURITIES LTD,2024-05-09,2019-02-01,CANONICAL_MAPPED,webbsite_full.sqlite/participants
webb_ccass,1635,B02140,ccass:B02140,JQ SECURITIES (HONG KONG) LTD,2020-09-29,2019-02-01,CANONICAL_MAPPED,webbsite_full.sqlite/participants
webb_ccass,1636,B02141,ccass:B02141,XIN YONGAN INTERNATIONAL SECURITIES,2019-02-01,2019-02-01,CANONICAL_MAPPED,webbsite_full.sqlite/participants
webb_ccass,1637,B02142,ccass:B02142,TIGER BROKERS (HK) GLOBAL LTD,2022-03-22,2019-02-12,CANONICAL_MAPPED,webbsite_full.sqlite/participants
webb_ccass,1638,B02143,ccass:B02143,YUANYIN SECURITIES LTD,2019-03-12,2019-03-12,CANONICAL_MAPPED,webbsite_full.sqlite/participants
webb_ccass,1639,,webb:part:1639,NG YUK KWAN,2019-03-28,2019-03-28,SOURCE_ID_ONLY,webbsite_full.sqlite/participants
webb_ccass,1640,B02144,ccass:B02144,YEW TREE LTD,2019-04-02,2019-04-02,CANONICAL_MAPPED,webbsite_full.sqlite/participants
webb_ccass,1641,,webb:part:1641,KO TIN FOOK,2019-04-11,2019-04-11,SOURCE_ID_ONLY,webbsite_full.sqlite/participants
webb_ccass,1642,B02145,ccass:B02145,CIF SECURITIES FUTURES LTD,2019-04-15,2019-04-15,CANONICAL_MAPPED,webbsite_full.sqlite/participants
webb_ccass,1643,B02146,ccass:B02146,GRAND RICH SECURITIES LTD,2019-04-18,2019-04-18,CANONICAL_MAPPED,webbsite_full.sqlite/participants
webb_ccass,1644,B02147,ccass:B02147,REGAN INTERNATIONAL SECURITIES LTD,2019-05-09,2019-05-09,CANONICAL_MAPPED,webbsite_full.sqlite/participants
webb_ccass,1645,B02148,ccass:B02148,LEEDS SECURITIES INVESTMENT LTD,2023-10-19,2019-05-10,CANONICAL_MAPPED,webbsite_full.sqlite/participants
webb_ccass,1646,B02150,ccass:B02150,TARGET CAPITAL MANAGEMENT LTD,2019-05-20,2019-05-20,CANONICAL_MAPPED,webbsite_full.sqlite/participants
webb_ccass,1647,B02151,ccass:B02151,SOLITON SECURITIES LTD,2019-05-22,2019-05-22,CANONICAL_MAPPED,webbsite_full.sqlite/participants
webb_ccass,1648,B02152,ccass:B02152,PARCHMENT INVESTMENT LTD,2019-05-24,2019-05-24,CANONICAL_MAPPED,webbsite_full.sqlite/participants
webb_ccass,1649,B02153,ccass:B02153,WE SECURITIES LTD,2019-05-27,2019-05-27,CANONICAL_MAPPED,webbsite_full.sqlite/participants
webb_ccass,1650,B02154,ccass:B02154,MAGNUM RESEARCH LTD,2019-06-06,2019-06-06,CANONICAL_MAPPED,webbsite_full.sqlite/participants
webb_ccass,1651,B02155,ccass:B02155,ADEN FINANCIAL GROUP LTD,2019-06-17,2019-06-17,CANONICAL_MAPPED,webbsite_full.sqlite/participants
webb_ccass,1652,B02156,ccass:B02156,LINKWAYS INVESTMENT MANAGEMENT LTD,2024-03-25,2019-06-17,CANONICAL_MAPPED,webbsite_full.sqlite/participants
webb_ccass,1653,B02157,ccass:B02157,OIL ASSETS SECURITIES LTD,2019-06-25,2019-06-25,CANONICAL_MAPPED,webbsite_full.sqlite/participants
webb_ccass,1654,B02158,ccass:B02158,DT SECURITIES & FUTURES CO. LTD,2019-07-02,2019-07-02,CANONICAL_MAPPED,webbsite_full.sqlite/participants
webb_ccass,1655,B02159,ccass:B02159,USMART SECURITIES LTD,2019-07-05,2019-07-05,CANONICAL_MAPPED,webbsite_full.sqlite/participants
webb_ccass,1656,B02160,ccass:B02160,SUNTEK FINANCIAL INVESTMENT CO LTD,2019-07-15,2019-07-15,CANONICAL_MAPPED,webbsite_full.sqlite/participants
webb_ccass,1657,B02161,ccass:B02161,EMPERIO SECURITIES AND ASSETS MANAGEMENT,2019-08-01,2019-08-01,CANONICAL_MAPPED,webbsite_full.sqlite/participants
webb_ccass,1658,B02162,ccass:B02162,GAMMA SECURITIES LTD,2019-08-05,2019-08-05,CANONICAL_MAPPED,webbsite_full.sqlite/participants
webb_ccass,1659,B02163,ccass:B02163,GOLDEN EAGLE BROKERAGE LTD,2019-08-08,2019-08-08,CANONICAL_MAPPED,webbsite_full.sqlite/participants
webb_ccass,1660,,webb:part:1660,"LUI HONG, CHAN YUEN LING",2019-08-29,2019-08-29,SOURCE_ID_ONLY,webbsite_full.sqlite/participants
webb_ccass,1661,B02164,ccass:B02164,TUNG YAT SECURITIES LTD,2019-09-03,2019-09-03,CANONICAL_MAPPED,webbsite_full.sqlite/participants
webb_ccass,1662,B02165,ccass:B02165,YUEN META (INTERNATIONAL) SECURITIES LTD,2023-02-01,2019-09-04,CANONICAL_MAPPED,webbsite_full.sqlite/participants
webb_ccass,1663,,webb:part:1663,CHOW KAM HA EMILY,2019-09-19,2019-09-19,SOURCE_ID_ONLY,webbsite_full.sqlite/participants
webb_ccass,1664,,webb:part:1664,YEUNG YUI MING,2019-09-19,2019-09-19,SOURCE_ID_ONLY,webbsite_full.sqlite/participants
webb_ccass,1665,B02166,ccass:B02166,HTF SECURITIES LTD,2019-10-04,2019-10-04,CANONICAL_MAPPED,webbsite_full.sqlite/participants
webb_ccass,1666,B02167,ccass:B02167,SDG SECURITIES (HK) LTD,2019-10-11,2019-10-11,CANONICAL_MAPPED,webbsite_full.sqlite/participants
webb_ccass,1667,,webb:part:1667,NG SHUK MAN,2019-10-14,2019-10-14,SOURCE_ID_ONLY,webbsite_full.sqlite/participants
webb_ccass,1668,B02170,ccass:B02170,ZERO2IPO SECURITIES LTD,2021-12-14,2019-11-11,CANONICAL_MAPPED,webbsite_full.sqlite/participants
webb_ccass,1669,B02171,ccass:B02171,DL SECURITIES (HK) LTD,2019-11-25,2019-11-25,CANONICAL_MAPPED,webbsite_full.sqlite/participants
webb_ccass,1670,,webb:part:1670,CHAN PING YIP,2019-11-27,2019-11-27,SOURCE_ID_ONLY,webbsite_full.sqlite/participants
webb_ccass,1671,B02172,ccass:B02172,CITYLINE SECURITIES LTD,2023-07-13,2019-12-03,CANONICAL_MAPPED,webbsite_full.sqlite/participants
webb_ccass,1672,,webb:part:1672,CHAN HUNG ANG,2019-12-03,2019-12-03,SOURCE_ID_ONLY,webbsite_full.sqlite/participants
webb_ccass,1673,B02173,ccass:B02173,HONGKONG RICH & FORTUNE SECURITIES CO.,2019-12-09,2019-12-09,CANONICAL_MAPPED,webbsite_full.sqlite/participants
webb_ccass,1674,,webb:part:1674,FUNG YUK BING,2019-12-09,2019-12-09,SOURCE_ID_ONLY,webbsite_full.sqlite/participants
webb_ccass,1676,,webb:part:1676,LI YING TSUN,2019-12-19,2019-12-19,SOURCE_ID_ONLY,webbsite_full.sqlite/participants
webb_ccass,1677,B02175,ccass:B02175,WEBULL SECURITIES LTD,2020-09-23,2019-12-30,CANONICAL_MAPPED,webbsite_full.sqlite/participants
webb_ccass,1678,B02176,ccass:B02176,PING AN SECURITIES (HONG KONG) CO LTD,2025-08-07,2020-01-02,CANONICAL_MAPPED,webbsite_full.sqlite/participants
webb_ccass,1679,B02177,ccass:B02177,ZHESHANG INTERNATIONAL FINANCIAL,2020-01-03,2020-01-03,CANONICAL_MAPPED,webbsite_full.sqlite/participants
webb_ccass,1680,B02178,ccass:B02178,LEE GO SECURITIES LTD,2020-01-06,2020-01-06,CANONICAL_MAPPED,webbsite_full.sqlite/participants
webb_ccass,1681,,webb:part:1681,HAPPY LING'S LIMITED,2020-01-06,2020-01-06,SOURCE_ID_ONLY,webbsite_full.sqlite/participants
webb_ccass,1682,B02179,ccass:B02179,YAW KAI FINANCIAL GROUP LTD,2020-01-13,2020-01-13,CANONICAL_MAPPED,webbsite_full.sqlite/participants
webb_ccass,1683,B02180,ccass:B02180,PLUTUS SECURITIES LTD,2020-02-03,2020-02-03,CANONICAL_MAPPED,webbsite_full.sqlite/participants
webb_ccass,1684,A00005,ccass:A00005,CHINA SECURITIES DEPOSITORY AND CLEARING,2020-02-07,2020-02-07,CANONICAL_MAPPED,webbsite_full.sqlite/participants
webb_ccass,1685,B02181,ccass:B02181,GRAND CAPITAL SECURITIES LTD,2020-03-02,2020-03-02,CANONICAL_MAPPED,webbsite_full.sqlite/participants
webb_ccass,1686,B02183,ccass:B02183,SPDB INTERNATIONAL SECURITIES LTD,2020-03-25,2020-03-25,CANONICAL_MAPPED,webbsite_full.sqlite/participants
webb_ccass,1687,B02184,ccass:B02184,DINGXIN (SECURITIES) LTD,2020-05-28,2020-05-28,CANONICAL_MAPPED,webbsite_full.sqlite/participants
webb_ccass,1688,B02185,ccass:B02185,KOREA INVESTMENT & SECURITIES ASIA LTD,2020-06-08,2020-06-08,CANONICAL_MAPPED,webbsite_full.sqlite/participants
webb_ccass,1689,B02186,ccass:B02186,MONT AVENIR CAPITAL LTD,2020-06-15,2020-06-15,CANONICAL_MAPPED,webbsite_full.sqlite/participants
webb_ccass,1690,B02188,ccass:B02188,HOMILY WORLDWIDE SECURITIES COMPANY LTD,2020-08-10,2020-08-10,CANONICAL_MAPPED,webbsite_full.sqlite/participants
webb_ccass,1691,,webb:part:1691,YUNG KIT YI ALICE,2020-09-01,2020-09-01,SOURCE_ID_ONLY,webbsite_full.sqlite/participants
webb_ccass,1692,,webb:part:1692,HO JOHANNA TSI-YAN,2020-09-07,2020-09-07,SOURCE_ID_ONLY,webbsite_full.sqlite/participants
webb_ccass,1693,,webb:part:1693,DARYANANI DILIP ARJANDAS,2020-10-21,2020-10-21,SOURCE_ID_ONLY,webbsite_full.sqlite/participants
webb_ccass,1694,B02190,ccass:B02190,LUMINEUX SECURITIES LTD,2020-11-11,2020-11-11,CANONICAL_MAPPED,webbsite_full.sqlite/participants
webb_ccass,1695,,webb:part:1695,CHEUNG MEI LAN,2021-01-20,2021-01-20,SOURCE_ID_ONLY,webbsite_full.sqlite/participants
webb_ccass,1696,,webb:part:1696,HUI WING WONG,2021-03-09,2021-03-09,SOURCE_ID_ONLY,webbsite_full.sqlite/participants
webb_ccass,1697,,webb:part:1697,CHOI WAI TUNG (DECEASED),2021-04-08,2021-04-08,SOURCE_ID_ONLY,webbsite_full.sqlite/participants
webb_ccass,1698,B02191,ccass:B02191,NH INVESTMENT & SECURITIES (H.K.) LTD,2021-04-19,2021-04-19,CANONICAL_MAPPED,webbsite_full.sqlite/participants
webb_ccass,1699,B02192,ccass:B02192,HUAFU INTERNATIONAL SECURITIES LTD,2021-06-11,2021-06-11,CANONICAL_MAPPED,webbsite_full.sqlite/participants
webb_ccass,1700,B02193,ccass:B02193,PATRONS SECURITIES LTD,2022-05-23,2021-07-05,CANONICAL_MAPPED,webbsite_full.sqlite/participants
webb_ccass,1701,B02194,ccass:B02194,HARMONIA CAPITAL LTD,2021-07-06,2021-07-06,CANONICAL_MAPPED,webbsite_full.sqlite/participants
webb_ccass,1702,B02195,ccass:B02195,LONG BRIDGE HK LTD,2021-09-10,2021-09-07,CANONICAL_MAPPED,webbsite_full.sqlite/participants
webb_ccass,1703,B02196,ccass:B02196,MIGHTY DIVINE SECURITIES LTD,2021-09-10,2021-09-10,CANONICAL_MAPPED,webbsite_full.sqlite/participants
webb_ccass,1704,B02197,ccass:B02197,YUNRUI SECURITIES LTD,2021-09-21,2021-09-21,CANONICAL_MAPPED,webbsite_full.sqlite/participants
webb_ccass,1705,B02198,ccass:B02198,CITRUS SECURITIES LTD,2021-09-27,2021-09-27,CANONICAL_MAPPED,webbsite_full.sqlite/participants
webb_ccass,1706,B02199,ccass:B02199,LU INTERNATIONAL (HONG KONG) LTD,2021-09-28,2021-09-28,CANONICAL_MAPPED,webbsite_full.sqlite/participants
webb_ccass,1707,B02200,ccass:B02200,NINTH ETERNITY SECURITIES ASIA LTD,2023-07-05,2021-09-29,CANONICAL_MAPPED,webbsite_full.sqlite/participants
webb_ccass,1708,B02201,ccass:B02201,YONXI SECURITIES LTD,2021-09-29,2021-09-29,CANONICAL_MAPPED,webbsite_full.sqlite/participants
webb_ccass,1709,B02202,ccass:B02202,JMC CAPITAL INTERNATIONAL LTD,2021-09-30,2021-09-30,CANONICAL_MAPPED,webbsite_full.sqlite/participants
webb_ccass,1710,B02203,ccass:B02203,VENTURE SMART ASIA LTD,2021-09-30,2021-09-30,CANONICAL_MAPPED,webbsite_full.sqlite/participants
webb_ccass,1712,B02205,ccass:B02205,VICTORY SECURITIES (GLOBAL) LTD,2021-10-04,2021-10-04,CANONICAL_MAPPED,webbsite_full.sqlite/participants
webb_ccass,1713,B02206,ccass:B02206,ZIRCON SECURITIES (HK) LTD,2023-10-12,2021-10-04,CANONICAL_MAPPED,webbsite_full.sqlite/participants
webb_ccass,1715,B02208,ccass:B02208,CN FIRST INTERNATIONAL FUTURES LTD,2022-03-07,2022-03-07,CANONICAL_MAPPED,webbsite_full.sqlite/participants
webb_ccass,1716,B02210,ccass:B02210,ARK GROUP HOLDINGS (HONG KONG) LTD,2024-10-14,2022-03-21,CANONICAL_MAPPED,webbsite_full.sqlite/participants
webb_ccass,1718,B02212,ccass:B02212,HUAAN SECURITIES (HONG KONG) BROKERAGE,2022-05-20,2022-05-20,CANONICAL_MAPPED,webbsite_full.sqlite/participants
webb_ccass,1722,B02213,ccass:B02213,CITIC CFI SECURITIES COMPANY LTD,2023-07-18,2022-08-08,CANONICAL_MAPPED,webbsite_full.sqlite/participants
webb_ccass,1723,B02214,ccass:B02214,WINBULL SECURITIES INTERNATIONAL (HONG,2022-08-24,2022-08-24,CANONICAL_MAPPED,webbsite_full.sqlite/participants
webb_ccass,1724,B02215,ccass:B02215,JIN YI FINANCIAL GROUP LTD,2022-11-10,2022-11-10,CANONICAL_MAPPED,webbsite_full.sqlite/participants
webb_ccass,1725,,webb:part:1725,FUNG LAI HON,2022-12-12,2022-12-12,SOURCE_ID_ONLY,webbsite_full.sqlite/participants
webb_ccass,1726,,webb:part:1726,FUNG KAI LUN KAREN,2022-12-13,2022-12-13,SOURCE_ID_ONLY,webbsite_full.sqlite/participants
webb_ccass,1727,,webb:part:1727,FUNG HO SUET MUI CARMEN,2022-12-15,2022-12-15,SOURCE_ID_ONLY,webbsite_full.sqlite/participants
webb_ccass,1728,,webb:part:1728,CHANG WAN TING,2023-02-22,2023-02-22,SOURCE_ID_ONLY,webbsite_full.sqlite/participants
webb_ccass,1729,C00111,ccass:C00111,SOCIETE GENERALE,2023-04-17,2023-04-17,CANONICAL_MAPPED,webbsite_full.sqlite/participants
webb_ccass,1730,,webb:part:1730,"LIU HON WAI, AU LAI HANG",2023-05-08,2023-05-08,SOURCE_ID_ONLY,webbsite_full.sqlite/participants
webb_ccass,1731,B02218,ccass:B02218,BOSC INTERNATIONAL SECURITIES LTD,2023-05-17,2023-05-17,CANONICAL_MAPPED,webbsite_full.sqlite/participants
webb_ccass,1732,,webb:part:1732,LUI KAM WAH,2023-05-25,2023-05-25,SOURCE_ID_ONLY,webbsite_full.sqlite/participants
webb_ccass,1733,,webb:part:1733,NG CHEUK MAN,2023-08-07,2023-08-07,SOURCE_ID_ONLY,webbsite_full.sqlite/participants
webb_ccass,1734,,webb:part:1734,WAI KWONG YUEN,2023-08-22,2023-08-22,SOURCE_ID_ONLY,webbsite_full.sqlite/participants
webb_ccass,1735,B02219,ccass:B02219,TRADEGO MARKETS LIMITED,2023-08-29,2023-08-29,CANONICAL_MAPPED,webbsite_full.sqlite/participants
webb_ccass,1736,B02220,ccass:B02220,ZH SECURITIES LIMITED,2023-09-12,2023-09-12,CANONICAL_MAPPED,webbsite_full.sqlite/participants
webb_ccass,1737,C00112,ccass:C00112,BANK OF COMMUNICATIONS (HONG KONG) LTD,2023-10-12,2023-10-12,CANONICAL_MAPPED,webbsite_full.sqlite/participants
webb_ccass,1738,B02221,ccass:B02221,AACAT FINTECH LTD,2023-11-28,2023-11-28,CANONICAL_MAPPED,webbsite_full.sqlite/participants
webb_ccass,1739,,webb:part:1739,WAN KIT SUM,2024-03-25,2024-03-25,SOURCE_ID_ONLY,webbsite_full.sqlite/participants
webb_ccass,1740,,webb:part:1740,LI WI LEY,2024-06-25,2024-06-25,SOURCE_ID_ONLY,webbsite_full.sqlite/participants
webb_ccass,1741,B02066,ccass:B02066,AP CAPITAL MANAGEMENT (HONG KONG) LTD,2024-07-11,2024-07-11,CANONICAL_MAPPED,webbsite_full.sqlite/participants
webb_ccass,1743,B02223,ccass:B02223,DOO FINANCIAL HK LTD,2025-01-10,2025-01-10,CANONICAL_MAPPED,webbsite_full.sqlite/participants
webb_ccass,1744,,webb:part:1744,CHAN WAI MUI ELLIS,2025-07-24,2025-07-24,SOURCE_ID_ONLY,webbsite_full.sqlite/participants
webb_ccass,1745,B02227,ccass:B02227,GUOLIAN SECURITIES INTERNATIONAL CAPITAL,2025-10-03,2025-10-03,CANONICAL_MAPPED,webbsite_full.sqlite/participants
webb_ccass,1746,,webb:part:1746,CHAN YAN FAN (DECEASED),2025-11-11,2025-11-11,SOURCE_ID_ONLY,webbsite_full.sqlite/participants
