source_system,source_issue_id,canonical_security_id,hk_stock_codes,security_name,valid_from,valid_to,mapping_status,mapping_evidence,mapping_row_count
webb_ccass,1,webb:issue:1,00004,WHARF HOLDINGS,2004-02-02,,EXACT,webbsite_full.sqlite/shortnames,1
webb_ccass,2,webb:issue:2,00071,MIRAMAR HOTEL,2004-02-02,,EXACT,webbsite_full.sqlite/shortnames,1
webb_ccass,3,webb:issue:3,00017;02909,NEW WORLD DEV,2004-02-02,2020-07-30,AMBIGUOUS,webbsite_full.sqlite/shortnames,5
webb_ccass,7,webb:issue:7,00020,WHEELOCK,2004-02-02,2020-07-27,EXACT,webbsite_full.sqlite/shortnames,1
webb_ccass,9,webb:issue:9,00016;02949,SHK PPT,2004-02-02,2018-07-23,AMBIGUOUS,webbsite_full.sqlite/shortnames,4
webb_ccass,10,webb:issue:10,00097,HENDERSON INV,2004-02-02,,EXACT,webbsite_full.sqlite/shortnames,1
webb_ccass,14,webb:issue:14,00011,HANG SENG BANK,2004-02-02,,EXACT,webbsite_full.sqlite/shortnames,1
webb_ccass,15,webb:issue:15,00164;02953;02966;02968;02971,CHINA BAOLI TEC,2004-02-02,2023-07-26,AMBIGUOUS,webbsite_full.sqlite/shortnames,19
webb_ccass,16,webb:issue:16,00022,MEXAN,2004-02-02,,EXACT,webbsite_full.sqlite/shortnames,1
webb_ccass,17,webb:issue:17,00231;02958;02968,PING AN SEC GP,2004-02-02,2022-11-07,AMBIGUOUS,webbsite_full.sqlite/shortnames,11
webb_ccass,22,webb:issue:22,00044,HAECO,2004-02-02,2018-11-29,EXACT,webbsite_full.sqlite/shortnames,1
webb_ccass,23,webb:issue:23,00293,CATHAY PAC AIR,2004-02-02,,EXACT,webbsite_full.sqlite/shortnames,1
webb_ccass,24,webb:issue:24,00019,SWIRE PACIFIC A,2004-02-02,,EXACT,webbsite_full.sqlite/shortnames,1
webb_ccass,25,webb:issue:25,00087,SWIRE PACIFIC B,2004-02-02,,EXACT,webbsite_full.sqlite/shortnames,1
webb_ccass,26,webb:issue:26,00014,HYSAN DEV,2004-02-02,,EXACT,webbsite_full.sqlite/shortnames,1
webb_ccass,27,webb:issue:27,00023,BANK OF E ASIA,2004-02-02,,EXACT,webbsite_full.sqlite/shortnames,1
webb_ccass,28,webb:issue:28,00045,HK&S HOTELS,2004-02-02,,EXACT,webbsite_full.sqlite/shortnames,1
webb_ccass,32,webb:issue:32,00583,GWPA HOLDINGS,2004-02-02,2017-01-16,EXACT,webbsite_full.sqlite/shortnames,3
webb_ccass,37,webb:issue:37,00041,GREAT EAGLE H,2004-02-02,,EXACT,webbsite_full.sqlite/shortnames,1
webb_ccass,39,webb:issue:39,00083,SINO LAND,2004-02-02,,EXACT,webbsite_full.sqlite/shortnames,1
webb_ccass,40,webb:issue:40,00018,ORIENTAL E H,2004-02-02,2021-09-01,EXACT,webbsite_full.sqlite/shortnames,2
webb_ccass,42,webb:issue:42,00013,HUTCHISON,2004-02-02,2015-06-03,EXACT,webbsite_full.sqlite/shortnames,1
webb_ccass,43,webb:issue:43,00006,POWER ASSETS,2004-02-02,2011-02-23,EXACT,webbsite_full.sqlite/shortnames,2
webb_ccass,44,webb:issue:44,00001,CKH HOLDINGS,2004-02-02,2015-03-18,EXACT,webbsite_full.sqlite/shortnames,2
webb_ccass,46,webb:issue:46,00179;02919,JOHNSON ELEC H,2004-02-02,2014-08-19,AMBIGUOUS,webbsite_full.sqlite/shortnames,5
webb_ccass,49,webb:issue:49,01038;02973,CKI HOLDINGS,2004-02-02,2017-07-21,AMBIGUOUS,webbsite_full.sqlite/shortnames,4
webb_ccass,50,webb:issue:50,00172,GOLDBOND GROUP,2004-02-02,2021-08-02,EXACT,webbsite_full.sqlite/shortnames,1
webb_ccass,51,webb:issue:51,00267,CITIC,2004-02-02,2014-09-01,EXACT,webbsite_full.sqlite/shortnames,2
webb_ccass,54,webb:issue:54,01059;02905;02935,KANTONE HOLDING,2004-02-02,2018-05-16,AMBIGUOUS,webbsite_full.sqlite/shortnames,9
webb_ccass,56,webb:issue:56,00054;02982,HOPEWELL HOLD,2004-02-02,2019-05-03,AMBIGUOUS,webbsite_full.sqlite/shortnames,4
webb_ccass,59,webb:issue:59,00101,HANG LUNG PPT,2004-02-02,,EXACT,webbsite_full.sqlite/shortnames,1
webb_ccass,60,webb:issue:60,00010,HANG LUNG GROUP,2004-02-02,,EXACT,webbsite_full.sqlite/shortnames,1
webb_ccass,63,webb:issue:63,00002,CLP HOLDINGS,2004-02-02,,EXACT,webbsite_full.sqlite/shortnames,1
webb_ccass,64,webb:issue:64,00146,TAI PING CARPET,2004-02-02,,EXACT,webbsite_full.sqlite/shortnames,1
webb_ccass,65,webb:issue:65,00660;02916;02929;02951;02971,WAI CHUN BIOTEC,2004-02-02,2023-04-21,AMBIGUOUS,webbsite_full.sqlite/shortnames,19
webb_ccass,66,webb:issue:66,00413;02928;02959,SC HOLDINGS,2004-02-02,2015-08-28,AMBIGUOUS,webbsite_full.sqlite/shortnames,10
webb_ccass,67,webb:issue:67,00265;02906;02917,GANGYU SERVICES,2004-02-02,2025-01-13,AMBIGUOUS,webbsite_full.sqlite/shortnames,12
webb_ccass,70,webb:issue:70,00175;02978,GEELY AUTO,2004-02-02,2017-08-08,AMBIGUOUS,webbsite_full.sqlite/shortnames,5
webb_ccass,71,webb:issue:71,00068,LEE HING,2004-02-02,2022-10-18,EXACT,webbsite_full.sqlite/shortnames,1
webb_ccass,75,webb:issue:75,00105,ASSO INT HOTELS,2004-02-02,,EXACT,webbsite_full.sqlite/shortnames,1
webb_ccass,76,webb:issue:76,00266,TIAN TECK LAND,2004-02-02,,EXACT,webbsite_full.sqlite/shortnames,1
webb_ccass,78,webb:issue:78,00500,FRONTIER SER,2004-02-02,2014-04-03,EXACT,webbsite_full.sqlite/shortnames,2
webb_ccass,81,webb:issue:81,00186,NIMBLE HOLDINGS,2004-02-02,2018-04-18,EXACT,webbsite_full.sqlite/shortnames,2
webb_ccass,85,webb:issue:85,00242,SHUN TAK HOLD,2004-02-02,,EXACT,webbsite_full.sqlite/shortnames,1
webb_ccass,92,webb:issue:92,00051,HARBOUR CENTRE,2004-02-02,,EXACT,webbsite_full.sqlite/shortnames,1
webb_ccass,94,webb:issue:94,00225,POKFULAM,2004-02-02,,EXACT,webbsite_full.sqlite/shortnames,1
webb_ccass,95,webb:issue:95,00216,CHINNEY INV,2004-02-02,,EXACT,webbsite_full.sqlite/shortnames,1
webb_ccass,97,webb:issue:97,00160,HON KWOK LAND,2004-02-02,,EXACT,webbsite_full.sqlite/shortnames,1
webb_ccass,98,webb:issue:98,00650;02929;02936,PRODUCTIVE TECH,2004-02-02,2022-07-26,AMBIGUOUS,webbsite_full.sqlite/shortnames,11
webb_ccass,99,webb:issue:99,00406,YAU LEE HOLD,2004-02-02,,EXACT,webbsite_full.sqlite/shortnames,1
webb_ccass,100,webb:issue:100,00618;02949,PKU RESOURCES,2004-02-02,2024-06-14,AMBIGUOUS,webbsite_full.sqlite/shortnames,6
webb_ccass,101,webb:issue:101,00069,SHANGRI-LA ASIA,2004-02-02,,EXACT,webbsite_full.sqlite/shortnames,1
webb_ccass,102,webb:issue:102,00184,KECK SENG INV,2004-02-02,,EXACT,webbsite_full.sqlite/shortnames,1
webb_ccass,105,webb:issue:105,00511;02973,TVB,2004-02-02,2013-03-06,AMBIGUOUS,webbsite_full.sqlite/shortnames,4
webb_ccass,107,webb:issue:107,00529,SIS INT'L,2004-02-02,,EXACT,webbsite_full.sqlite/shortnames,1
webb_ccass,108,webb:issue:108,00385;02908;02984,CHINNEY ALLI,2004-02-02,2016-10-25,AMBIGUOUS,webbsite_full.sqlite/shortnames,7
webb_ccass,109,webb:issue:109,00303;02929,VTECH HOLDINGS,2004-02-02,2010-09-17,AMBIGUOUS,webbsite_full.sqlite/shortnames,4
webb_ccass,111,webb:issue:111,00818;02966,HI SUN TECH,2004-02-02,2006-08-04,AMBIGUOUS,webbsite_full.sqlite/shortnames,5
webb_ccass,113,webb:issue:113,00270,GUANGDONG INV,2004-02-02,,EXACT,webbsite_full.sqlite/shortnames,1
webb_ccass,114,webb:issue:114,00142,FIRST PACIFIC,2004-02-02,,EXACT,webbsite_full.sqlite/shortnames,1
webb_ccass,117,webb:issue:117,00247,TST PROPERTIES,2004-02-02,,EXACT,webbsite_full.sqlite/shortnames,1
webb_ccass,118,webb:issue:118,00286;02971;02991,AIDIGONG,2004-02-02,2024-09-02,AMBIGUOUS,webbsite_full.sqlite/shortnames,12
webb_ccass,120,webb:issue:120,00131;02958,CHEUK NANG HOLD,2004-02-02,2006-07-03,AMBIGUOUS,webbsite_full.sqlite/shortnames,4
webb_ccass,121,webb:issue:121,00244,SINCERE,2004-02-02,,EXACT,webbsite_full.sqlite/shortnames,1
webb_ccass,125,webb:issue:125,00488;02931;02971,LAI SUN DEV,2004-02-02,2017-09-19,AMBIGUOUS,webbsite_full.sqlite/shortnames,8
webb_ccass,126,webb:issue:126,00571,ESUN HOLDINGS,2004-02-02,,EXACT,webbsite_full.sqlite/shortnames,1
webb_ccass,127,webb:issue:127,00122;02901,CROCODILE,2004-02-02,2024-12-06,AMBIGUOUS,webbsite_full.sqlite/shortnames,5
webb_ccass,128,webb:issue:128,00191;02970,LAI SUN INT'L,2004-02-02,2017-09-19,AMBIGUOUS,webbsite_full.sqlite/shortnames,5
webb_ccass,129,webb:issue:129,00647,JOYCE BOUTIQUE,2004-02-02,2020-04-27,EXACT,webbsite_full.sqlite/shortnames,1
webb_ccass,131,webb:issue:131,00275;02906;02927;02930;02951;02968;02998,MASTER GLORY GP,2004-02-02,2021-02-08,AMBIGUOUS,webbsite_full.sqlite/shortnames,25
webb_ccass,133,webb:issue:133,00369,WING TAI PPT,2004-02-02,2010-06-30,EXACT,webbsite_full.sqlite/shortnames,2
webb_ccass,144,webb:issue:144,00207,JOY CITY PPT,2004-02-02,2025-11-28,EXACT,webbsite_full.sqlite/shortnames,3
webb_ccass,146,webb:issue:146,00127;02904;02907;02965,CHINESE EST H,2004-02-02,2009-04-29,AMBIGUOUS,webbsite_full.sqlite/shortnames,10
webb_ccass,147,webb:issue:147,00062,TRANSPORT INT'L,2004-02-02,2006-01-23,EXACT,webbsite_full.sqlite/shortnames,2
webb_ccass,149,webb:issue:149,01111,CHONG HING BANK,2004-02-02,2021-10-04,EXACT,webbsite_full.sqlite/shortnames,2
webb_ccass,151,webb:issue:151,00194,LIU CHONG HING,2004-02-02,,EXACT,webbsite_full.sqlite/shortnames,1
webb_ccass,153,webb:issue:153,00026,CHINA MOTOR BUS,2004-02-02,,EXACT,webbsite_full.sqlite/shortnames,1
webb_ccass,159,webb:issue:159,00156;02946,LIPPO CHINA RES,2004-02-02,2023-07-12,AMBIGUOUS,webbsite_full.sqlite/shortnames,5
webb_ccass,160,webb:issue:160,00226,LIPPO,2004-02-02,2025-09-26,EXACT,webbsite_full.sqlite/shortnames,1
webb_ccass,161,webb:issue:161,00655,HK CHINESE LTD,2004-02-02,,EXACT,webbsite_full.sqlite/shortnames,1
webb_ccass,170,webb:issue:170,00089,TAI SANG LAND,2004-02-02,,EXACT,webbsite_full.sqlite/shortnames,1
webb_ccass,171,webb:issue:171,00032,CROSS-HAR(HOLD),2004-02-02,,EXACT,webbsite_full.sqlite/shortnames,1
webb_ccass,172,webb:issue:172,00059;02983;02997,SKYFAME REALTY,2004-02-02,2018-11-26,AMBIGUOUS,webbsite_full.sqlite/shortnames,9
webb_ccass,174,webb:issue:174,00053,GUOCO GROUP,2004-02-02,,EXACT,webbsite_full.sqlite/shortnames,1
webb_ccass,178,webb:issue:178,00302,WING HANG BANK,2004-02-02,2014-10-16,EXACT,webbsite_full.sqlite/shortnames,1
webb_ccass,180,webb:issue:180,00440,DAH SING,2004-02-02,,EXACT,webbsite_full.sqlite/shortnames,1
webb_ccass,181,webb:issue:181,00636,FUBON BK (HK),2004-02-02,2011-06-08,EXACT,webbsite_full.sqlite/shortnames,2
webb_ccass,182,webb:issue:182,00012,HENDERSON LAND,2004-02-02,,EXACT,webbsite_full.sqlite/shortnames,1
webb_ccass,184,webb:issue:184,00183,CIFH,2004-02-02,2008-11-05,EXACT,webbsite_full.sqlite/shortnames,1
webb_ccass,185,webb:issue:185,00635;02909;02964,PLAYMATES,2004-02-02,2017-06-26,AMBIGUOUS,webbsite_full.sqlite/shortnames,9
webb_ccass,187,webb:issue:187,00075,Y.T. REALTY,2004-02-02,,EXACT,webbsite_full.sqlite/shortnames,1
webb_ccass,188,webb:issue:188,00715,CHINA OCEANWIDE,2004-02-02,2025-04-24,EXACT,webbsite_full.sqlite/shortnames,2
webb_ccass,195,webb:issue:195,00165,CHINA EB LTD,2004-02-02,,EXACT,webbsite_full.sqlite/shortnames,1
webb_ccass,197,webb:issue:197,00121,C.P. LOTUS,2004-02-02,2019-10-29,EXACT,webbsite_full.sqlite/shortnames,2
webb_ccass,200,webb:issue:200,00282,NEXT DIGITAL,2004-02-02,2023-01-12,EXACT,webbsite_full.sqlite/shortnames,2
webb_ccass,201,webb:issue:201,00269;02913,CRTG,2004-02-02,2015-12-10,AMBIGUOUS,webbsite_full.sqlite/shortnames,7
webb_ccass,207,webb:issue:207,00622;02902,OSHIDORI,2004-02-02,2019-04-29,AMBIGUOUS,webbsite_full.sqlite/shortnames,6
webb_ccass,210,webb:issue:210,00147;02938,IB SETTLEMENT,2004-02-02,2016-12-28,AMBIGUOUS,webbsite_full.sqlite/shortnames,7
webb_ccass,211,webb:issue:211,00163;02954,EMPEROR INT'L,2004-02-02,2013-04-08,AMBIGUOUS,webbsite_full.sqlite/shortnames,5
webb_ccass,212,webb:issue:212,00296;02955,EMPEROR E HOTEL,2004-02-02,2005-02-18,AMBIGUOUS,webbsite_full.sqlite/shortnames,5
webb_ccass,214,webb:issue:214,00224,PIONEER GLOBAL,2004-02-02,,EXACT,webbsite_full.sqlite/shortnames,1
webb_ccass,216,webb:issue:216,00566;02909;02941;02958,HANERGY TFP,2004-02-02,2019-06-11,AMBIGUOUS,webbsite_full.sqlite/shortnames,16
webb_ccass,218,webb:issue:218,01049;02939;02940;02941;02942,CELESTIAL ASIA,2004-02-02,2022-07-25,AMBIGUOUS,webbsite_full.sqlite/shortnames,23
webb_ccass,219,webb:issue:219,00158,MELBOURNE ENT,2004-02-02,,EXACT,webbsite_full.sqlite/shortnames,1
webb_ccass,220,webb:issue:220,00601;02943,REMT,2004-02-02,2022-08-18,AMBIGUOUS,webbsite_full.sqlite/shortnames,6
webb_ccass,222,webb:issue:222,00725,PERENNIAL INT'L,2004-02-02,,EXACT,webbsite_full.sqlite/shortnames,1
webb_ccass,223,webb:issue:223,00256,CITYCHAMP,2004-02-02,2014-07-07,EXACT,webbsite_full.sqlite/shortnames,3
webb_ccass,224,webb:issue:224,00420,FOUNTAIN SET,2004-02-02,,EXACT,webbsite_full.sqlite/shortnames,1
webb_ccass,227,webb:issue:227,00112,LERTHAI GROUP,2004-02-02,2022-08-15,EXACT,webbsite_full.sqlite/shortnames,4
webb_ccass,229,webb:issue:229,00135;02963,KUNLUN ENERGY,2004-02-02,2010-03-30,AMBIGUOUS,webbsite_full.sqlite/shortnames,5
webb_ccass,230,webb:issue:230,01010,SKY BLUE 11,2004-02-02,2024-04-05,EXACT,webbsite_full.sqlite/shortnames,4
webb_ccass,233,webb:issue:233,00310;02915;02919;02997,PROSP INV HOLD,2004-02-02,2024-01-22,AMBIGUOUS,webbsite_full.sqlite/shortnames,14
webb_ccass,234,webb:issue:234,00028;02900,TIAN AN,2004-02-02,2004-04-20,AMBIGUOUS,webbsite_full.sqlite/shortnames,4
webb_ccass,236,webb:issue:236,00711,ASIA ALLIED INF,2004-02-02,2016-11-01,EXACT,webbsite_full.sqlite/shortnames,4
webb_ccass,237,webb:issue:237,00506,CHINA FOODS,2004-02-02,2007-04-30,EXACT,webbsite_full.sqlite/shortnames,2
webb_ccass,238,webb:issue:238,00240;02911;02929,BUILD KING HOLD,2004-02-02,2004-09-06,AMBIGUOUS,webbsite_full.sqlite/shortnames,8
webb_ccass,241,webb:issue:241,00048,EGANAGOLDPFEIL,2004-02-02,2012-01-04,EXACT,webbsite_full.sqlite/shortnames,1
webb_ccass,243,webb:issue:243,00373;02928;02940,ALLIED GROUP,2004-02-02,2020-10-15,AMBIGUOUS,webbsite_full.sqlite/shortnames,8
webb_ccass,244,webb:issue:244,00056;02958,ALLIED PPT (HK),2004-02-02,2020-11-27,AMBIGUOUS,webbsite_full.sqlite/shortnames,5
webb_ccass,245,webb:issue:245,00250,SINO-I TECH,2004-02-02,2023-10-31,EXACT,webbsite_full.sqlite/shortnames,1
webb_ccass,248,webb:issue:248,00593;02919;02988,DREAMEAST,2004-01-14,2017-08-08,AMBIGUOUS,webbsite_full.sqlite/shortnames,9
webb_ccass,249,webb:issue:249,00145;02917;02923;02934;02987,CCIAM FUTURE EN,2004-02-02,2024-03-18,AMBIGUOUS,webbsite_full.sqlite/shortnames,18
webb_ccass,250,webb:issue:250,00237;02931,SAFETY GODOWN,2004-02-02,2020-09-22,AMBIGUOUS,webbsite_full.sqlite/shortnames,5
webb_ccass,253,webb:issue:253,00096,WING LUNG BANK,2004-02-02,2009-01-16,EXACT,webbsite_full.sqlite/shortnames,1
webb_ccass,255,webb:issue:255,00120;02920;02930;02966;02986,COSMOPOL INT'L,2004-02-02,2023-11-30,AMBIGUOUS,webbsite_full.sqlite/shortnames,16
webb_ccass,256,webb:issue:256,00557,TIANYUAN HEALTH,2004-02-02,2017-12-29,EXACT,webbsite_full.sqlite/shortnames,2
webb_ccass,257,webb:issue:257,00227,FIRST SHANGHAI,2004-02-02,,EXACT,webbsite_full.sqlite/shortnames,1
webb_ccass,260,webb:issue:260,00080,SHAW BROTHERS,2004-02-02,2009-03-19,EXACT,webbsite_full.sqlite/shortnames,1
webb_ccass,261,webb:issue:261,00190;02909;02947,HKC (HOLDINGS),2004-02-02,2021-06-09,AMBIGUOUS,webbsite_full.sqlite/shortnames,9
webb_ccass,265,webb:issue:265,00343;02970,CULTURECOM HOLD,2004-02-02,2008-12-09,AMBIGUOUS,webbsite_full.sqlite/shortnames,5
webb_ccass,267,webb:issue:267,01170,KINGMAKER,2004-02-02,,EXACT,webbsite_full.sqlite/shortnames,1
webb_ccass,269,webb:issue:269,00626,PUBLIC FIN HOLD,2004-02-02,2006-04-21,EXACT,webbsite_full.sqlite/shortnames,2
webb_ccass,270,webb:issue:270,00233,MY MEDICARE,2004-02-02,2020-01-23,EXACT,webbsite_full.sqlite/shortnames,2
webb_ccass,271,webb:issue:271,00480,HKR INT'L,2004-02-02,,EXACT,webbsite_full.sqlite/shortnames,1
webb_ccass,279,webb:issue:279,00316;02906;02916,OOIL,2004-02-02,2007-04-27,AMBIGUOUS,webbsite_full.sqlite/shortnames,7
webb_ccass,281,webb:issue:281,00897;02935;02952;02987,WAI YUEN TONG,2004-02-02,2016-04-25,AMBIGUOUS,webbsite_full.sqlite/shortnames,12
webb_ccass,283,webb:issue:283,00258,TOMSON GROUP,2004-02-02,,EXACT,webbsite_full.sqlite/shortnames,1
webb_ccass,284,webb:issue:284,00281,RIVERA (HOLD),2004-02-02,2021-08-23,EXACT,webbsite_full.sqlite/shortnames,1
webb_ccass,286,webb:issue:286,00049,WHEELOCK PPT,2004-02-02,2010-07-22,EXACT,webbsite_full.sqlite/shortnames,2
webb_ccass,287,webb:issue:287,00078;02965,REGAL INT'L,2004-02-02,2008-11-27,AMBIGUOUS,webbsite_full.sqlite/shortnames,5
webb_ccass,288,webb:issue:288,00617;02967,PALIBURG HOLD,2004-02-02,2008-11-27,AMBIGUOUS,webbsite_full.sqlite/shortnames,5
webb_ccass,289,webb:issue:289,00355;02966,CENTURY C INT'L,2004-02-02,2008-11-27,AMBIGUOUS,webbsite_full.sqlite/shortnames,5
webb_ccass,291,webb:issue:291,00133,CHINA MERCHANTS,2004-02-02,,EXACT,webbsite_full.sqlite/shortnames,1
webb_ccass,293,webb:issue:293,00688;02995,CHINA OVERSEAS,2004-02-02,2020-05-13,AMBIGUOUS,webbsite_full.sqlite/shortnames,4
webb_ccass,297,webb:issue:297,01172,MAGNUSCONCORDIA,2004-02-02,2018-08-13,EXACT,webbsite_full.sqlite/shortnames,2
webb_ccass,299,webb:issue:299,00297;02992,SINOFERT,2004-02-02,2006-12-14,AMBIGUOUS,webbsite_full.sqlite/shortnames,6
webb_ccass,303,webb:issue:303,00535,GEMDALE PPT,2004-02-02,2013-03-12,EXACT,webbsite_full.sqlite/shortnames,3
webb_ccass,304,webb:issue:304,01050,KARRIE INT'L,2004-02-02,,EXACT,webbsite_full.sqlite/shortnames,1
webb_ccass,305,webb:issue:305,00289,WING ON CO,2004-02-02,,EXACT,webbsite_full.sqlite/shortnames,1
webb_ccass,307,webb:issue:307,00199;02983;02995,ITC PROPERTIES,2004-02-02,2013-04-18,AMBIGUOUS,webbsite_full.sqlite/shortnames,10
webb_ccass,309,webb:issue:309,00239;02916,PAK FAH YEOW,2004-02-02,2005-12-05,AMBIGUOUS,webbsite_full.sqlite/shortnames,4
webb_ccass,314,webb:issue:314,00439;02913;02931;02948,KUANGCHI,2004-02-02,2024-03-08,AMBIGUOUS,webbsite_full.sqlite/shortnames,12
webb_ccass,316,webb:issue:316,00996;02935;02958;02994;02996,CARNIVAL GROUP,2004-02-02,2023-12-07,AMBIGUOUS,webbsite_full.sqlite/shortnames,18
webb_ccass,317,webb:issue:317,01205,CITIC RESOURCES,2004-02-02,,EXACT,webbsite_full.sqlite/shortnames,1
webb_ccass,319,webb:issue:319,00638,KIN YAT HOLD,2004-02-02,2024-08-26,EXACT,webbsite_full.sqlite/shortnames,1
webb_ccass,322,webb:issue:322,00669;02919,TECHTRONIC IND,2004-02-02,2004-07-08,AMBIGUOUS,webbsite_full.sqlite/shortnames,4
webb_ccass,338,webb:issue:338,00217,CHINA CHENGTONG,2004-02-02,,EXACT,webbsite_full.sqlite/shortnames,1
webb_ccass,339,webb:issue:339,00377;02923;02963,CHINA HUAJUN GP,2004-02-02,2020-10-20,AMBIGUOUS,webbsite_full.sqlite/shortnames,13
webb_ccass,342,webb:issue:342,01036,VANKE OVERSEAS,2004-02-02,2019-12-17,EXACT,webbsite_full.sqlite/shortnames,3
webb_ccass,343,webb:issue:343,01229,NAN NAN RES,2004-02-02,2011-10-10,EXACT,webbsite_full.sqlite/shortnames,4
webb_ccass,344,webb:issue:344,01005,MATRIX HOLDINGS,2004-02-02,,EXACT,webbsite_full.sqlite/shortnames,1
webb_ccass,345,webb:issue:345,00170,CHINA ASSETS,2004-02-02,2017-11-07,EXACT,webbsite_full.sqlite/shortnames,1
webb_ccass,348,webb:issue:348,00003,HK & CHINA GAS,2004-02-02,,EXACT,webbsite_full.sqlite/shortnames,1
webb_ccass,349,webb:issue:349,00291;02939,CHINA RES BEER,2004-02-02,2024-05-03,AMBIGUOUS,webbsite_full.sqlite/shortnames,5
webb_ccass,350,webb:issue:350,00086,SUN HUNG KAI CO,2004-02-02,,EXACT,webbsite_full.sqlite/shortnames,1
webb_ccass,352,webb:issue:352,00363,SHANGHAI IND H,2004-02-02,,EXACT,webbsite_full.sqlite/shortnames,1
webb_ccass,353,webb:issue:353,00392;02916,BEIJING ENT,2004-02-02,2008-03-28,AMBIGUOUS,webbsite_full.sqlite/shortnames,4
webb_ccass,360,webb:issue:360,01199,COSCO SHIP PORT,2004-02-02,2016-08-25,EXACT,webbsite_full.sqlite/shortnames,2
webb_ccass,362,webb:issue:362,00144,CHINA MER PORT,2004-02-02,2016-08-19,EXACT,webbsite_full.sqlite/shortnames,2
webb_ccass,363,webb:issue:363,00683,KERRY PPT,2004-02-02,,EXACT,webbsite_full.sqlite/shortnames,1
webb_ccass,365,webb:issue:365,00308,CHINA TRAVEL HK,2004-02-02,,EXACT,webbsite_full.sqlite/shortnames,1
webb_ccass,366,webb:issue:366,00551,YUE YUEN IND,2004-02-02,,EXACT,webbsite_full.sqlite/shortnames,1
webb_ccass,369,webb:issue:369,00988;02930;02977,SILKROAD LOG,2004-02-02,2024-04-23,AMBIGUOUS,webbsite_full.sqlite/shortnames,10
webb_ccass,370,webb:issue:370,00257,EB ENVIRONMENT,2004-02-02,2020-09-22,EXACT,webbsite_full.sqlite/shortnames,2
webb_ccass,371,webb:issue:371,00123;02934,YUEXIU PROPERTY,2004-02-02,2021-07-19,AMBIGUOUS,webbsite_full.sqlite/shortnames,6
webb_ccass,372,webb:issue:372,00021;02926,GREAT CHI HLDGS,2004-02-02,2022-08-03,AMBIGUOUS,webbsite_full.sqlite/shortnames,7
webb_ccass,377,webb:issue:377,00383;02904;02913;02949,TIANAN MEDICARE,2004-02-02,2024-05-07,AMBIGUOUS,webbsite_full.sqlite/shortnames,15
webb_ccass,378,webb:issue:378,00008,PCCW,2004-02-02,,EXACT,webbsite_full.sqlite/shortnames,1
webb_ccass,379,webb:issue:379,00235;02954,CSC HOLDINGS,2004-02-02,2022-11-16,AMBIGUOUS,webbsite_full.sqlite/shortnames,5
webb_ccass,380,webb:issue:380,00212,NANYANG HOLD,2004-02-02,,EXACT,webbsite_full.sqlite/shortnames,1
webb_ccass,382,webb:issue:382,01189;02965;02986,GBA DYNAMIC,2004-02-02,2020-03-05,AMBIGUOUS,webbsite_full.sqlite/shortnames,10
webb_ccass,384,webb:issue:384,00458,TRISTATE HOLD,2004-02-02,,EXACT,webbsite_full.sqlite/shortnames,1
webb_ccass,386,webb:issue:386,01131;02919,AGRITRADE RES,2004-02-02,2022-01-31,AMBIGUOUS,webbsite_full.sqlite/shortnames,6
webb_ccass,388,webb:issue:388,01120,ARTS OPTICAL,2004-02-02,,EXACT,webbsite_full.sqlite/shortnames,1
webb_ccass,389,webb:issue:389,01004;02905;02909;02996,C SMARTERENERGY,2004-02-02,2015-03-11,AMBIGUOUS,webbsite_full.sqlite/shortnames,14
webb_ccass,391,webb:issue:391,00102;02914;02915,SUMMIT ASCENT,2004-02-02,2025-09-01,AMBIGUOUS,webbsite_full.sqlite/shortnames,10
webb_ccass,392,webb:issue:392,00900,AEON CREDIT,2004-02-02,,EXACT,webbsite_full.sqlite/shortnames,1
webb_ccass,393,webb:issue:393,00984;02937,AEON STORES,2004-02-02,2011-07-29,AMBIGUOUS,webbsite_full.sqlite/shortnames,4
webb_ccass,395,webb:issue:395,01064;02909;02951;02972,ZHONG HUA INT'L,2004-02-02,2015-07-31,AMBIGUOUS,webbsite_full.sqlite/shortnames,12
webb_ccass,398,webb:issue:398,01136,TCC INT'L HOLD,2004-02-02,2017-11-20,EXACT,webbsite_full.sqlite/shortnames,1
webb_ccass,399,webb:issue:399,00176,SUPERACTIVE GP,2004-02-02,2017-07-27,EXACT,webbsite_full.sqlite/shortnames,2
webb_ccass,401,webb:issue:401,00586,GOLDWIZ HOLD,2004-02-02,2008-09-08,EXACT,webbsite_full.sqlite/shortnames,1
webb_ccass,402,webb:issue:402,01135,ASIA SATELLITE,2004-02-02,2019-09-05,EXACT,webbsite_full.sqlite/shortnames,1
webb_ccass,404,webb:issue:404,00526,LISI GP HOLD,2004-02-02,2022-11-09,EXACT,webbsite_full.sqlite/shortnames,4
webb_ccass,406,webb:issue:406,00620;02934,DTXS SILK ROAD,2004-02-02,2016-02-18,AMBIGUOUS,webbsite_full.sqlite/shortnames,6
webb_ccass,407,webb:issue:407,00918;02949,MAJESTIC DRAGON,2004-02-02,2024-09-10,AMBIGUOUS,webbsite_full.sqlite/shortnames,7
webb_ccass,411,webb:issue:411,01200,MIDLAND HOLDING,2004-02-02,2005-05-30,EXACT,webbsite_full.sqlite/shortnames,2
webb_ccass,413,webb:issue:413,00878;02973,SOUNDWILL HOLD,2004-02-02,2015-05-27,AMBIGUOUS,webbsite_full.sqlite/shortnames,4
webb_ccass,414,webb:issue:414,00517,COSCO SHIP INTL,2004-02-02,2016-12-22,EXACT,webbsite_full.sqlite/shortnames,2
webb_ccass,415,webb:issue:415,00685,MEDIA CHINESE,2004-02-02,2008-04-28,EXACT,webbsite_full.sqlite/shortnames,2
webb_ccass,424,webb:issue:424,01166;02921;02933;02940;02950;02960,SOLARTECH INT'L,2004-02-02,2024-05-22,AMBIGUOUS,webbsite_full.sqlite/shortnames,21
webb_ccass,426,webb:issue:426,00243;02946;02999,QPL INT'L,2004-02-02,2020-06-09,AMBIGUOUS,webbsite_full.sqlite/shortnames,9
webb_ccass,427,webb:issue:427,00450,HUNG HING PRINT,2004-02-02,,EXACT,webbsite_full.sqlite/shortnames,1
webb_ccass,429,webb:issue:429,00273;02902;02926;02954;02971;02976;02982;02996;02997,MASON GP HOLD,2004-02-02,2023-11-14,AMBIGUOUS,webbsite_full.sqlite/shortnames,36
webb_ccass,437,webb:issue:437,00232,CON AERO TECH,2004-02-02,2021-07-16,EXACT,webbsite_full.sqlite/shortnames,3
webb_ccass,438,webb:issue:438,00697;02989,SHOUCHENG,2004-02-02,2020-06-10,AMBIGUOUS,webbsite_full.sqlite/shortnames,6
webb_ccass,439,webb:issue:439,00730,CAPITAL IND FIN,2004-02-02,2022-04-14,EXACT,webbsite_full.sqlite/shortnames,2
webb_ccass,440,webb:issue:440,00521,CWT INT'L,2004-02-02,2017-12-20,EXACT,webbsite_full.sqlite/shortnames,4
webb_ccass,441,webb:issue:441,00181;02918,FUJIAN HOLDINGS,2004-02-02,2004-06-17,AMBIGUOUS,webbsite_full.sqlite/shortnames,5
webb_ccass,446,webb:issue:446,00103;02963,SHOUGANG CENT,2004-02-02,2025-12-10,AMBIGUOUS,webbsite_full.sqlite/shortnames,5
webb_ccass,448,webb:issue:448,00372;02903;02919,PT INTL DEV,2004-02-02,2025-01-20,AMBIGUOUS,webbsite_full.sqlite/shortnames,10
webb_ccass,449,webb:issue:449,00498;02957,BLUE RIVER HLDG,2004-02-02,2021-05-12,AMBIGUOUS,webbsite_full.sqlite/shortnames,7
webb_ccass,452,webb:issue:452,00214,ASIA ORIENT,2004-02-02,,EXACT,webbsite_full.sqlite/shortnames,1
webb_ccass,453,webb:issue:453,00129;02947,ASIA STANDARD,2004-02-02,2009-10-15,AMBIGUOUS,webbsite_full.sqlite/shortnames,5
webb_ccass,455,webb:issue:455,00639,SHOUGANG RES,2004-02-02,2011-06-03,EXACT,webbsite_full.sqlite/shortnames,3
webb_ccass,456,webb:issue:456,00261;02945;02953;02965,GBA HOLDINGS,2004-02-02,2025-04-28,AMBIGUOUS,webbsite_full.sqlite/shortnames,16
webb_ccass,460,webb:issue:460,00661;02945,CDAYENONFER,2004-02-02,2009-08-21,AMBIGUOUS,webbsite_full.sqlite/shortnames,6
webb_ccass,462,webb:issue:462,00716,SINGAMAS CONT,2004-02-02,,EXACT,webbsite_full.sqlite/shortnames,1
webb_ccass,465,webb:issue:465,00218,SWHYHK,2004-02-02,2019-03-20,EXACT,webbsite_full.sqlite/shortnames,3
webb_ccass,473,webb:issue:473,00518,TUNGTEX (HOLD),2004-02-02,,EXACT,webbsite_full.sqlite/shortnames,1
webb_ccass,478,webb:issue:478,00050,HK FERRY (HOLD),2004-02-02,,EXACT,webbsite_full.sqlite/shortnames,1
webb_ccass,626,webb:issue:626,00280,KING FOOK HOLD,2004-02-02,,EXACT,webbsite_full.sqlite/shortnames,1
webb_ccass,633,webb:issue:633,00201,MAGNIFICENT,2004-02-02,,EXACT,webbsite_full.sqlite/shortnames,1
webb_ccass,635,webb:issue:635,00219,SHUNHO PROPERTY,2004-02-02,2016-08-03,EXACT,webbsite_full.sqlite/shortnames,2
webb_ccass,647,webb:issue:647,01223;02943,SYMPHONY HOLD,2004-02-02,2011-08-30,AMBIGUOUS,webbsite_full.sqlite/shortnames,5
webb_ccass,687,webb:issue:687,00082,CRAZY SPORTS,2004-02-02,2021-06-17,EXACT,webbsite_full.sqlite/shortnames,4
webb_ccass,696,webb:issue:696,01003;02908;02916;02926;02949;02958;02987,HUANXI MEDIA,2004-02-02,2015-10-22,AMBIGUOUS,webbsite_full.sqlite/shortnames,28
webb_ccass,739,webb:issue:739,00979;02957;02980,GREEN ENERGY GP,2004-02-02,2006-07-19,AMBIGUOUS,webbsite_full.sqlite/shortnames,7
webb_ccass,795,webb:issue:795,00530;02915;02941;02953;02985,GOLDIN FIN HOLD,2004-02-02,2023-10-31,AMBIGUOUS,webbsite_full.sqlite/shortnames,16
webb_ccass,796,webb:issue:796,00040,GOLD PEAK,2004-02-02,,EXACT,webbsite_full.sqlite/shortnames,1
webb_ccass,799,webb:issue:799,00035,FE CONSORT INTL,2004-02-02,,EXACT,webbsite_full.sqlite/shortnames,1
webb_ccass,800,webb:issue:800,00036;02923;02959,FE HLDGS INTL,2004-02-02,2025-01-24,AMBIGUOUS,webbsite_full.sqlite/shortnames,9
webb_ccass,803,webb:issue:803,00037,FE HOTELS,2004-02-02,,EXACT,webbsite_full.sqlite/shortnames,1
webb_ccass,827,webb:issue:827,00371;02930,BJ ENT WATER,2004-02-02,2008-05-08,AMBIGUOUS,webbsite_full.sqlite/shortnames,5
webb_ccass,829,webb:issue:829,00030,YNBY INTL,2004-02-02,2023-10-16,EXACT,webbsite_full.sqlite/shortnames,3
webb_ccass,841,webb:issue:841,00315,SMARTONE TELE,2004-02-02,,EXACT,webbsite_full.sqlite/shortnames,1
webb_ccass,859,webb:issue:859,00676,PEGASUS INT'L,2004-02-02,,EXACT,webbsite_full.sqlite/shortnames,1
webb_ccass,862,webb:issue:862,00595,AV CONCEPT HOLD,2004-02-02,,EXACT,webbsite_full.sqlite/shortnames,1
webb_ccass,863,webb:issue:863,00495,PALADIN,2004-02-02,,EXACT,webbsite_full.sqlite/shortnames,1
webb_ccass,866,webb:issue:866,00835;02951,ASIA COAL,2004-02-02,2019-06-18,AMBIGUOUS,webbsite_full.sqlite/shortnames,6
webb_ccass,873,webb:issue:873,00603;02970,CHINA OIL & GAS,2004-02-02,2006-10-26,AMBIGUOUS,webbsite_full.sqlite/shortnames,6
webb_ccass,879,webb:issue:879,00128,ENM HOLDINGS,2004-02-02,2005-07-04,EXACT,webbsite_full.sqlite/shortnames,2
webb_ccass,886,webb:issue:886,00093,ZERO FINTECH,2004-02-02,2024-07-19,EXACT,webbsite_full.sqlite/shortnames,2
webb_ccass,895,webb:issue:895,01013;02972;02989,WAI CHUN GROUP,2004-02-02,2023-12-20,AMBIGUOUS,webbsite_full.sqlite/shortnames,10
webb_ccass,907,webb:issue:907,01196,REALORD GROUP,2004-02-02,2014-09-17,EXACT,webbsite_full.sqlite/shortnames,2
webb_ccass,912,webb:issue:912,00760;02935;02965;02971,TALENT PPT GP,2004-02-02,2023-10-19,AMBIGUOUS,webbsite_full.sqlite/shortnames,13
webb_ccass,913,webb:issue:913,00876;02951,KAISA HEALTH,2004-02-02,2018-02-28,AMBIGUOUS,webbsite_full.sqlite/shortnames,8
webb_ccass,915,webb:issue:915,00657,G-VISION INT'L,2004-02-02,,EXACT,webbsite_full.sqlite/shortnames,1
webb_ccass,916,webb:issue:916,00539;02903;02940,VICTORY CITY,2004-02-02,2022-10-31,AMBIGUOUS,webbsite_full.sqlite/shortnames,6
webb_ccass,918,webb:issue:918,00616;02905;02950;02951;02953;02958;02960;02961;02966;02972;02997,EMINENCE ENT,2004-02-02,2023-08-23,AMBIGUOUS,webbsite_full.sqlite/shortnames,42
webb_ccass,919,webb:issue:919,00987,CH RENEW EN INV,2004-02-02,2011-06-21,EXACT,webbsite_full.sqlite/shortnames,3
webb_ccass,920,webb:issue:920,00485;02928;02947,CHINASINOSTAR,2004-02-02,2020-10-27,AMBIGUOUS,webbsite_full.sqlite/shortnames,11
webb_ccass,922,webb:issue:922,01139;02927,VICTORY GROUP,2004-02-02,2022-02-10,AMBIGUOUS,webbsite_full.sqlite/shortnames,4
webb_ccass,923,webb:issue:923,00148;02940,KINGBOARD HLDG,2004-02-02,2018-07-17,AMBIGUOUS,webbsite_full.sqlite/shortnames,5
webb_ccass,925,webb:issue:925,00229,RAYMOND IND,2004-02-02,,EXACT,webbsite_full.sqlite/shortnames,1
webb_ccass,933,webb:issue:933,00632;02938;02955,CHK OIL,2004-02-02,2020-02-10,AMBIGUOUS,webbsite_full.sqlite/shortnames,11
webb_ccass,940,webb:issue:940,00328;02924;02948,ALCO HOLDINGS,2004-02-02,2025-11-06,AMBIGUOUS,webbsite_full.sqlite/shortnames,9
webb_ccass,941,webb:issue:941,00684,ALLAN INT'L,2004-02-02,,EXACT,webbsite_full.sqlite/shortnames,1
webb_ccass,944,webb:issue:944,00723;02933;02967;02989,RELIANCE GLO HL,2004-02-02,2024-11-08,AMBIGUOUS,webbsite_full.sqlite/shortnames,18
webb_ccass,945,webb:issue:945,00347,ANGANG STEEL,2004-02-02,2006-11-07,EXACT,webbsite_full.sqlite/shortnames,2
webb_ccass,946,webb:issue:946,00914;02915,CONCH CEMENT,2004-02-02,2017-07-14,AMBIGUOUS,webbsite_full.sqlite/shortnames,5
webb_ccass,947,webb:issue:947,00995,ANHUIEXPRESSWAY,2004-02-02,,EXACT,webbsite_full.sqlite/shortnames,1
webb_ccass,948,webb:issue:948,01045,APT SATELLITE,2004-02-02,,EXACT,webbsite_full.sqlite/shortnames,1
webb_ccass,949,webb:issue:949,00519;02986,NOVAUTEK,2004-02-02,2025-02-12,AMBIGUOUS,webbsite_full.sqlite/shortnames,6
webb_ccass,950,webb:issue:950,00522;02985,ASMPT,2004-02-02,2022-07-04,AMBIGUOUS,webbsite_full.sqlite/shortnames,5
webb_ccass,951,webb:issue:951,00104;02945;02956;02963,ASIA COMM HOLD,2004-02-02,2018-08-17,AMBIGUOUS,webbsite_full.sqlite/shortnames,13
webb_ccass,952,webb:issue:952,00271,ASIASEC PPT,2004-02-02,2017-06-22,EXACT,webbsite_full.sqlite/shortnames,2
webb_ccass,953,webb:issue:953,00771,AUTOMATED SYS,2004-02-02,,EXACT,webbsite_full.sqlite/shortnames,1
webb_ccass,955,webb:issue:955,00562,BALTRANS HOLD,2004-02-02,2008-04-09,EXACT,webbsite_full.sqlite/shortnames,1
webb_ccass,956,webb:issue:956,00991,DATANG POWER,2004-02-02,2004-05-07,EXACT,webbsite_full.sqlite/shortnames,2
webb_ccass,957,webb:issue:957,00154,BE ENVIRONMENT,2004-02-02,2016-07-28,EXACT,webbsite_full.sqlite/shortnames,2
webb_ccass,958,webb:issue:958,00588,BEIJING N STAR,2004-02-02,,EXACT,webbsite_full.sqlite/shortnames,1
webb_ccass,960,webb:issue:960,00187,JINGCHENG MAC,2004-02-02,2014-02-04,EXACT,webbsite_full.sqlite/shortnames,2
webb_ccass,961,webb:issue:961,01130;02910;02938;02974,CHINA ENV RES,2004-02-02,2024-05-16,AMBIGUOUS,webbsite_full.sqlite/shortnames,14
webb_ccass,962,webb:issue:962,00726;02954,DIT GROUP,2004-02-02,2020-11-11,AMBIGUOUS,webbsite_full.sqlite/shortnames,8
webb_ccass,963,webb:issue:963,00288,COSWAY CORP,2004-02-02,2012-06-04,EXACT,webbsite_full.sqlite/shortnames,2
webb_ccass,965,webb:issue:965,00736;02923;02937;02938;02951;02967;02975,CHINA PPT INV,2004-02-02,2020-02-14,AMBIGUOUS,webbsite_full.sqlite/shortnames,25
webb_ccass,966,webb:issue:966,00592,BOSSINI INT'L,2004-02-02,2025-03-18,EXACT,webbsite_full.sqlite/shortnames,1
webb_ccass,967,webb:issue:967,00585;02902;02947;02975,IMAGI INT'L,2004-02-02,2017-04-20,AMBIGUOUS,webbsite_full.sqlite/shortnames,17
webb_ccass,968,webb:issue:968,00108,GR LIFE STYLE,2004-02-02,2023-08-08,EXACT,webbsite_full.sqlite/shortnames,3
webb_ccass,969,webb:issue:969,00202;02900,EVERCHINA INT'L,2004-02-02,2014-03-26,AMBIGUOUS,webbsite_full.sqlite/shortnames,6
webb_ccass,970,webb:issue:970,00024,BURWILL,2004-02-02,2021-08-13,EXACT,webbsite_full.sqlite/shortnames,2
webb_ccass,971,webb:issue:971,00043,C.P. POKPHAND,2004-02-02,2022-01-18,EXACT,webbsite_full.sqlite/shortnames,1
webb_ccass,972,webb:issue:972,01185,CHINA ENERGINE,2004-02-02,2025-11-04,EXACT,webbsite_full.sqlite/shortnames,2
webb_ccass,973,webb:issue:973,00161,AVIC IHL,2004-02-02,2020-04-17,EXACT,webbsite_full.sqlite/shortnames,2
webb_ccass,974,webb:issue:974,00341,CAFE DE CORAL H,2004-02-02,,EXACT,webbsite_full.sqlite/shortnames,1
webb_ccass,975,webb:issue:975,00283,GOLDIN PPT,2004-02-02,2017-08-18,EXACT,webbsite_full.sqlite/shortnames,2
webb_ccass,976,webb:issue:976,00493;02931;02932,GOME RETAIL,2004-02-02,2017-08-31,AMBIGUOUS,webbsite_full.sqlite/shortnames,10
webb_ccass,978,webb:issue:978,00138,CCT FORTIS,2004-02-02,2013-08-23,EXACT,webbsite_full.sqlite/shortnames,2
webb_ccass,979,webb:issue:979,00139;02933;02946;02985;02995,SMART FISH,2004-02-02,2025-11-03,AMBIGUOUS,webbsite_full.sqlite/shortnames,22
webb_ccass,980,webb:issue:980,00092;02900;02929,CHAMPION TECH,2004-02-02,2024-04-26,AMBIGUOUS,webbsite_full.sqlite/shortnames,9
webb_ccass,981,webb:issue:981,00057,CHEN HSONG HOLD,2004-02-02,,EXACT,webbsite_full.sqlite/shortnames,1
webb_ccass,982,webb:issue:982,01202,SIWI SCI & TECH,2004-02-02,2022-08-16,EXACT,webbsite_full.sqlite/shortnames,2
webb_ccass,983,webb:issue:983,00648;02906;02914,SOFTMEDX,2004-02-02,2025-11-25,AMBIGUOUS,webbsite_full.sqlite/shortnames,13
webb_ccass,984,webb:issue:984,00508;02963;02999,DINGYI GP INV,2004-02-02,2023-09-26,AMBIGUOUS,webbsite_full.sqlite/shortnames,11
webb_ccass,987,webb:issue:987,00025,CHEVALIER INT'L,2004-02-02,,EXACT,webbsite_full.sqlite/shortnames,1
webb_ccass,988,webb:issue:988,00031;02911,CHINA AEROSPACE,2004-02-02,2008-03-11,AMBIGUOUS,webbsite_full.sqlite/shortnames,4
webb_ccass,989,webb:issue:989,00512;02909;02950;02989,GRAND PHARMA,2004-02-02,2021-11-17,AMBIGUOUS,webbsite_full.sqlite/shortnames,12
webb_ccass,991,webb:issue:991,00670,CHINA EAST AIR,2004-02-02,,EXACT,webbsite_full.sqlite/shortnames,1
webb_ccass,992,webb:issue:992,00476;02908;02981;02989,EV DYNAMICS,2004-02-02,2024-12-18,AMBIGUOUS,webbsite_full.sqlite/shortnames,14
webb_ccass,993,webb:issue:993,00132,HING YIP HLDGS,2004-02-02,2024-02-09,EXACT,webbsite_full.sqlite/shortnames,2
webb_ccass,994,webb:issue:994,01093,CSPC PHARMA,2004-02-02,2013-03-08,EXACT,webbsite_full.sqlite/shortnames,2
webb_ccass,995,webb:issue:995,01109;02925,CHINA RES LAND,2004-02-02,2024-03-15,AMBIGUOUS,webbsite_full.sqlite/shortnames,4
webb_ccass,996,webb:issue:996,01055,CHINA SOUTH AIR,2004-02-02,,EXACT,webbsite_full.sqlite/shortnames,1
webb_ccass,997,webb:issue:997,00326;02902;02912;02913;02926,CHINA STAR ENT,2004-02-02,2015-12-14,AMBIGUOUS,webbsite_full.sqlite/shortnames,17
webb_ccass,998,webb:issue:998,00941,CHINA MOBILE,2004-02-02,,EXACT,webbsite_full.sqlite/shortnames,1
webb_ccass,999,webb:issue:999,01123,CHINA-HK PHOTO,2004-02-02,,EXACT,webbsite_full.sqlite/shortnames,1
webb_ccass,1000,webb:issue:1000,00115;02944;02985;02987,GRAND FIELD GP,2004-02-02,2024-06-06,AMBIGUOUS,webbsite_full.sqlite/shortnames,13
webb_ccass,1001,webb:issue:1001,01053,CHONGQING IRON,2004-02-02,,EXACT,webbsite_full.sqlite/shortnames,1
webb_ccass,1002,webb:issue:1002,00116;02949,CHOW SANG SANG,2004-02-02,2010-12-10,AMBIGUOUS,webbsite_full.sqlite/shortnames,4
webb_ccass,1003,webb:issue:1003,00560,CHU KONG SHIP,2004-02-02,,EXACT,webbsite_full.sqlite/shortnames,1
webb_ccass,1004,webb:issue:1004,00298,CHUANG'S CHINA,2004-02-02,,EXACT,webbsite_full.sqlite/shortnames,1
webb_ccass,1005,webb:issue:1005,00367,CHUANG'S INT'L,2004-02-02,,EXACT,webbsite_full.sqlite/shortnames,1
webb_ccass,1006,webb:issue:1006,01051;02921;02942;02944,G-RESOURCES,2004-02-02,2021-08-03,AMBIGUOUS,webbsite_full.sqlite/shortnames,15
webb_ccass,1007,webb:issue:1007,00055;02959;02977;02991,NEWAY GROUP,2004-02-02,2016-05-11,AMBIGUOUS,webbsite_full.sqlite/shortnames,14
webb_ccass,1008,webb:issue:1008,00621;02919;02956;02980,TAUNG GOLD,2004-02-02,2025-09-12,AMBIGUOUS,webbsite_full.sqlite/shortnames,14
webb_ccass,1009,webb:issue:1009,00479;02975,CIL HOLDINGS,2004-02-02,2023-07-05,AMBIGUOUS,webbsite_full.sqlite/shortnames,4
webb_ccass,1010,webb:issue:1010,01137;02916,HK TECH VENTURE,2004-02-02,2021-07-22,AMBIGUOUS,webbsite_full.sqlite/shortnames,6
webb_ccass,1012,webb:issue:1012,00989;02904;02929,CHINA CBS INTL,2004-02-02,2025-10-16,AMBIGUOUS,webbsite_full.sqlite/shortnames,13
webb_ccass,1013,webb:issue:1013,00701,CNT GROUP,2004-02-02,,EXACT,webbsite_full.sqlite/shortnames,1
webb_ccass,1014,webb:issue:1014,01124;02998,COASTAL GL,2004-02-02,2024-01-24,AMBIGUOUS,webbsite_full.sqlite/shortnames,5
webb_ccass,1015,webb:issue:1015,00432;02915;02917,PCPD,2004-02-02,2012-07-31,AMBIGUOUS,webbsite_full.sqlite/shortnames,9
webb_ccass,1016,webb:issue:1016,00577;02916;02930;02960,SOUTH SHORE HLD,2004-02-02,2023-02-09,AMBIGUOUS,webbsite_full.sqlite/shortnames,19
webb_ccass,1017,webb:issue:1017,00513;02909;02923,CONTINENTAL H,2004-02-02,2021-07-07,AMBIGUOUS,webbsite_full.sqlite/shortnames,9
webb_ccass,1018,webb:issue:1018,00119,POLY PROPERTY,2004-02-02,2012-08-20,EXACT,webbsite_full.sqlite/shortnames,3
webb_ccass,1019,webb:issue:1019,00985;02901;02964;02986,CST GROUP,2004-02-02,2023-12-05,AMBIGUOUS,webbsite_full.sqlite/shortnames,18
webb_ccass,1020,webb:issue:1020,00118,COSMOS MACH,2004-02-02,,EXACT,webbsite_full.sqlite/shortnames,1
webb_ccass,1021,webb:issue:1021,00600;02902,CHINA INFRA INV,2004-02-02,2024-11-15,AMBIGUOUS,webbsite_full.sqlite/shortnames,8
webb_ccass,1022,webb:issue:1022,00544;02904;02922;02964,DAIDO GROUP,2004-02-02,2025-08-20,AMBIGUOUS,webbsite_full.sqlite/shortnames,13
webb_ccass,1023,webb:issue:1023,01037,MAXNERVA TECH,2004-02-02,2016-04-15,EXACT,webbsite_full.sqlite/shortnames,2
webb_ccass,1024,webb:issue:1024,00198;02939;02969,SMI HOLDINGS,2004-02-02,2020-12-14,AMBIGUOUS,webbsite_full.sqlite/shortnames,10
webb_ccass,1026,webb:issue:1026,00203,DENWAY MOTORS,2004-02-02,2010-08-26,EXACT,webbsite_full.sqlite/shortnames,1
webb_ccass,1027,webb:issue:1027,00262;02903,DESON DEV INT'L,2004-02-02,2005-10-07,AMBIGUOUS,webbsite_full.sqlite/shortnames,4
webb_ccass,1028,webb:issue:1028,00113,DICKSON CONCEPT,2004-02-02,,EXACT,webbsite_full.sqlite/shortnames,1
webb_ccass,1029,webb:issue:1029,00313;02935;02968,RICHLY FIELD,2004-02-02,2025-02-26,AMBIGUOUS,webbsite_full.sqlite/shortnames,9
webb_ccass,1030,webb:issue:1030,00412;02924;02946;02947;02975;02982;02987;02997,SDHG,2004-02-02,2022-09-02,AMBIGUOUS,webbsite_full.sqlite/shortnames,37
webb_ccass,1031,webb:issue:1031,01072;02931,DONGFANG ELEC,2004-02-02,2008-06-12,AMBIGUOUS,webbsite_full.sqlite/shortnames,4
webb_ccass,1032,webb:issue:1032,00578;02941;02994,ROSAN RES,2004-02-02,2022-11-07,AMBIGUOUS,webbsite_full.sqlite/shortnames,12
webb_ccass,1033,webb:issue:1033,00029,DYNAMIC HOLD,2004-02-02,,EXACT,webbsite_full.sqlite/shortnames,1
webb_ccass,1034,webb:issue:1034,01218;02978;02990,EASYKNIT INT'L,2004-02-02,2010-03-25,AMBIGUOUS,webbsite_full.sqlite/shortnames,8
webb_ccass,1036,webb:issue:1036,00907,ELEGANCEOPTICAL,2004-02-02,2013-10-10,EXACT,webbsite_full.sqlite/shortnames,2
webb_ccass,1038,webb:issue:1038,00330;02907;02919;02934,ESPRIT HOLDINGS,2004-02-02,2025-09-29,AMBIGUOUS,webbsite_full.sqlite/shortnames,11
webb_ccass,1040,webb:issue:1040,00943;02903;02916;02922;02964,ZHONGZHENG INTL,2004-02-02,2025-08-18,AMBIGUOUS,webbsite_full.sqlite/shortnames,18
webb_ccass,1041,webb:issue:1041,00052;02940,FAIRWOOD HOLD,2004-02-02,2006-04-11,AMBIGUOUS,webbsite_full.sqlite/shortnames,4
webb_ccass,1042,webb:issue:1042,00933;02910,BRIGHTOIL,2004-02-02,2020-10-20,AMBIGUOUS,webbsite_full.sqlite/shortnames,6
webb_ccass,1043,webb:issue:1043,00038,FIRST TRACTOR,2004-02-02,,EXACT,webbsite_full.sqlite/shortnames,1
webb_ccass,1044,webb:issue:1044,00641;02989,CHTC FONG'S INT,2004-02-02,2018-02-12,AMBIGUOUS,webbsite_full.sqlite/shortnames,7
webb_ccass,1045,webb:issue:1045,00079;02983,CENTURY LEGEND,2004-02-02,2006-12-15,AMBIGUOUS,webbsite_full.sqlite/shortnames,4
webb_ccass,1046,webb:issue:1046,00418,FOUNDER HOLD,2004-02-02,,EXACT,webbsite_full.sqlite/shortnames,1
webb_ccass,1047,webb:issue:1047,00374,FOUR SEAS MER,2004-02-02,,EXACT,webbsite_full.sqlite/shortnames,1
webb_ccass,1048,webb:issue:1048,00755;02951,DEVGREAT,2004-02-02,2025-04-16,AMBIGUOUS,webbsite_full.sqlite/shortnames,7
webb_ccass,1050,webb:issue:1050,00704;02965;02971,HUSCOKE HLDGS,2004-02-02,2020-12-29,AMBIGUOUS,webbsite_full.sqlite/shortnames,11
webb_ccass,1051,webb:issue:1051,00559;02953;02977;02993,DETAI NEWENERGY,2004-02-02,2024-11-22,AMBIGUOUS,webbsite_full.sqlite/shortnames,15
webb_ccass,1052,webb:issue:1052,00516,PYXIS GROUP,2004-02-02,2015-02-17,EXACT,webbsite_full.sqlite/shortnames,1
webb_ccass,1053,webb:issue:1053,00340;02937,TONGGUAN GOLD,2004-02-02,2018-06-11,AMBIGUOUS,webbsite_full.sqlite/shortnames,7
webb_ccass,1054,webb:issue:1054,00709,GIORDANO INT'L,2004-02-02,,EXACT,webbsite_full.sqlite/shortnames,1
webb_ccass,1055,webb:issue:1055,00970;02907,NEW SPARKLEROLL,2004-02-02,2023-02-17,AMBIGUOUS,webbsite_full.sqlite/shortnames,8
webb_ccass,1056,webb:issue:1056,00393,GLORIOUS SUN,2004-02-02,,EXACT,webbsite_full.sqlite/shortnames,1
webb_ccass,1058,webb:issue:1058,01132;02922;02962,ORANGE SKY G H,2004-02-02,2009-12-17,AMBIGUOUS,webbsite_full.sqlite/shortnames,10
webb_ccass,1059,webb:issue:1059,00677,GOLDEN RES DEV,2004-02-02,,EXACT,webbsite_full.sqlite/shortnames,1
webb_ccass,1060,webb:issue:1060,00533,GOLDLION HOLD,2004-02-02,,EXACT,webbsite_full.sqlite/shortnames,1
webb_ccass,1061,webb:issue:1061,00524;02948,GW TERROIR,2004-02-02,2023-07-18,AMBIGUOUS,webbsite_full.sqlite/shortnames,7
webb_ccass,1062,webb:issue:1062,01118,GOLIK HOLDINGS,2004-02-02,,EXACT,webbsite_full.sqlite/shortnames,1
webb_ccass,1063,webb:issue:1063,00378;02917;02983,FDG KINETIC,2004-02-02,2023-02-20,AMBIGUOUS,webbsite_full.sqlite/shortnames,10
webb_ccass,1064,webb:issue:1064,00106;02903,LANDSEA MGMT,2004-02-02,2022-08-15,AMBIGUOUS,webbsite_full.sqlite/shortnames,9
webb_ccass,1065,webb:issue:1065,00141,SKYCHINAFORTUNE,2004-02-02,2023-04-20,EXACT,webbsite_full.sqlite/shortnames,2
webb_ccass,1066,webb:issue:1066,00689;02929;02962;02984,EPI (HOLDINGS),2004-02-02,2025-05-13,AMBIGUOUS,webbsite_full.sqlite/shortnames,14
webb_ccass,1067,webb:issue:1067,00124,GD LAND,2004-02-02,2013-10-09,EXACT,webbsite_full.sqlite/shortnames,3
webb_ccass,1069,webb:issue:1069,00921,HISENSE HA,2004-02-02,2018-11-08,EXACT,webbsite_full.sqlite/shortnames,3
webb_ccass,1070,webb:issue:1070,01058,NAMYUE HOLDINGS,2004-02-02,2022-08-03,EXACT,webbsite_full.sqlite/shortnames,2
webb_ccass,1071,webb:issue:1071,01203;02929,GUANGNAN (HOLD),2004-02-02,2006-01-27,AMBIGUOUS,webbsite_full.sqlite/shortnames,4
webb_ccass,1072,webb:issue:1072,00525,GUANGSHEN RAIL,2004-02-02,,EXACT,webbsite_full.sqlite/shortnames,1
webb_ccass,1073,webb:issue:1073,00874,BAIYUNSHAN PH,2004-02-02,2013-08-29,EXACT,webbsite_full.sqlite/shortnames,2
webb_ccass,1074,webb:issue:1074,00317,COMEC,2004-02-02,2015-06-08,EXACT,webbsite_full.sqlite/shortnames,2
webb_ccass,1076,webb:issue:1076,01052,YUEXIUTRANSPORT,2004-02-02,2011-06-28,EXACT,webbsite_full.sqlite/shortnames,2
webb_ccass,1077,webb:issue:1077,01063;02938;02957;02988,SUNCORP TECH,2004-02-02,2020-05-06,AMBIGUOUS,webbsite_full.sqlite/shortnames,13
webb_ccass,1078,webb:issue:1078,00455,TIANDA PHARMA,2004-02-02,2012-09-24,EXACT,webbsite_full.sqlite/shortnames,3
webb_ccass,1079,webb:issue:1079,01133,HARBIN ELECTRIC,2004-02-02,2011-08-12,EXACT,webbsite_full.sqlite/shortnames,2
webb_ccass,1081,webb:issue:1081,00185;02958,ZENSUN ENT,2004-02-02,2021-09-13,AMBIGUOUS,webbsite_full.sqlite/shortnames,10
webb_ccass,1082,webb:issue:1082,00114,HERALD HOLD,2004-02-02,,EXACT,webbsite_full.sqlite/shortnames,1
webb_ccass,1083,webb:issue:1083,00608,HIGH FASHION,2004-02-02,,EXACT,webbsite_full.sqlite/shortnames,1
webb_ccass,1084,webb:issue:1084,00149;02927;02943;02944;02963;02977,CH AGRI-PROD EX,2004-02-02,2016-01-28,AMBIGUOUS,webbsite_full.sqlite/shortnames,23
webb_ccass,1085,webb:issue:1085,00673;02948,CHINA HEALTH,2004-02-02,2022-09-13,AMBIGUOUS,webbsite_full.sqlite/shortnames,5
webb_ccass,1086,webb:issue:1086,00047,HOP HING GROUP,2004-02-02,2022-01-27,EXACT,webbsite_full.sqlite/shortnames,2
webb_ccass,1088,webb:issue:1088,00005,HSBC HOLDINGS,2004-02-02,,EXACT,webbsite_full.sqlite/shortnames,1
webb_ccass,1090,webb:issue:1090,00404,HSIN CHONG GP,2004-02-02,2019-12-31,EXACT,webbsite_full.sqlite/shortnames,2
webb_ccass,1091,webb:issue:1091,00382;02918,WELLING HOLDING,2004-02-02,2018-02-20,AMBIGUOUS,webbsite_full.sqlite/shortnames,6
webb_ccass,1092,webb:issue:1092,00155;02903,CHINA SOLAR,2004-02-02,2022-08-08,AMBIGUOUS,webbsite_full.sqlite/shortnames,6
webb_ccass,1093,webb:issue:1093,00167;02944,IDT INT'L,2004-02-02,2025-03-27,AMBIGUOUS,webbsite_full.sqlite/shortnames,5
webb_ccass,1094,webb:issue:1094,01182;02933;02936;02950,SUCCESS DRAGON,2004-02-02,2021-07-16,AMBIGUOUS,webbsite_full.sqlite/shortnames,14
webb_ccass,1096,webb:issue:1096,01062,CDB INT'L INV,2004-02-02,2012-07-23,EXACT,webbsite_full.sqlite/shortnames,3
webb_ccass,1097,webb:issue:1097,00351;02921;02945;02948;02994,ASIA ENERGY LOG,2004-02-02,2019-09-23,AMBIGUOUS,webbsite_full.sqlite/shortnames,17
webb_ccass,1098,webb:issue:1098,00729;02904;02912;02929;02949,FDG EVEHICLES,2004-02-02,2022-01-31,AMBIGUOUS,webbsite_full.sqlite/shortnames,19
webb_ccass,1099,webb:issue:1099,01060,DAMAI ENT,2004-02-02,2025-07-02,EXACT,webbsite_full.sqlite/shortnames,4
webb_ccass,1100,webb:issue:1100,00384;02914,CHINA GAS HOLD,2004-02-02,2018-01-11,AMBIGUOUS,webbsite_full.sqlite/shortnames,4
webb_ccass,1101,webb:issue:1101,00630;02952;02970;02984,AMCO UNITED,2004-02-02,2022-09-27,AMBIGUOUS,webbsite_full.sqlite/shortnames,15
webb_ccass,1103,webb:issue:1103,00370;02937;02952;02982,HK ROBOTICS,2004-02-02,2025-06-06,AMBIGUOUS,webbsite_full.sqlite/shortnames,15
webb_ccass,1106,webb:issue:1106,00177,JIANGSU EXPRESS,2004-02-02,,EXACT,webbsite_full.sqlite/shortnames,1
webb_ccass,1107,webb:issue:1107,00358,JIANGXI COPPER,2004-02-02,,EXACT,webbsite_full.sqlite/shortnames,1
webb_ccass,1109,webb:issue:1109,00350,JINGWEI TEXTILE,2004-02-02,2015-12-29,EXACT,webbsite_full.sqlite/shortnames,1
webb_ccass,1110,webb:issue:1110,00137;02916;02979,JINHUI HOLDINGS,2004-02-02,2005-06-28,AMBIGUOUS,webbsite_full.sqlite/shortnames,7
webb_ccass,1111,webb:issue:1111,00675,K & P INT'L,2004-02-02,,EXACT,webbsite_full.sqlite/shortnames,1
webb_ccass,1112,webb:issue:1112,00027;02917,GALAXY ENT,2004-02-02,2005-12-01,AMBIGUOUS,webbsite_full.sqlite/shortnames,5
webb_ccass,1113,webb:issue:1113,00173,K. WAH INT'L,2004-02-02,,EXACT,webbsite_full.sqlite/shortnames,1
webb_ccass,1114,webb:issue:1114,00605;02980,C FIN SERVICES,2004-02-02,2021-02-17,AMBIGUOUS,webbsite_full.sqlite/shortnames,6
webb_ccass,1115,webb:issue:1115,00180,KADER HOLDINGS,2004-02-02,,EXACT,webbsite_full.sqlite/shortnames,1
webb_ccass,1116,webb:issue:1116,00681,CHI PEOPLE HOLD,2004-02-02,2007-12-13,EXACT,webbsite_full.sqlite/shortnames,3
webb_ccass,1117,webb:issue:1117,00174,GEMINI INV,2004-02-02,2011-07-12,EXACT,webbsite_full.sqlite/shortnames,3
webb_ccass,1118,webb:issue:1118,00959;02919;02988;02994,CENTURY ENT INT,2004-02-02,2021-04-12,AMBIGUOUS,webbsite_full.sqlite/shortnames,17
webb_ccass,1119,webb:issue:1119,00140,SANYUAN GROUP,2004-02-02,2009-12-24,EXACT,webbsite_full.sqlite/shortnames,2
webb_ccass,1120,webb:issue:1120,00342;02941,NEWOCEAN ENERGY,2004-02-02,2023-10-31,AMBIGUOUS,webbsite_full.sqlite/shortnames,4
webb_ccass,1121,webb:issue:1121,00034,KOWLOON DEV,2004-02-02,,EXACT,webbsite_full.sqlite/shortnames,1
webb_ccass,1122,webb:issue:1122,00645,ARES ASIA,2004-02-02,2012-05-04,EXACT,webbsite_full.sqlite/shortnames,2
webb_ccass,1123,webb:issue:1123,00300,KUNMING MACHINE,2004-02-02,2019-08-26,EXACT,webbsite_full.sqlite/shortnames,2
webb_ccass,1126,webb:issue:1126,00306,KWOON CHUNG BUS,2004-02-02,,EXACT,webbsite_full.sqlite/shortnames,1
webb_ccass,1127,webb:issue:1127,01125;02984,LAI FUNG HOLD,2004-02-02,2017-09-19,AMBIGUOUS,webbsite_full.sqlite/shortnames,5
webb_ccass,1128,webb:issue:1128,00411,LAM SOON (HK),2004-02-02,,EXACT,webbsite_full.sqlite/shortnames,1
webb_ccass,1129,webb:issue:1129,00312,EZCOM HOLDINGS,2004-02-02,2007-07-27,EXACT,webbsite_full.sqlite/shortnames,1
webb_ccass,1131,webb:issue:1131,00738,LE SAUNDA,2004-02-02,2014-12-01,EXACT,webbsite_full.sqlite/shortnames,2
webb_ccass,1133,webb:issue:1133,00554,HANS GP HLDGS,2004-02-02,2024-12-18,EXACT,webbsite_full.sqlite/shortnames,3
webb_ccass,1134,webb:issue:1134,00992,LENOVO GROUP,2004-02-02,2004-04-13,EXACT,webbsite_full.sqlite/shortnames,2
webb_ccass,1135,webb:issue:1135,00238,LEI SHING HONG,2004-02-02,2008-03-17,EXACT,webbsite_full.sqlite/shortnames,1
webb_ccass,1136,webb:issue:1136,00307;02909;02913,UP ENERGY DEV,2004-02-02,2022-01-05,AMBIGUOUS,webbsite_full.sqlite/shortnames,10
webb_ccass,1137,webb:issue:1137,00494;02909,LI & FUNG,2004-02-02,2020-05-28,AMBIGUOUS,webbsite_full.sqlite/shortnames,5
webb_ccass,1138,webb:issue:1138,00430;02922,ORIENTAL EXPL,2004-02-02,2021-07-07,AMBIGUOUS,webbsite_full.sqlite/shortnames,5
webb_ccass,1139,webb:issue:1139,00254;02921;02953;02972,NUR HOLDINGS,2004-02-02,2025-09-19,AMBIGUOUS,webbsite_full.sqlite/shortnames,14
webb_ccass,1140,webb:issue:1140,01193;02918;02939,CHINA RES GAS,2004-02-02,2022-06-28,AMBIGUOUS,webbsite_full.sqlite/shortnames,9
webb_ccass,1141,webb:issue:1141,00718;02950;02994,TAI UNITED HOLD,2004-02-02,2016-08-19,AMBIGUOUS,webbsite_full.sqlite/shortnames,10
webb_ccass,1142,webb:issue:1142,00590;02986,LUK FOOK HOLD,2004-02-02,2011-03-09,AMBIGUOUS,webbsite_full.sqlite/shortnames,4
webb_ccass,1143,webb:issue:1143,00366,LUKS GROUP (VN),2004-02-02,2007-07-05,EXACT,webbsite_full.sqlite/shortnames,2
webb_ccass,1144,webb:issue:1144,00348;02903;02950;02965,CHINAHEALTHWISE,2004-02-02,2022-10-21,AMBIGUOUS,webbsite_full.sqlite/shortnames,13
webb_ccass,1145,webb:issue:1145,00255,LUNG KEE,2004-02-02,,EXACT,webbsite_full.sqlite/shortnames,1
webb_ccass,1146,webb:issue:1146,01108,TRIUMPH NEW EN,2004-02-02,2023-03-22,EXACT,webbsite_full.sqlite/shortnames,2
webb_ccass,1147,webb:issue:1147,00323,MAANSHAN IRON,2004-02-02,,EXACT,webbsite_full.sqlite/shortnames,1
webb_ccass,1148,webb:issue:1148,00305;02988,WULING MOTORS,2004-02-02,2011-06-27,AMBIGUOUS,webbsite_full.sqlite/shortnames,8
webb_ccass,1149,webb:issue:1149,00938;02993,MAN SANG INT'L,2004-02-02,2021-04-09,AMBIGUOUS,webbsite_full.sqlite/shortnames,5
webb_ccass,1150,webb:issue:1150,00894,MAN YUE TECH,2004-02-02,2011-02-16,EXACT,webbsite_full.sqlite/shortnames,2
webb_ccass,1151,webb:issue:1151,00070;02931;02974,RICH GOLDMAN,2004-02-02,2017-10-09,AMBIGUOUS,webbsite_full.sqlite/shortnames,11
webb_ccass,1152,webb:issue:1152,00547;02926;02975;02991,DIGITAL DOMAIN,2004-02-02,2021-11-17,AMBIGUOUS,webbsite_full.sqlite/shortnames,13
webb_ccass,1153,webb:issue:1153,00376;02947,YUNFENG FIN,2004-02-02,2016-11-09,AMBIGUOUS,webbsite_full.sqlite/shortnames,7
webb_ccass,1154,webb:issue:1154,00136;02904;02906;02982;02992,CHINA RUYI,2004-02-02,2022-02-11,AMBIGUOUS,webbsite_full.sqlite/shortnames,19
webb_ccass,1155,webb:issue:1155,00391;02975,MEI AH ENTER,2004-02-02,2010-01-28,AMBIGUOUS,webbsite_full.sqlite/shortnames,5
webb_ccass,1156,webb:issue:1156,00200;02981,MELCO INT'L DEV,2004-02-02,2005-06-24,AMBIGUOUS,webbsite_full.sqlite/shortnames,4
webb_ccass,1157,webb:issue:1157,00260;02915,AVIC JOY HLDG,2004-02-02,2024-09-17,AMBIGUOUS,webbsite_full.sqlite/shortnames,7
webb_ccass,1158,webb:issue:1158,00222,MIN XIN HOLD,2004-02-02,,EXACT,webbsite_full.sqlite/shortnames,1
webb_ccass,1159,webb:issue:1159,01179,MIRABELL INT'L,2004-02-02,2008-09-22,EXACT,webbsite_full.sqlite/shortnames,1
webb_ccass,1161,webb:issue:1161,00542;02905;02961,CN CULTURAL T&A,2004-02-02,2025-12-08,AMBIGUOUS,webbsite_full.sqlite/shortnames,12
webb_ccass,1162,webb:issue:1162,00234;02944,NEW CENTURY GP,2004-02-02,2007-08-20,AMBIGUOUS,webbsite_full.sqlite/shortnames,5
webb_ccass,1163,webb:issue:1163,00182;02912;02993,CONCORD NE,2004-02-02,2015-03-16,AMBIGUOUS,webbsite_full.sqlite/shortnames,9
webb_ccass,1164,webb:issue:1164,01176,ZHUGUANG HOLD,2004-02-02,2009-11-27,EXACT,webbsite_full.sqlite/shortnames,2
webb_ccass,1165,webb:issue:1165,00986;02910;02924;02932;02933;02956;02973;02997,DUFU LIQUOR GP,2004-02-02,2025-05-13,AMBIGUOUS,webbsite_full.sqlite/shortnames,31
webb_ccass,1166,webb:issue:1166,00553,NANJING PANDA,2004-02-02,,EXACT,webbsite_full.sqlite/shortnames,1
webb_ccass,1167,webb:issue:1167,00213,NATIONAL ELEC H,2004-02-02,,EXACT,webbsite_full.sqlite/shortnames,1
webb_ccass,1169,webb:issue:1169,01047,NGAI HING HONG,2004-02-02,,EXACT,webbsite_full.sqlite/shortnames,1
webb_ccass,1170,webb:issue:1170,00332;02949,YUANHENG GAS,2004-02-02,2014-06-16,AMBIGUOUS,webbsite_full.sqlite/shortnames,6
webb_ccass,1171,webb:issue:1171,00042,NE ELECTRIC,2004-02-02,,EXACT,webbsite_full.sqlite/shortnames,1
webb_ccass,1172,webb:issue:1172,01220,ZHIDAO INT'L,2004-02-02,2012-06-29,EXACT,webbsite_full.sqlite/shortnames,2
webb_ccass,1173,webb:issue:1173,00497;02927;02933;02950,CSI PROPERTIES,2004-02-02,2025-04-15,AMBIGUOUS,webbsite_full.sqlite/shortnames,13
webb_ccass,1174,webb:issue:1174,00230,MINMETALS LAND,2004-02-02,2007-06-21,EXACT,webbsite_full.sqlite/shortnames,2
webb_ccass,1175,webb:issue:1175,00615,ORIENT POWER,2004-02-02,2008-03-14,EXACT,webbsite_full.sqlite/shortnames,1
webb_ccass,1177,webb:issue:1177,01208;02990,MMG,2004-01-21,2012-09-17,AMBIGUOUS,webbsite_full.sqlite/shortnames,5
webb_ccass,1179,webb:issue:1179,00398,ORIENTAL WATCH,2004-02-02,,EXACT,webbsite_full.sqlite/shortnames,1
webb_ccass,1181,webb:issue:1181,01174,PACIFIC ANDES,2004-02-02,2019-09-26,EXACT,webbsite_full.sqlite/shortnames,1
webb_ccass,1182,webb:issue:1182,00767;02909;02929;02931;02942;02969;02996,ZHONG JI LS,2004-02-02,2023-09-06,AMBIGUOUS,webbsite_full.sqlite/shortnames,29
webb_ccass,1183,webb:issue:1183,00659,CTF SERVICES,2004-02-02,2025-01-02,EXACT,webbsite_full.sqlite/shortnames,2
webb_ccass,1184,webb:issue:1184,00206;02944,ITC CORP PREF,2004-02-02,2007-11-06,AMBIGUOUS,webbsite_full.sqlite/shortnames,4
webb_ccass,1186,webb:issue:1186,00431;02931,G CHINA FIN,2004-02-02,2016-02-02,AMBIGUOUS,webbsite_full.sqlite/shortnames,6
webb_ccass,1187,webb:issue:1187,00276;02927;02932;02974;02976,MONGOLIA ENERGY,2004-02-02,2020-04-08,AMBIGUOUS,webbsite_full.sqlite/shortnames,16
webb_ccass,1188,webb:issue:1188,00304;02906,PEACE MARK,2004-02-02,2011-07-29,AMBIGUOUS,webbsite_full.sqlite/shortnames,4
webb_ccass,1189,webb:issue:1189,00761,BEL GLOBAL RES,2004-02-02,2018-08-24,EXACT,webbsite_full.sqlite/shortnames,2
webb_ccass,1191,webb:issue:1191,01105;02952,SING TAO,2004-02-02,2006-06-26,AMBIGUOUS,webbsite_full.sqlite/shortnames,5
webb_ccass,1192,webb:issue:1192,00765,PERFECTECH INTL,2004-02-02,,EXACT,webbsite_full.sqlite/shortnames,1
webb_ccass,1193,webb:issue:1193,00752;02936,PICO FAR EAST,2004-02-02,2006-03-29,AMBIGUOUS,webbsite_full.sqlite/shortnames,4
webb_ccass,1194,webb:issue:1194,00499;02950;02957;02986,QINGDAO HLDGS,2004-02-02,2014-12-08,AMBIGUOUS,webbsite_full.sqlite/shortnames,13
webb_ccass,1195,webb:issue:1195,00263;02918;02930;02947;02979;02990,GT GROUP HLDG,2004-02-02,2022-10-31,AMBIGUOUS,webbsite_full.sqlite/shortnames,23
webb_ccass,1196,webb:issue:1196,00210,DAPHNE INT'L,2004-02-02,2008-08-21,EXACT,webbsite_full.sqlite/shortnames,2
webb_ccass,1197,webb:issue:1197,00679;02912,ASIA TELE-NET,2004-02-02,2004-06-02,AMBIGUOUS,webbsite_full.sqlite/shortnames,4
webb_ccass,1198,webb:issue:1198,00334,CH DISPLAY OPT,2004-02-02,2017-03-10,EXACT,webbsite_full.sqlite/shortnames,3
webb_ccass,1199,webb:issue:1199,01122,QINGLING MOTORS,2004-02-02,,EXACT,webbsite_full.sqlite/shortnames,1
webb_ccass,1214,webb:issue:1214,00397;02906;02914;02924;02950;02960,MINERVA GROUP,2004-02-02,2023-08-01,AMBIGUOUS,webbsite_full.sqlite/shortnames,27
webb_ccass,1215,webb:issue:1215,00575;02945;02978,REGENT PACIFIC,2004-02-02,2023-07-18,AMBIGUOUS,webbsite_full.sqlite/shortnames,11
webb_ccass,1216,webb:issue:1216,00456;02927,NEW CITY DEV,2004-02-02,2022-05-19,AMBIGUOUS,webbsite_full.sqlite/shortnames,7
webb_ccass,1217,webb:issue:1217,00472,NEW SILKROAD,2004-02-02,2015-08-03,EXACT,webbsite_full.sqlite/shortnames,4
webb_ccass,1219,webb:issue:1219,01098,ROAD KING INFRA,2004-02-02,,EXACT,webbsite_full.sqlite/shortnames,1
webb_ccass,1221,webb:issue:1221,01184,S.A.S. DRAGON,2004-02-02,,EXACT,webbsite_full.sqlite/shortnames,1
webb_ccass,1222,webb:issue:1222,00178,SA SA INT'L,2004-02-02,,EXACT,webbsite_full.sqlite/shortnames,1
webb_ccass,1223,webb:issue:1223,00451;02916;02972;02983,GCL NEWENERGY,2004-02-02,2022-12-05,AMBIGUOUS,webbsite_full.sqlite/shortnames,14
webb_ccass,1224,webb:issue:1224,00731;02905,C&D NEWIN,2004-02-02,2022-10-24,AMBIGUOUS,webbsite_full.sqlite/shortnames,6
webb_ccass,1225,webb:issue:1225,00236,SAN MIGUEL HK,2004-02-02,,EXACT,webbsite_full.sqlite/shortnames,1
webb_ccass,1226,webb:issue:1226,00251,SEA HOLDINGS,2004-02-02,,EXACT,webbsite_full.sqlite/shortnames,1
webb_ccass,1227,webb:issue:1227,00076;02912;02948;02995,ELATE HOLDINGS,2004-02-02,2023-01-30,AMBIGUOUS,webbsite_full.sqlite/shortnames,15
webb_ccass,1228,webb:issue:1228,00448;02943,HANG TEN GROUP,2004-02-02,2012-03-20,AMBIGUOUS,webbsite_full.sqlite/shortnames,4
webb_ccass,1229,webb:issue:1229,00428;02962;02992,COCOON HOLDINGS,2004-02-02,2024-08-06,AMBIGUOUS,webbsite_full.sqlite/shortnames,11
webb_ccass,1230,webb:issue:1230,00719,SHANDONG XINHUA,2004-02-02,,EXACT,webbsite_full.sqlite/shortnames,1
webb_ccass,1231,webb:issue:1231,01138,COSCO SHIP ENGY,2004-02-02,2016-11-28,EXACT,webbsite_full.sqlite/shortnames,2
webb_ccass,1232,webb:issue:1232,00770,SHANGHAI GROWTH,2004-02-02,,EXACT,webbsite_full.sqlite/shortnames,1
webb_ccass,1233,webb:issue:1233,00338,SHANGHAI PECHEM,2004-02-02,,EXACT,webbsite_full.sqlite/shortnames,1
webb_ccass,1234,webb:issue:1234,00081,CH OVS G OCEANS,2004-02-02,2010-06-23,EXACT,webbsite_full.sqlite/shortnames,2
webb_ccass,1235,webb:issue:1235,00548,SHENZHENEXPRESS,2004-02-02,,EXACT,webbsite_full.sqlite/shortnames,1
webb_ccass,1236,webb:issue:1236,00152;02976,SHENZHEN INT'L,2004-02-02,2014-03-20,AMBIGUOUS,webbsite_full.sqlite/shortnames,5
webb_ccass,1237,webb:issue:1237,00241,ALI HEALTH,2004-02-02,2014-10-24,EXACT,webbsite_full.sqlite/shortnames,3
webb_ccass,1238,webb:issue:1238,00983,SOCAM DEV,2004-02-02,2011-10-03,EXACT,webbsite_full.sqlite/shortnames,2
webb_ccass,1239,webb:issue:1239,00604,SHENZHEN INVEST,2004-02-02,,EXACT,webbsite_full.sqlite/shortnames,1
webb_ccass,1240,webb:issue:1240,00253,SHUNHO HOLDINGS,2004-02-02,2016-08-03,EXACT,webbsite_full.sqlite/shortnames,2
webb_ccass,1241,webb:issue:1241,00107,SICHUAN EXPRESS,2004-02-02,,EXACT,webbsite_full.sqlite/shortnames,1
webb_ccass,1242,webb:issue:1242,00336;02902;02946,HUABAO INTL,2004-02-02,2009-09-29,AMBIGUOUS,webbsite_full.sqlite/shortnames,8
webb_ccass,1243,webb:issue:1243,00171,SILVER GRANT,2004-02-02,,EXACT,webbsite_full.sqlite/shortnames,1
webb_ccass,1244,webb:issue:1244,00993;02903;02942,XINKONG INT CAP,2004-02-02,2025-03-21,AMBIGUOUS,webbsite_full.sqlite/shortnames,11
webb_ccass,1245,webb:issue:1245,00245;02900;02904;02993,CHINA VERED FIN,2004-02-02,2025-08-06,AMBIGUOUS,webbsite_full.sqlite/shortnames,16
webb_ccass,1246,webb:issue:1246,00205;02917;02992,SEEC MEDIA,2004-02-02,2020-06-08,AMBIGUOUS,webbsite_full.sqlite/shortnames,9
webb_ccass,1247,webb:issue:1247,01221,SINO HOTELS,2004-02-02,,EXACT,webbsite_full.sqlite/shortnames,1
webb_ccass,1250,webb:issue:1250,00619;02984,SOUTH CHINA FIN,2004-02-02,2018-12-13,AMBIGUOUS,webbsite_full.sqlite/shortnames,6
webb_ccass,1251,webb:issue:1251,00252,SE ASIA PPT,2004-02-02,,EXACT,webbsite_full.sqlite/shortnames,1
webb_ccass,1252,webb:issue:1252,00403,STARLITE HOLD,2004-02-02,,EXACT,webbsite_full.sqlite/shortnames,1
webb_ccass,1253,webb:issue:1253,00084,STELUX HOLDINGS,2004-02-02,,EXACT,webbsite_full.sqlite/shortnames,1
webb_ccass,1254,webb:issue:1254,01031;02901;02905;02985,KINGSTON FIN,2004-02-02,2023-02-27,AMBIGUOUS,webbsite_full.sqlite/shortnames,13
webb_ccass,1255,webb:issue:1255,00409,STONE HOLDINGS,2004-02-02,2009-11-09,EXACT,webbsite_full.sqlite/shortnames,2
webb_ccass,1256,webb:issue:1256,00211;02951,STYLAND HOLD,2004-02-02,2020-11-05,AMBIGUOUS,webbsite_full.sqlite/shortnames,5
webb_ccass,1257,webb:issue:1257,00433;02921;02927,NORTH MINING,2004-02-02,2009-07-14,AMBIGUOUS,webbsite_full.sqlite/shortnames,9
webb_ccass,1258,webb:issue:1258,00567,DAISHOMICROLINE,2004-02-02,2004-09-27,EXACT,webbsite_full.sqlite/shortnames,2
webb_ccass,1259,webb:issue:1259,00663;02930;02996,KING STONE ENGY,2004-02-02,2022-02-08,AMBIGUOUS,webbsite_full.sqlite/shortnames,11
webb_ccass,1260,webb:issue:1260,01041;02927;02942;02993,LAMTEX HLDGS,2004-02-02,2022-04-22,AMBIGUOUS,webbsite_full.sqlite/shortnames,15
webb_ccass,1261,webb:issue:1261,00611,CNE TECH CORP,2004-02-02,2015-08-17,EXACT,webbsite_full.sqlite/shortnames,3
webb_ccass,1262,webb:issue:1262,00088,TAI CHEUNG HOLD,2004-02-02,,EXACT,webbsite_full.sqlite/shortnames,1
webb_ccass,1263,webb:issue:1263,00665;02919,HAITONG INT'L,2004-02-02,2024-01-11,AMBIGUOUS,webbsite_full.sqlite/shortnames,6
webb_ccass,1266,webb:issue:1266,00126,CARRIANNA,2004-02-02,2013-07-02,EXACT,webbsite_full.sqlite/shortnames,2
webb_ccass,1267,webb:issue:1267,00091;02905;02941;02942;02952;02965,GOLDEN CEN INTL,2004-02-02,2024-11-04,AMBIGUOUS,webbsite_full.sqlite/shortnames,25
webb_ccass,1268,webb:issue:1268,00680,NAN HAI CORP,2004-02-02,2023-11-16,EXACT,webbsite_full.sqlite/shortnames,2
webb_ccass,1270,webb:issue:1270,00277,TERN PROPERTIES,2004-02-02,,EXACT,webbsite_full.sqlite/shortnames,1
webb_ccass,1271,webb:issue:1271,00321,TEXWINCA HOLD,2004-02-02,,EXACT,webbsite_full.sqlite/shortnames,1
webb_ccass,1274,webb:issue:1274,00990;02901;02978,DEEP SOURCE,2004-02-02,2025-08-08,AMBIGUOUS,webbsite_full.sqlite/shortnames,10
webb_ccass,1278,webb:issue:1278,01065,TIANJIN CAPITAL,2004-02-02,,EXACT,webbsite_full.sqlite/shortnames,1
webb_ccass,1279,webb:issue:1279,00322,TINGYI,2004-02-02,,EXACT,webbsite_full.sqlite/shortnames,1
webb_ccass,1280,webb:issue:1280,00094,GREENHEART GP,2004-02-02,2011-01-19,EXACT,webbsite_full.sqlite/shortnames,2
webb_ccass,1281,webb:issue:1281,00978;02959,CHI MER LAND,2004-02-02,2013-11-29,AMBIGUOUS,webbsite_full.sqlite/shortnames,6
webb_ccass,1282,webb:issue:1282,00333;02907,TOP FORM INT'L,2004-02-02,2014-06-30,AMBIGUOUS,webbsite_full.sqlite/shortnames,5
webb_ccass,1283,webb:issue:1283,00467;02984;02999,UNITEDENERGY GP,2004-02-02,2008-01-08,AMBIGUOUS,webbsite_full.sqlite/shortnames,8
webb_ccass,1284,webb:issue:1284,00732;02977,TRULY INT'L,2004-02-02,2011-02-28,AMBIGUOUS,webbsite_full.sqlite/shortnames,5
webb_ccass,1285,webb:issue:1285,00417;02946,TSE SUI LUEN,2004-02-02,2004-12-28,AMBIGUOUS,webbsite_full.sqlite/shortnames,4
webb_ccass,1286,webb:issue:1286,00168,TSINGTAO BREW,2004-02-02,,EXACT,webbsite_full.sqlite/shortnames,1
webb_ccass,1287,webb:issue:1287,00279;02902;02911;02920;02930;02942;02974;02985;02996;02997,ARTA TECHFIN,2004-02-02,2025-09-02,AMBIGUOUS,webbsite_full.sqlite/shortnames,45
webb_ccass,1288,webb:issue:1288,00687,TYSAN HOLDINGS,2004-02-02,2019-08-15,EXACT,webbsite_full.sqlite/shortnames,3
webb_ccass,1289,webb:issue:1289,00349,ICBC (ASIA),2004-02-02,2010-12-21,EXACT,webbsite_full.sqlite/shortnames,1
webb_ccass,1291,webb:issue:1291,00674;02944,CHINA TANGSHANG,2004-02-02,2017-08-03,AMBIGUOUS,webbsite_full.sqlite/shortnames,7
webb_ccass,1292,webb:issue:1292,00419;02914;02922;02990,HONY MEDIA,2004-02-02,2025-12-11,AMBIGUOUS,webbsite_full.sqlite/shortnames,15
webb_ccass,1293,webb:issue:1293,01001,HK SH ALLIANCE,2004-02-02,2016-01-18,EXACT,webbsite_full.sqlite/shortnames,2
webb_ccass,1295,webb:issue:1295,00710,BOE VARITRONIX,2004-02-02,2017-08-01,EXACT,webbsite_full.sqlite/shortnames,2
webb_ccass,1296,webb:issue:1296,00563;02980,SH IND URBAN,2004-02-02,2010-10-27,AMBIGUOUS,webbsite_full.sqlite/shortnames,7
webb_ccass,1297,webb:issue:1297,00345,VITASOY INT'L,2004-02-02,,EXACT,webbsite_full.sqlite/shortnames,1
webb_ccass,1298,webb:issue:1298,00952;02961;02976,QUAM PLUS FIN,2004-02-02,2023-07-26,AMBIGUOUS,webbsite_full.sqlite/shortnames,11
webb_ccass,1299,webb:issue:1299,00278,WAH HA REALTY,2004-02-02,2024-04-11,EXACT,webbsite_full.sqlite/shortnames,1
webb_ccass,1300,webb:issue:1300,01215,KAI YUAN HLDGS,2004-02-02,2007-12-21,EXACT,webbsite_full.sqlite/shortnames,2
webb_ccass,1301,webb:issue:1301,00159,BROCKMAN MINING,2004-02-02,2012-09-25,EXACT,webbsite_full.sqlite/shortnames,2
webb_ccass,1302,webb:issue:1302,00610,WAI KEE HOLD,2004-02-02,,EXACT,webbsite_full.sqlite/shortnames,1
webb_ccass,1303,webb:issue:1303,01222;02900;02925;02980;02992,WANG ON GROUP,2004-02-02,2011-03-08,AMBIGUOUS,webbsite_full.sqlite/shortnames,17
webb_ccass,1304,webb:issue:1304,00491;02902;02950;02981,EMPEROR CULTURE,2004-02-02,2017-06-30,AMBIGUOUS,webbsite_full.sqlite/shortnames,17
webb_ccass,1305,webb:issue:1305,01188,HYBRID KINETIC,2004-02-02,2010-03-18,EXACT,webbsite_full.sqlite/shortnames,3
webb_ccass,1306,webb:issue:1306,00287,WINFAIR INV,2004-02-02,,EXACT,webbsite_full.sqlite/shortnames,1
webb_ccass,1307,webb:issue:1307,00063,CHI ASIA VALLEY,2004-02-02,2020-09-08,EXACT,webbsite_full.sqlite/shortnames,3
webb_ccass,1308,webb:issue:1308,01191;02986;02987,CHINA GEM HLDGS,2004-02-02,2023-05-05,AMBIGUOUS,webbsite_full.sqlite/shortnames,10
webb_ccass,1309,webb:issue:1309,00899;02915;02968;02997,ZHONG JIA GX,2004-02-02,2025-08-04,AMBIGUOUS,webbsite_full.sqlite/shortnames,14
webb_ccass,1310,webb:issue:1310,00570,TRAD CHI MED,2004-02-02,2013-11-22,EXACT,webbsite_full.sqlite/shortnames,3
webb_ccass,1311,webb:issue:1311,00085;02978,CE HUADA TECH,2004-02-02,2017-09-20,AMBIGUOUS,webbsite_full.sqlite/shortnames,6
webb_ccass,1312,webb:issue:1312,00720;02962;02989,AUTO ITALIA,2004-02-02,2012-10-12,AMBIGUOUS,webbsite_full.sqlite/shortnames,9
webb_ccass,1313,webb:issue:1313,00099,WONG'S INT'L,2004-02-02,,EXACT,webbsite_full.sqlite/shortnames,1
webb_ccass,1314,webb:issue:1314,00532,WKK INTL (HOLD),2004-02-02,,EXACT,webbsite_full.sqlite/shortnames,1
webb_ccass,1315,webb:issue:1315,00713,WORLD HOUSEWARE,2004-02-02,,EXACT,webbsite_full.sqlite/shortnames,1
webb_ccass,1316,webb:issue:1316,00294,YANGTZEKIANG,2004-02-02,,EXACT,webbsite_full.sqlite/shortnames,1
webb_ccass,1317,webb:issue:1317,00060,HK FOOD INV,2004-02-02,2010-10-04,EXACT,webbsite_full.sqlite/shortnames,3
webb_ccass,1318,webb:issue:1318,00292;02948,ASIA STD HOTEL,2004-02-02,2024-10-23,AMBIGUOUS,webbsite_full.sqlite/shortnames,5
webb_ccass,1319,webb:issue:1319,00668,DOYEN INTL HOLD,2004-02-02,2025-03-06,EXACT,webbsite_full.sqlite/shortnames,4
webb_ccass,1321,webb:issue:1321,00259,YEEBO (INT'L H),2004-02-02,,EXACT,webbsite_full.sqlite/shortnames,1
webb_ccass,1322,webb:issue:1322,00375,YGM TRADING,2004-02-02,,EXACT,webbsite_full.sqlite/shortnames,1
webb_ccass,1323,webb:issue:1323,00408,YIP'S CHEMICAL,2004-02-02,,EXACT,webbsite_full.sqlite/shortnames,1
webb_ccass,1324,webb:issue:1324,01180;02917;02951,PARADISE ENT,2004-02-02,2013-07-25,AMBIGUOUS,webbsite_full.sqlite/shortnames,10
webb_ccass,1326,webb:issue:1326,01033,SINOPEC SSC,2004-02-02,2015-04-28,EXACT,webbsite_full.sqlite/shortnames,2
webb_ccass,1327,webb:issue:1327,00193;02907;02913;02928,CAPITAL ESTATE,2004-02-02,2019-04-18,AMBIGUOUS,webbsite_full.sqlite/shortnames,15
webb_ccass,1328,webb:issue:1328,00666,SHK HK IND,2004-02-02,2021-04-23,EXACT,webbsite_full.sqlite/shortnames,2
webb_ccass,1329,webb:issue:1329,00613;02901,PLANETREE INT'L,2004-02-02,2020-06-16,AMBIGUOUS,webbsite_full.sqlite/shortnames,6
webb_ccass,1330,webb:issue:1330,00576,ZHEJIANGEXPRESS,2004-02-02,,EXACT,webbsite_full.sqlite/shortnames,1
webb_ccass,1332,webb:issue:1332,00902,HUANENG POWER,2004-02-02,,EXACT,webbsite_full.sqlite/shortnames,1
webb_ccass,1333,webb:issue:1333,00662,ASIA FINANCIAL,2004-02-02,,EXACT,webbsite_full.sqlite/shortnames,1
webb_ccass,1336,webb:issue:1336,00295;02971,KONG SUN HOLD,2004-02-02,2010-01-18,AMBIGUOUS,webbsite_full.sqlite/shortnames,5
webb_ccass,1340,webb:issue:1340,01169;02909,HAIER ELEC,2004-02-02,2020-12-23,AMBIGUOUS,webbsite_full.sqlite/shortnames,6
webb_ccass,1342,webb:issue:1342,01141;02982;02983;02995,CMBC CAPITAL,2004-02-02,2022-02-07,AMBIGUOUS,webbsite_full.sqlite/shortnames,18
webb_ccass,1346,webb:issue:1346,00487,SUCCESSUNIVERSE,2004-02-02,2009-06-29,EXACT,webbsite_full.sqlite/shortnames,2
webb_ccass,1351,webb:issue:1351,01159;02945;02968;02991,SMART DIGI TECH,2004-02-02,2024-08-29,AMBIGUOUS,webbsite_full.sqlite/shortnames,16
webb_ccass,1358,webb:issue:1358,00727;02916;02951;02957,CROWNICORP,2004-02-02,2025-05-09,AMBIGUOUS,webbsite_full.sqlite/shortnames,14
webb_ccass,1360,webb:issue:1360,00109;02937,GOODRESOURCES,2004-02-02,2022-05-04,AMBIGUOUS,webbsite_full.sqlite/shortnames,7
webb_ccass,1361,webb:issue:1361,00925,BJ PROPERTIES,2004-02-02,2025-09-01,EXACT,webbsite_full.sqlite/shortnames,2
webb_ccass,1362,webb:issue:1362,00882,TIANJIN DEV,2004-02-02,,EXACT,webbsite_full.sqlite/shortnames,1
webb_ccass,1363,webb:issue:1363,01171,YANKUANG ENERGY,2004-02-02,2022-01-06,EXACT,webbsite_full.sqlite/shortnames,2
webb_ccass,1388,webb:issue:1388,00908,ZHUHAI H INV,2004-02-02,2021-06-18,EXACT,webbsite_full.sqlite/shortnames,3
webb_ccass,1391,webb:issue:1391,00754;02916,HOPSON DEV HOLD,2004-02-02,2021-06-02,AMBIGUOUS,webbsite_full.sqlite/shortnames,4
webb_ccass,1393,webb:issue:1393,00046,COMPUTER & TECH,2004-02-02,,EXACT,webbsite_full.sqlite/shortnames,1
webb_ccass,1414,webb:issue:1414,01168;02983,Z FIN,2004-02-02,2025-09-03,AMBIGUOUS,webbsite_full.sqlite/shortnames,6
webb_ccass,1436,webb:issue:1436,01192;02914;02988,TITAN PETROCHEM,2004-02-02,2023-08-23,AMBIGUOUS,webbsite_full.sqlite/shortnames,10
webb_ccass,1444,webb:issue:1444,01201;02926;02955,TESSON HOLDINGS,2004-02-02,2025-01-24,AMBIGUOUS,webbsite_full.sqlite/shortnames,9
webb_ccass,1456,webb:issue:1456,00875;02928;02946;02994,CONGYU INTE AGR,2004-02-02,2024-07-31,AMBIGUOUS,webbsite_full.sqlite/shortnames,16
webb_ccass,1524,webb:issue:1524,01151;02984,ELEC & ELTEK,2011-07-08,2020-09-25,AMBIGUOUS,webbsite_full.sqlite/shortnames,4
webb_ccass,1539,webb:issue:1539,00905;02937;02940;02967,WALNUT CAP,2004-02-02,2022-08-03,AMBIGUOUS,webbsite_full.sqlite/shortnames,16
webb_ccass,1557,webb:issue:1557,00651;02929;02937;02939;02957;02993,CHI OCEAN IND,2004-02-02,2023-08-04,AMBIGUOUS,webbsite_full.sqlite/shortnames,21
webb_ccass,1623,webb:issue:1623,00898;02924,MULTIFIELD INTL,2004-02-02,2021-07-07,AMBIGUOUS,webbsite_full.sqlite/shortnames,5
webb_ccass,1631,webb:issue:1631,00706,BEAUTI C HOLD,2004-02-02,2022-03-28,EXACT,webbsite_full.sqlite/shortnames,3
webb_ccass,1639,webb:issue:1639,00693,TAN CHONG INT'L,2004-02-02,,EXACT,webbsite_full.sqlite/shortnames,1
webb_ccass,1770,webb:issue:1770,00166;02965,NEW TIMES CORP,2004-02-02,2024-08-28,AMBIGUOUS,webbsite_full.sqlite/shortnames,7
webb_ccass,1771,webb:issue:1771,00862;02904;02911;02927;02965,VISION VALUES,2004-02-02,2017-11-30,AMBIGUOUS,webbsite_full.sqlite/shortnames,16
webb_ccass,1773,webb:issue:1773,00208;02913,POLYTEC ASSET,2004-02-02,2021-05-26,AMBIGUOUS,webbsite_full.sqlite/shortnames,5
webb_ccass,1883,webb:issue:1883,00910;02903;02969,CHINA SANDI,2004-02-02,2020-06-02,AMBIGUOUS,webbsite_full.sqlite/shortnames,10
webb_ccass,1884,webb:issue:1884,00851;02914;02935;02962;02976,SHENG YUAN HLDG,2004-02-02,2022-11-01,AMBIGUOUS,webbsite_full.sqlite/shortnames,16
webb_ccass,1893,webb:issue:1893,01044;02963;02979,HENGAN INT'L,2004-02-02,2010-01-25,AMBIGUOUS,webbsite_full.sqlite/shortnames,7
webb_ccass,1917,webb:issue:1917,01104;02968,APAC RESOURCES,2004-02-02,2017-07-07,AMBIGUOUS,webbsite_full.sqlite/shortnames,6
webb_ccass,1997,webb:issue:1997,01225;02983;02997,LERADO FIN,2004-02-02,2022-02-22,AMBIGUOUS,webbsite_full.sqlite/shortnames,10
webb_ccass,2156,webb:issue:2156,00858,EXTRAWELL PHAR,2004-02-02,,EXACT,webbsite_full.sqlite/shortnames,1
webb_ccass,2176,webb:issue:2176,01173,VEEKO INT'L,2004-02-02,,EXACT,webbsite_full.sqlite/shortnames,1
webb_ccass,2177,webb:issue:2177,00870,HANG FUNG GOLD,2004-02-02,2012-07-09,EXACT,webbsite_full.sqlite/shortnames,1
webb_ccass,2178,webb:issue:2178,00143,GUOAN INTL,2004-02-02,2022-11-14,EXACT,webbsite_full.sqlite/shortnames,2
webb_ccass,2179,webb:issue:2179,01224;02997,C C LAND,2004-02-02,2007-02-16,AMBIGUOUS,webbsite_full.sqlite/shortnames,7
webb_ccass,2182,webb:issue:2182,00125,SUN HING VISION,2004-02-02,,EXACT,webbsite_full.sqlite/shortnames,1
webb_ccass,2189,webb:issue:2189,01187,HAN TANG INTL,2004-02-02,2018-10-22,EXACT,webbsite_full.sqlite/shortnames,2
webb_ccass,2198,webb:issue:2198,01071,HUADIAN POWER,2004-02-02,,EXACT,webbsite_full.sqlite/shortnames,1
webb_ccass,2200,webb:issue:2200,00074,GREAT WALL TECH,2004-02-02,2014-07-11,EXACT,webbsite_full.sqlite/shortnames,1
webb_ccass,2212,webb:issue:2212,00058;02942;02964,SUNWAY INT'L,2004-02-02,2020-12-29,AMBIGUOUS,webbsite_full.sqlite/shortnames,9
webb_ccass,2226,webb:issue:2226,00759,CEC INT'L HOLD,2004-02-02,,EXACT,webbsite_full.sqlite/shortnames,1
webb_ccass,2227,webb:issue:2227,01043,COSLIGHT TECH,2004-02-02,2022-04-04,EXACT,webbsite_full.sqlite/shortnames,1
webb_ccass,2229,webb:issue:2229,01163;02908;02964,DEJIN RES,2004-02-02,2017-10-27,AMBIGUOUS,webbsite_full.sqlite/shortnames,10
webb_ccass,2231,webb:issue:2231,00735;02972,CP CLEAN ENERGY,2004-02-02,2019-08-21,AMBIGUOUS,webbsite_full.sqlite/shortnames,7
webb_ccass,2243,webb:issue:2243,00913;02904;02907;02912;02925;02928;02929;02940;02953;02959;02981;02982,HARBOUR DIGITAL,2004-02-02,2021-09-01,AMBIGUOUS,webbsite_full.sqlite/shortnames,45
webb_ccass,2245,webb:issue:2245,01114,BRILLIANCE CHI,2004-02-02,,EXACT,webbsite_full.sqlite/shortnames,1
webb_ccass,2273,webb:issue:2273,01079;08013,PINE TECH,1999-11-26,2010-11-18,DATE_BOUNDED,webbsite_full.sqlite/shortnames,2
webb_ccass,2277,webb:issue:2277,01073;08011,DA YU FIN,1999-11-25,2019-07-17,DATE_BOUNDED,webbsite_full.sqlite/shortnames,3
webb_ccass,2279,webb:issue:2279,01097,I-CABLE COMM,2004-02-02,,EXACT,webbsite_full.sqlite/shortnames,1
webb_ccass,2280,webb:issue:2280,01070;02934;02985,TCL ELECTRONICS,2004-02-02,2018-06-28,AMBIGUOUS,webbsite_full.sqlite/shortnames,10
webb_ccass,2284,webb:issue:2284,08028;08563,TIMELESS,1999-11-25,2024-02-06,AMBIGUOUS,webbsite_full.sqlite/shortnames,5
webb_ccass,2287,webb:issue:2287,00769,CHINA RAREEARTH,2004-02-02,,EXACT,webbsite_full.sqlite/shortnames,1
webb_ccass,2296,webb:issue:2296,00855;02924,CHINA WATER,2004-02-02,2007-06-07,AMBIGUOUS,webbsite_full.sqlite/shortnames,5
webb_ccass,2298,webb:issue:2298,00061;02928;02979;02994,GREEN LEADER,2004-02-02,2020-09-11,AMBIGUOUS,webbsite_full.sqlite/shortnames,17
webb_ccass,2303,webb:issue:2303,01046;02948;02953,UNIVERSE ENT,2004-02-02,2018-10-22,AMBIGUOUS,webbsite_full.sqlite/shortnames,11
webb_ccass,2304,webb:issue:2304,00934,SINOPEC KANTONS,2004-02-02,,EXACT,webbsite_full.sqlite/shortnames,1
webb_ccass,2307,webb:issue:2307,00917,NEW WORLD CHINA,2004-02-02,2016-08-04,EXACT,webbsite_full.sqlite/shortnames,1
webb_ccass,2316,webb:issue:2316,00903,TPV TECHNOLOGY,2004-02-02,2019-11-15,EXACT,webbsite_full.sqlite/shortnames,1
webb_ccass,2328,webb:issue:2328,08003;08560,GREAT WORLD,1999-12-02,2021-07-27,AMBIGUOUS,webbsite_full.sqlite/shortnames,6
webb_ccass,2334,webb:issue:2334,00758,MACROLINK CAP,2004-02-02,2024-03-19,EXACT,webbsite_full.sqlite/shortnames,2
webb_ccass,2343,webb:issue:2343,00747,SHENYANG PUBLIC,2004-02-02,,EXACT,webbsite_full.sqlite/shortnames,1
webb_ccass,2358,webb:issue:2358,00922;02912;02972,ANXIANYUAN CH,2004-02-02,2018-10-05,AMBIGUOUS,webbsite_full.sqlite/shortnames,10
webb_ccass,2366,webb:issue:2366,01207,SRE GROUP,2004-02-02,2025-02-20,EXACT,webbsite_full.sqlite/shortnames,2
webb_ccass,2377,webb:issue:2377,08025;08596,ACR HOLDINGS,1999-12-16,2023-08-07,AMBIGUOUS,webbsite_full.sqlite/shortnames,6
webb_ccass,2389,webb:issue:2389,00768,UBA INVESTMENTS,2004-02-02,,EXACT,webbsite_full.sqlite/shortnames,1
webb_ccass,2392,webb:issue:2392,00692;02906;02932;02946;02960;02993,SHENZHOU PARK,2004-02-02,2019-12-10,AMBIGUOUS,webbsite_full.sqlite/shortnames,23
webb_ccass,2394,webb:issue:2394,01236;02974;08015,NATIONAL AGRI,1999-12-20,2019-11-22,AMBIGUOUS,webbsite_full.sqlite/shortnames,7
webb_ccass,2396,webb:issue:2396,00945,MANULIFE-S,2004-02-02,2012-01-03,EXACT,webbsite_full.sqlite/shortnames,2
webb_ccass,2435,webb:issue:2435,03991;08016;08391,CHANGHONG JH,2000-01-24,2020-03-18,AMBIGUOUS,webbsite_full.sqlite/shortnames,6
webb_ccass,2465,webb:issue:2465,08006;08375;08388;08579,SINO SPLENDID,2000-03-09,2022-08-01,AMBIGUOUS,webbsite_full.sqlite/shortnames,17
webb_ccass,2467,webb:issue:2467,02383;08001,TOM GROUP,2000-03-01,2004-08-04,DATE_BOUNDED,webbsite_full.sqlite/shortnames,3
webb_ccass,2468,webb:issue:2468,08083;08399,YOUZAN,2000-04-14,2024-08-21,AMBIGUOUS,webbsite_full.sqlite/shortnames,7
webb_ccass,2470,webb:issue:2470,08080;08393;08396;08567,NAS HOLDINGS,2000-04-20,2019-05-06,AMBIGUOUS,webbsite_full.sqlite/shortnames,14
webb_ccass,2475,webb:issue:2475,08088;08380;08395;08560,8088 INVESTMENT,2000-04-17,2022-08-22,AMBIGUOUS,webbsite_full.sqlite/shortnames,19
webb_ccass,2480,webb:issue:2480,08009;08382;08383;08385;08386;08395;08557,CHI ENGY HOLD,2000-03-31,2023-12-29,AMBIGUOUS,webbsite_full.sqlite/shortnames,25
webb_ccass,2481,webb:issue:2481,00969,HUA LIEN INT'L,2004-02-02,,EXACT,webbsite_full.sqlite/shortnames,1
webb_ccass,2498,webb:issue:2498,08010,SINGPAO MEDIA,2000-06-01,2015-08-18,EXACT,webbsite_full.sqlite/shortnames,8
webb_ccass,2503,webb:issue:2503,08048,YU TAK INT'L,2000-06-30,2016-11-16,EXACT,webbsite_full.sqlite/shortnames,3
webb_ccass,2507,webb:issue:2507,08041;08374;08382;08561,INTELLIMARK AI,2000-07-07,2025-09-16,AMBIGUOUS,webbsite_full.sqlite/shortnames,16
webb_ccass,2509,webb:issue:2509,08089;08583,CHINESE STRAT,2000-05-18,2022-05-04,AMBIGUOUS,webbsite_full.sqlite/shortnames,7
webb_ccass,2516,webb:issue:2516,00388;02968,HKEX,2004-02-02,2006-07-18,AMBIGUOUS,webbsite_full.sqlite/shortnames,4
webb_ccass,2517,webb:issue:2517,00724;02934;02973;02995,RUIXIN INT'L,2004-02-02,2022-12-14,AMBIGUOUS,webbsite_full.sqlite/shortnames,16
webb_ccass,2523,webb:issue:2523,00550;02974;08073;08393,ALLEGRO CULTURE,2000-07-20,2024-06-28,AMBIGUOUS,webbsite_full.sqlite/shortnames,14
webb_ccass,2527,webb:issue:2527,08061,ACROSSASIA,2000-07-13,2017-06-13,EXACT,webbsite_full.sqlite/shortnames,1
webb_ccass,2553,webb:issue:2553,00702;02970,SINO OIL & GAS,2004-02-02,2018-09-13,AMBIGUOUS,webbsite_full.sqlite/shortnames,7
webb_ccass,2564,webb:issue:2564,00859,ZHONGCHANG INTL,2004-02-02,2018-07-05,EXACT,webbsite_full.sqlite/shortnames,4
webb_ccass,2566,webb:issue:2566,01686;08008,SUNEVISION,2000-03-17,2018-01-22,DATE_BOUNDED,webbsite_full.sqlite/shortnames,2
webb_ccass,2577,webb:issue:2577,00643,CARRY WEALTH,2004-02-02,,EXACT,webbsite_full.sqlite/shortnames,1
webb_ccass,2579,webb:issue:2579,08086;08382;08385;08397;08400;08577;08595,SINO VISION WW,2000-08-02,2023-07-04,AMBIGUOUS,webbsite_full.sqlite/shortnames,24
webb_ccass,2588,webb:issue:2588,00436;08068;08392;08395;08400,NU ENVIRO,2000-05-18,2016-08-01,AMBIGUOUS,webbsite_full.sqlite/shortnames,14
webb_ccass,2592,webb:issue:2592,01009;02936;08118;08399,INT'L ENT,2000-07-31,2023-06-15,AMBIGUOUS,webbsite_full.sqlite/shortnames,13
webb_ccass,2604,webb:issue:2604,00933;08032;08399,VIVA GOODS,2000-04-06,2023-06-27,AMBIGUOUS,webbsite_full.sqlite/shortnames,9
webb_ccass,2605,webb:issue:2605,00694,BEIJING AIRPORT,2004-02-02,,EXACT,webbsite_full.sqlite/shortnames,1
webb_ccass,2613,webb:issue:2613,00997;02909;02949;02991,CHINLINK INTL,2004-02-02,2021-03-26,AMBIGUOUS,webbsite_full.sqlite/shortnames,14
webb_ccass,2615,webb:issue:2615,00399;02924;02968,STARCOIN GROUP,2004-02-02,2025-10-03,AMBIGUOUS,webbsite_full.sqlite/shortnames,11
webb_ccass,2619,webb:issue:2619,00762,CHINA UNICOM,2004-02-02,,EXACT,webbsite_full.sqlite/shortnames,1
webb_ccass,2620,webb:issue:2620,08103;08373;08376;08377;08378;08393;08396;08551;08552;08568,HMVOD,2000-09-08,2021-12-30,AMBIGUOUS,webbsite_full.sqlite/shortnames,36
webb_ccass,2623,webb:issue:2623,00015;02995,VANTAGE INT'L,2004-02-02,2020-10-22,AMBIGUOUS,webbsite_full.sqlite/shortnames,4
webb_ccass,2627,webb:issue:2627,08017;08380;08382,LONG SUCCESS,2000-08-17,2016-10-19,AMBIGUOUS,webbsite_full.sqlite/shortnames,10
webb_ccass,2630,webb:issue:2630,00555;02984,REXLOT HOLDINGS,2004-01-14,2021-05-10,AMBIGUOUS,webbsite_full.sqlite/shortnames,4
webb_ccass,2632,webb:issue:2632,01385;02928;08102;08372,SHANGHAI FUDAN,2000-08-04,2022-05-05,AMBIGUOUS,webbsite_full.sqlite/shortnames,8
webb_ccass,2638,webb:issue:2638,00066,MTR CORPORATION,2004-02-02,,EXACT,webbsite_full.sqlite/shortnames,1
webb_ccass,2644,webb:issue:2644,02919;02997;03886;08138,TOWN HEALTH,2000-10-18,2014-05-16,AMBIGUOUS,webbsite_full.sqlite/shortnames,9
webb_ccass,2651,webb:issue:2651,00386,SINOPEC CORP,2004-02-02,,EXACT,webbsite_full.sqlite/shortnames,1
webb_ccass,2653,webb:issue:2653,01359,CHINA CINDA,2013-12-12,,EXACT,webbsite_full.sqlite/shortnames,1
webb_ccass,2665,webb:issue:2665,00162;02960,CENTURY GINWA,2004-02-02,2013-01-22,AMBIGUOUS,webbsite_full.sqlite/shortnames,7
webb_ccass,2668,webb:issue:2668,00365,SINO ICT,2004-02-02,2020-01-03,EXACT,webbsite_full.sqlite/shortnames,3
webb_ccass,2671,webb:issue:2671,00335,UPBEST GROUP,2004-02-02,,EXACT,webbsite_full.sqlite/shortnames,1
webb_ccass,2674,webb:issue:2674,00188;02968,SUNWAH KINGSWAY,2004-02-02,2021-01-04,AMBIGUOUS,webbsite_full.sqlite/shortnames,6
webb_ccass,2684,webb:issue:2684,00339;02933,CN SCI-TECH IND,2004-02-02,2024-08-08,AMBIGUOUS,webbsite_full.sqlite/shortnames,6
webb_ccass,2688,webb:issue:2688,00007;02926,WISDOM WEALTH,2004-02-02,2023-06-08,AMBIGUOUS,webbsite_full.sqlite/shortnames,8
webb_ccass,2690,webb:issue:2690,00111,CINDA INTL HLDG,2004-02-02,2009-02-04,EXACT,webbsite_full.sqlite/shortnames,2
webb_ccass,2692,webb:issue:2692,08063;08393;08599,GLOBAL M HLDG,2000-12-07,2021-05-20,AMBIGUOUS,webbsite_full.sqlite/shortnames,11
webb_ccass,2695,webb:issue:2695,00627;02940;02959,VISION SYNERGY,2004-02-02,2025-11-20,AMBIGUOUS,webbsite_full.sqlite/shortnames,11
webb_ccass,2699,webb:issue:2699,00204;02909;02914;02915;02992,CAPITAL REALM,2004-02-02,2025-08-13,AMBIGUOUS,webbsite_full.sqlite/shortnames,24
webb_ccass,2701,webb:issue:2701,08116;08379;08390,C FORTUNE INV,2000-07-25,2021-09-28,AMBIGUOUS,webbsite_full.sqlite/shortnames,12
webb_ccass,2710,webb:issue:2710,00599,E. BON HOLDINGS,2004-02-02,,EXACT,webbsite_full.sqlite/shortnames,1
webb_ccass,2712,webb:issue:2712,00927,FUJIKON IND,2004-02-02,,EXACT,webbsite_full.sqlite/shortnames,1
webb_ccass,2720,webb:issue:2720,08050;08586,CITY COOLXU-OLD,2000-07-24,2025-12-22,AMBIGUOUS,webbsite_full.sqlite/shortnames,7
webb_ccass,2725,webb:issue:2725,00510;02924;02941;02965;08122,CASH FIN SER GP,2000-12-15,2020-10-14,AMBIGUOUS,webbsite_full.sqlite/shortnames,18
webb_ccass,2727,webb:issue:2727,01100,MAINLAND HOLD,2004-02-02,,EXACT,webbsite_full.sqlite/shortnames,1
webb_ccass,2730,webb:issue:2730,08078;08372;08373;08375;08379;08386;08398;08399;08568,C CREATIVE DIGI,2000-12-19,2023-10-31,AMBIGUOUS,webbsite_full.sqlite/shortnames,37
webb_ccass,2734,webb:issue:2734,08108;08378;08385;08386;08392;08396;08398;08578,GRAND PEACE,2000-07-14,2021-08-27,AMBIGUOUS,webbsite_full.sqlite/shortnames,37
webb_ccass,2735,webb:issue:2735,08026,CB GLOBAL,2000-03-28,2018-07-06,EXACT,webbsite_full.sqlite/shortnames,3
webb_ccass,2737,webb:issue:2737,00274;02954;02955;02975,RA SILK ROAD,2004-02-02,2025-04-28,AMBIGUOUS,webbsite_full.sqlite/shortnames,15
webb_ccass,2738,webb:issue:2738,00966;02917;02949,CHINA TAIPING,2004-02-02,2009-10-06,AMBIGUOUS,webbsite_full.sqlite/shortnames,8
webb_ccass,2740,webb:issue:2740,00110;02979;08040,CHINA FORTUNE,2000-02-16,2021-02-17,AMBIGUOUS,webbsite_full.sqlite/shortnames,8
webb_ccass,2742,webb:issue:2742,08033,VODATEL NETWORK,2000-02-25,,EXACT,webbsite_full.sqlite/shortnames,1
webb_ccass,2744,webb:issue:2744,08005;08376;08396,YUXING INFOTECH,2000-01-31,2015-01-29,AMBIGUOUS,webbsite_full.sqlite/shortnames,8
webb_ccass,2747,webb:issue:2747,00764;02907;02910;02923;02926;02958;02993;02995,ETERNITY INV,2004-02-02,2025-07-28,AMBIGUOUS,webbsite_full.sqlite/shortnames,29
webb_ccass,2755,webb:issue:2755,00857,PETROCHINA,2004-02-02,,EXACT,webbsite_full.sqlite/shortnames,1
webb_ccass,2762,webb:issue:2762,00751,SKYWORTH GROUP,2004-02-02,2019-07-11,EXACT,webbsite_full.sqlite/shortnames,2
webb_ccass,2764,webb:issue:2764,00686;02902,BJ ENERGY INTL,2004-02-02,2024-12-06,AMBIGUOUS,webbsite_full.sqlite/shortnames,10
webb_ccass,2767,webb:issue:2767,08007;08398;08556;08565;08590,GLOBALSTRAT,2000-04-17,2025-07-21,AMBIGUOUS,webbsite_full.sqlite/shortnames,18
webb_ccass,2768,webb:issue:2768,08081;08375;08379;08391;08397,HANG TAI YUE GP,2000-06-19,2018-11-26,AMBIGUOUS,webbsite_full.sqlite/shortnames,19
webb_ccass,2772,webb:issue:2772,02008;02921;08002,PHOENIX TV,2000-06-30,2024-03-26,AMBIGUOUS,webbsite_full.sqlite/shortnames,6
webb_ccass,2782,webb:issue:2782,08095,BEIDA JADE BIRD,2000-07-27,2001-01-30,EXACT,webbsite_full.sqlite/shortnames,4
webb_ccass,2794,webb:issue:2794,01666;08069,TONG REN TANG,2000-10-31,2010-07-09,DATE_BOUNDED,webbsite_full.sqlite/shortnames,5
webb_ccass,2799,webb:issue:2799,00678,GENTING HK,2004-02-02,2023-05-16,EXACT,webbsite_full.sqlite/shortnames,2
webb_ccass,2805,webb:issue:2805,00682;02925,CHAODA MODERN,2004-02-02,2025-01-24,AMBIGUOUS,webbsite_full.sqlite/shortnames,5
webb_ccass,2812,webb:issue:2812,08029;08376;08385;08387;08573,IMPERIUM FIN GP,2000-12-14,2025-01-08,AMBIGUOUS,webbsite_full.sqlite/shortnames,20
webb_ccass,2815,webb:issue:2815,00865;08110,JIANDE INT'L,2000-12-29,2017-02-10,DATE_BOUNDED,webbsite_full.sqlite/shortnames,3
webb_ccass,2821,webb:issue:2821,01177;02910;02922;08027,SINO BIOPHARM,2000-09-29,2015-12-18,AMBIGUOUS,webbsite_full.sqlite/shortnames,8
webb_ccass,2830,webb:issue:2830,00361,SINO GOLF HOLD,2004-02-02,,EXACT,webbsite_full.sqlite/shortnames,1
webb_ccass,2837,webb:issue:2837,00698;02951;02992,TONGDA GROUP,2001-10-30,2025-11-18,AMBIGUOUS,webbsite_full.sqlite/shortnames,9
webb_ccass,2841,webb:issue:2841,00380;02921;02962,CHINA PIPE,2004-02-02,2021-06-28,AMBIGUOUS,webbsite_full.sqlite/shortnames,12
webb_ccass,2852,webb:issue:2852,08111;08567,CT IND GROUP,2001-01-03,2021-08-23,AMBIGUOUS,webbsite_full.sqlite/shortnames,7
webb_ccass,2856,webb:issue:2856,00039,CH BEIDAHUANG,2004-02-02,2015-05-14,EXACT,webbsite_full.sqlite/shortnames,4
webb_ccass,2857,webb:issue:2857,00381;02908;02927;02938;02972;02977,AOM INT'L,2004-02-02,2024-12-11,AMBIGUOUS,webbsite_full.sqlite/shortnames,24
webb_ccass,2860,webb:issue:2860,00831;08052,CR ASIA,2001-01-18,2011-06-20,DATE_BOUNDED,webbsite_full.sqlite/shortnames,2
webb_ccass,2867,webb:issue:2867,08131;08395,ABC MULTIACTIVE,2001-01-31,2004-02-13,AMBIGUOUS,webbsite_full.sqlite/shortnames,7
webb_ccass,2871,webb:issue:2871,00696,TRAVELSKY TECH,2004-02-02,,EXACT,webbsite_full.sqlite/shortnames,1
webb_ccass,2884,webb:issue:2884,08071;08375;08381;08383;08391;08396,CH NETCOMTECH,2001-03-02,2012-04-02,AMBIGUOUS,webbsite_full.sqlite/shortnames,22
webb_ccass,2899,webb:issue:2899,00459;02974;08090,LEGEND UPSTAR,2001-03-15,2022-07-28,AMBIGUOUS,webbsite_full.sqlite/shortnames,11
webb_ccass,2901,webb:issue:2901,00268;02900;02925;02980;08133,KINGDEE INT'L,2001-02-15,2018-11-05,AMBIGUOUS,webbsite_full.sqlite/shortnames,12
webb_ccass,2919,webb:issue:2919,02330;02956;08098,CHINA UPTOWN,2001-02-08,2020-11-25,AMBIGUOUS,webbsite_full.sqlite/shortnames,8
webb_ccass,2921,webb:issue:2921,08092,ITE HOLDINGS,2001-02-21,,EXACT,webbsite_full.sqlite/shortnames,1
webb_ccass,2925,webb:issue:2925,00721,C FIN INT INV,2004-02-02,2010-11-17,EXACT,webbsite_full.sqlite/shortnames,3
webb_ccass,2928,webb:issue:2928,08153;08376;08398;08400;08570;08581;08599,JIADING INTL GP,2001-03-30,2025-10-31,AMBIGUOUS,webbsite_full.sqlite/shortnames,28
webb_ccass,2933,webb:issue:2933,01195;08115,KINGWELL GROUP,2001-05-17,2010-03-26,DATE_BOUNDED,webbsite_full.sqlite/shortnames,3
webb_ccass,2937,webb:issue:2937,08043,ERA MINING MACH,2001-06-28,2012-10-04,EXACT,webbsite_full.sqlite/shortnames,3
webb_ccass,2938,webb:issue:2938,00889,DATRONIX HOLD,2004-02-02,,EXACT,webbsite_full.sqlite/shortnames,1
webb_ccass,2942,webb:issue:2942,00883;02998,CNOOC,2004-02-02,2004-04-27,AMBIGUOUS,webbsite_full.sqlite/shortnames,4
webb_ccass,2947,webb:issue:2947,00809,GLOBAL BIO-CHEM,2004-02-02,,EXACT,webbsite_full.sqlite/shortnames,1
webb_ccass,2948,webb:issue:2948,00362;02925;02957;02986,C ZENITH CHEM,2004-02-02,2023-01-30,AMBIGUOUS,webbsite_full.sqlite/shortnames,16
webb_ccass,2949,webb:issue:2949,08045;08583,NANDASOFT,2001-04-24,2025-05-08,AMBIGUOUS,webbsite_full.sqlite/shortnames,5
webb_ccass,2950,webb:issue:2950,00861,DC HOLDINGS,2004-02-02,2016-03-29,EXACT,webbsite_full.sqlite/shortnames,2
webb_ccass,2951,webb:issue:2951,02362;02976;08059,JINCHUAN INTL,2001-07-09,2011-02-18,AMBIGUOUS,webbsite_full.sqlite/shortnames,9
webb_ccass,2952,webb:issue:2952,08158;08572;08592,CRMI,2001-07-18,2023-10-12,AMBIGUOUS,webbsite_full.sqlite/shortnames,11
webb_ccass,2953,webb:issue:2953,00353;02959;02960;02966,ENERGY INTINV,2004-02-02,2022-10-21,AMBIGUOUS,webbsite_full.sqlite/shortnames,16
webb_ccass,2963,webb:issue:2963,08051;08388;08389;08571,CIRCUTECH,2001-05-08,2017-03-13,AMBIGUOUS,webbsite_full.sqlite/shortnames,14
webb_ccass,2964,webb:issue:2964,00821;02909;08101;08395,VC HOLDINGS,2001-04-09,2025-09-01,AMBIGUOUS,webbsite_full.sqlite/shortnames,10
webb_ccass,2972,webb:issue:2972,08120;08373;08378;08386;08569;08576,CH DEMETER FIN,2001-04-10,2024-12-20,AMBIGUOUS,webbsite_full.sqlite/shortnames,22
webb_ccass,2974,webb:issue:2974,00346;02931,YANCHANG PETRO,2004-02-02,2023-06-19,AMBIGUOUS,webbsite_full.sqlite/shortnames,8
webb_ccass,2975,webb:issue:2975,02688;02954;02973;08149,ENN ENERGY,2001-05-10,2018-09-21,AMBIGUOUS,webbsite_full.sqlite/shortnames,9
webb_ccass,2982,webb:issue:2982,00885;02951;02973;02977;02994,RENTIAN TECH,2004-02-02,2022-05-30,AMBIGUOUS,webbsite_full.sqlite/shortnames,19
webb_ccass,2983,webb:issue:2983,00318;02943,VONGROUP,2004-02-02,2016-03-17,AMBIGUOUS,webbsite_full.sqlite/shortnames,6
webb_ccass,2984,webb:issue:2984,01083;08132,TG SMART ENERGY,2001-04-20,2022-01-13,DATE_BOUNDED,webbsite_full.sqlite/shortnames,7
webb_ccass,2985,webb:issue:2985,00290;02955;02965;02967,GOFINTECH QUANT,2004-02-02,2025-11-27,AMBIGUOUS,webbsite_full.sqlite/shortnames,16
webb_ccass,2986,webb:issue:2986,02886;02988;08035,BINHAI INV,2000-03-16,2015-06-19,AMBIGUOUS,webbsite_full.sqlite/shortnames,10
webb_ccass,2987,webb:issue:2987,00803;02993;08139;08398;08400,PROSPERITY INTL,2001-08-02,2023-02-09,AMBIGUOUS,webbsite_full.sqlite/shortnames,13
webb_ccass,2988,webb:issue:2988,00009;02911;02966,KEYNE LTD,2004-02-02,2020-03-24,AMBIGUOUS,webbsite_full.sqlite/shortnames,13
webb_ccass,2989,webb:issue:2989,02902;02937;03633;08070;08392,ZHONGYU ENERGY,2001-06-05,2022-01-27,AMBIGUOUS,webbsite_full.sqlite/shortnames,13
webb_ccass,2992,webb:issue:2992,01213,MOBICON GROUP,2004-02-02,,EXACT,webbsite_full.sqlite/shortnames,1
webb_ccass,2996,webb:issue:2996,02668;02986,PAK TAK INT'L,2004-02-02,2014-05-16,AMBIGUOUS,webbsite_full.sqlite/shortnames,5
webb_ccass,2997,webb:issue:2997,00896,HANISON,2004-02-02,,EXACT,webbsite_full.sqlite/shortnames,1
webb_ccass,3000,webb:issue:3000,08055;08377;08392,CHI E-INFO TECH,2001-12-05,2023-02-09,AMBIGUOUS,webbsite_full.sqlite/shortnames,10
webb_ccass,3001,webb:issue:3001,01026;08091,UNIVERSAL TECH,2001-10-26,2010-06-22,DATE_BOUNDED,webbsite_full.sqlite/shortnames,2
webb_ccass,3010,webb:issue:3010,08150;08390;08395;08400;08562,SEAMLESS GREEN,2001-08-10,2024-04-29,AMBIGUOUS,webbsite_full.sqlite/shortnames,16
webb_ccass,3013,webb:issue:3013,00801;02909;08180,GOLDEN MEDITECH,2001-12-28,2020-10-21,AMBIGUOUS,webbsite_full.sqlite/shortnames,6
webb_ccass,3016,webb:issue:3016,01129;02920;02956,WATER INDUSTRY,2004-02-02,2025-01-20,AMBIGUOUS,webbsite_full.sqlite/shortnames,10
webb_ccass,3024,webb:issue:3024,08123,SINOFORTUNE FIN,2002-01-11,2017-07-04,EXACT,webbsite_full.sqlite/shortnames,5
webb_ccass,3062,webb:issue:3062,08169,ECO-TEK HLDGS,2001-12-05,,EXACT,webbsite_full.sqlite/shortnames,1
webb_ccass,3065,webb:issue:3065,01178;02930;08199,HUIYIN HLDGS GP,2002-02-01,2022-08-22,AMBIGUOUS,webbsite_full.sqlite/shortnames,9
webb_ccass,3068,webb:issue:3068,08075;08400;08581,MEDIA ASIA,2001-05-31,2023-03-21,AMBIGUOUS,webbsite_full.sqlite/shortnames,10
webb_ccass,3069,webb:issue:3069,08049,JILIN CHANGLONG,2001-05-24,,EXACT,webbsite_full.sqlite/shortnames,1
webb_ccass,3070,webb:issue:3070,08129;08377;08389,CLOUD INV HOLD,2001-05-18,2019-03-26,AMBIGUOUS,webbsite_full.sqlite/shortnames,12
webb_ccass,3071,webb:issue:3071,00329;02948;02962;02995,OCI INTL,2004-02-02,2017-07-06,AMBIGUOUS,webbsite_full.sqlite/shortnames,16
webb_ccass,3072,webb:issue:3072,00130,MOISELLE INT'L,2004-02-02,,EXACT,webbsite_full.sqlite/shortnames,1
webb_ccass,3076,webb:issue:3076,08176;08386;08388;08395,SUPERROBOTICS,2002-02-19,2017-10-30,AMBIGUOUS,webbsite_full.sqlite/shortnames,15
webb_ccass,3077,webb:issue:3077,08100;08380;08383;08388;08393;08397;08399,FAMOUS TECH INT,2001-12-31,2024-08-01,AMBIGUOUS,webbsite_full.sqlite/shortnames,28
webb_ccass,3078,webb:issue:3078,00901;02901;02906;02907;02914;02930;02950;02979;02993,GOLDSTONE INV,2004-02-02,2024-11-04,AMBIGUOUS,webbsite_full.sqlite/shortnames,33
webb_ccass,3080,webb:issue:3080,01061;02951;08151,ESSEX BIO-TECH,2001-06-27,2015-08-28,AMBIGUOUS,webbsite_full.sqlite/shortnames,5
webb_ccass,3081,webb:issue:3081,00888,BLOCKFIN HLDG,2004-02-02,2025-12-23,EXACT,webbsite_full.sqlite/shortnames,3
webb_ccass,3082,webb:issue:3082,08021;08379;08399,WLS HOLDINGS,2001-12-07,2015-04-15,AMBIGUOUS,webbsite_full.sqlite/shortnames,9
webb_ccass,3084,webb:issue:3084,08022;08373;08396,EVERSHINE GP,2001-08-13,2022-10-17,AMBIGUOUS,webbsite_full.sqlite/shortnames,11
webb_ccass,3085,webb:issue:3085,08019;08391;08399;08556,HAO WEN HLDGS,2001-07-20,2020-08-14,AMBIGUOUS,webbsite_full.sqlite/shortnames,14
webb_ccass,3086,webb:issue:3086,08076,SING LEE,2001-09-05,,EXACT,webbsite_full.sqlite/shortnames,1
webb_ccass,3087,webb:issue:3087,08197,BAYTACARE PHARM,2002-02-28,2020-03-18,EXACT,webbsite_full.sqlite/shortnames,2
webb_ccass,3088,webb:issue:3088,08163;08371;08377;08558;08581,NOIZ GROUP,2002-03-07,2023-06-12,AMBIGUOUS,webbsite_full.sqlite/shortnames,24
webb_ccass,3091,webb:issue:3091,01228;02956,SUPERB SUMMIT,2004-02-02,2020-06-04,AMBIGUOUS,webbsite_full.sqlite/shortnames,6
webb_ccass,3092,webb:issue:3092,08079;08377;08382;08385;08386;08388;08395;08397;08400;08578,WISDOMCOME GP,2001-10-15,2025-01-08,AMBIGUOUS,webbsite_full.sqlite/shortnames,50
webb_ccass,3095,webb:issue:3095,08178;08392;08558;08582,CHINA INFO TECH,2001-12-11,2023-01-12,AMBIGUOUS,webbsite_full.sqlite/shortnames,13
webb_ccass,3096,webb:issue:3096,08159,CU VENTURE INV,2002-01-04,2022-05-13,EXACT,webbsite_full.sqlite/shortnames,2
webb_ccass,3097,webb:issue:3097,02600,CHALCO,2004-02-02,,EXACT,webbsite_full.sqlite/shortnames,1
webb_ccass,3099,webb:issue:3099,01076;02971;02990,IMPERIAL PAC,2004-02-02,2024-06-17,AMBIGUOUS,webbsite_full.sqlite/shortnames,10
webb_ccass,3100,webb:issue:3100,01126;02966,DREAM INT'L,2004-02-02,2025-11-27,AMBIGUOUS,webbsite_full.sqlite/shortnames,4
webb_ccass,3111,webb:issue:3111,00197;02902;02930,HENG TAI,2004-02-02,2024-02-02,AMBIGUOUS,webbsite_full.sqlite/shortnames,9
webb_ccass,3112,webb:issue:3112,01002,V.S. INT'L,2004-02-02,,EXACT,webbsite_full.sqlite/shortnames,1
webb_ccass,3113,webb:issue:3113,00612;02985,CARMEN CENTURY,2004-02-02,2025-08-06,AMBIGUOUS,webbsite_full.sqlite/shortnames,9
webb_ccass,3116,webb:issue:3116,00646;02972;02990;02997,CHINA ENV TEC,2004-02-02,2021-11-05,AMBIGUOUS,webbsite_full.sqlite/shortnames,14
webb_ccass,3117,webb:issue:3117,00209;02953;02985,WINSHINE SCI,2004-02-02,2024-07-02,AMBIGUOUS,webbsite_full.sqlite/shortnames,11
webb_ccass,3118,webb:issue:3118,00629;02923,YUE DA INTL,2004-02-02,2019-01-11,AMBIGUOUS,webbsite_full.sqlite/shortnames,6
webb_ccass,3119,webb:issue:3119,00931;02953;02981,CHINA HK POWER,2004-02-02,2023-11-23,AMBIGUOUS,webbsite_full.sqlite/shortnames,11
webb_ccass,3120,webb:issue:3120,00157,NATURAL BEAUTY,2004-02-02,,EXACT,webbsite_full.sqlite/shortnames,1
webb_ccass,3121,webb:issue:3121,00223;02908;02991,ELIFE HLDGS,2004-02-02,2022-03-08,AMBIGUOUS,webbsite_full.sqlite/shortnames,11
webb_ccass,3123,webb:issue:3123,00064;02932,GET NICE,2004-02-02,2025-09-29,AMBIGUOUS,webbsite_full.sqlite/shortnames,5
webb_ccass,3131,webb:issue:3131,00065;02970;02996;08112,GRAND OCEAN AR,2001-08-30,2024-11-29,AMBIGUOUS,webbsite_full.sqlite/shortnames,13
webb_ccass,3140,webb:issue:3140,08143;08393;08398;08598,GF HEALTHCARE,2002-05-10,2023-10-19,AMBIGUOUS,webbsite_full.sqlite/shortnames,18
webb_ccass,3141,webb:issue:3141,08173;08379;08399;08579,HEPHAESTUS HLDG,2002-05-09,2021-10-12,AMBIGUOUS,webbsite_full.sqlite/shortnames,17
webb_ccass,3142,webb:issue:3142,01161,WATER OASIS GP,2004-02-02,,EXACT,webbsite_full.sqlite/shortnames,1
webb_ccass,3148,webb:issue:3148,00856;02947,VSTECS,2004-02-02,2017-08-07,AMBIGUOUS,webbsite_full.sqlite/shortnames,5
webb_ccass,3149,webb:issue:3149,00746,L & M CHEMICAL,2004-02-02,2011-11-24,EXACT,webbsite_full.sqlite/shortnames,2
webb_ccass,3163,webb:issue:3163,08119;08376;08399;08400,THIZ TECHNOLOGY,2001-07-27,2021-11-29,AMBIGUOUS,webbsite_full.sqlite/shortnames,11
webb_ccass,3178,webb:issue:3178,00228;02959;02960;02973,CHINA ENERGY,2004-02-02,2025-12-08,AMBIGUOUS,webbsite_full.sqlite/shortnames,12
webb_ccass,3182,webb:issue:3182,00169;02970,WANDA HOTEL DEV,2004-02-02,2014-10-22,AMBIGUOUS,webbsite_full.sqlite/shortnames,8
webb_ccass,3183,webb:issue:3183,00356,DT CAPITAL,2004-02-02,2014-10-09,EXACT,webbsite_full.sqlite/shortnames,2
webb_ccass,3184,webb:issue:3184,08117;08376;08382;08383;08390;08391,CHI P ENERGY,2001-12-13,2014-12-18,AMBIGUOUS,webbsite_full.sqlite/shortnames,21
webb_ccass,3199,webb:issue:3199,02312;02956;02961;02964;02978;02981;02987;02988,LONG INV CORP,2004-02-02,2025-12-24,AMBIGUOUS,webbsite_full.sqlite/shortnames,30
webb_ccass,3222,webb:issue:3222,00912,SUGA INT'L,2004-02-02,,EXACT,webbsite_full.sqlite/shortnames,1
webb_ccass,3224,webb:issue:3224,00221;02929;02939,EASY ONE FIN,2004-02-02,2020-10-21,AMBIGUOUS,webbsite_full.sqlite/shortnames,11
webb_ccass,3253,webb:issue:3253,00850,LONG WELL INTL,2004-02-02,2021-05-28,EXACT,webbsite_full.sqlite/shortnames,6
webb_ccass,3255,webb:issue:3255,01142;02901;02927;02958;02998,E&P GLOBAL,2004-02-02,2025-09-08,AMBIGUOUS,webbsite_full.sqlite/shortnames,18
webb_ccass,3261,webb:issue:3261,01094;02905;02907;02982,CHERISH SUN,2004-02-02,2022-09-02,AMBIGUOUS,webbsite_full.sqlite/shortnames,15
webb_ccass,3265,webb:issue:3265,00860;02926;02935;02951;02996,APOLLO FMG,2004-02-02,2024-01-23,AMBIGUOUS,webbsite_full.sqlite/shortnames,17
webb_ccass,3266,webb:issue:3266,01102;02941;08182;08373;08385,ENVIRO ENERGY,2003-02-18,2019-08-06,AMBIGUOUS,webbsite_full.sqlite/shortnames,15
webb_ccass,3271,webb:issue:3271,01226;02910;02924;02925,CH INV FIN GP,2004-02-02,2020-09-03,AMBIGUOUS,webbsite_full.sqlite/shortnames,14
webb_ccass,3275,webb:issue:3275,01217,CH INNOVATION,2004-02-02,2008-02-04,EXACT,webbsite_full.sqlite/shortnames,2
webb_ccass,3277,webb:issue:3277,01198,ROYALE HOME,2004-02-02,2020-08-27,EXACT,webbsite_full.sqlite/shortnames,3
webb_ccass,3280,webb:issue:3280,01227;02911;02934;02999,NATIONAL INV,2004-02-02,2022-09-20,AMBIGUOUS,webbsite_full.sqlite/shortnames,15
webb_ccass,3281,webb:issue:3281,01140,WEALTHINK AI,2004-02-02,2023-10-09,EXACT,webbsite_full.sqlite/shortnames,5
webb_ccass,3287,webb:issue:3287,00357,MEILAN AIRPORT,2004-02-02,2019-11-20,EXACT,webbsite_full.sqlite/shortnames,4
webb_ccass,3289,webb:issue:3289,00812,SWSI,2004-02-02,2025-09-29,EXACT,webbsite_full.sqlite/shortnames,2
webb_ccass,3295,webb:issue:3295,00810;02901;02905;02945;02968;02983,CH CASTSON 81,2004-02-02,2023-02-10,AMBIGUOUS,webbsite_full.sqlite/shortnames,24
webb_ccass,3299,webb:issue:3299,02388,BOC HONG KONG,2004-02-02,,EXACT,webbsite_full.sqlite/shortnames,1
webb_ccass,3300,webb:issue:3300,00909,ZHONGDA INT'L,2004-02-02,2019-03-08,EXACT,webbsite_full.sqlite/shortnames,1
webb_ccass,3304,webb:issue:3304,00379;02987,EG LEASING,2004-02-02,2020-05-06,AMBIGUOUS,webbsite_full.sqlite/shortnames,6
webb_ccass,3307,webb:issue:3307,00572;02915;02928;02996,FW HOLDINGS,2004-02-02,2023-01-13,AMBIGUOUS,webbsite_full.sqlite/shortnames,20
webb_ccass,3308,webb:issue:3308,02349;02954,CH CITY INFRA,2004-02-02,2015-01-06,AMBIGUOUS,webbsite_full.sqlite/shortnames,8
webb_ccass,3310,webb:issue:3310,00728,CHINA TELECOM,2004-02-02,,EXACT,webbsite_full.sqlite/shortnames,1
webb_ccass,3313,webb:issue:3313,02336,SHUOAO INTL,2004-02-02,2023-12-11,EXACT,webbsite_full.sqlite/shortnames,3
webb_ccass,3314,webb:issue:3314,00827;02966;08042;08399,KO YO GROUP,2003-07-10,2014-11-18,AMBIGUOUS,webbsite_full.sqlite/shortnames,10
webb_ccass,3315,webb:issue:3315,00309;02900;02932,XH NEWS MEDIA,2004-02-02,2011-06-22,AMBIGUOUS,webbsite_full.sqlite/shortnames,8
webb_ccass,3316,webb:issue:3316,08066;08377;08567,PHOENITRON HOLD,2001-12-20,2017-02-27,AMBIGUOUS,webbsite_full.sqlite/shortnames,10
webb_ccass,3317,webb:issue:3317,00587,HUA HAN HEALTH,2004-02-02,2020-12-16,EXACT,webbsite_full.sqlite/shortnames,2
webb_ccass,3319,webb:issue:3319,08213;08599,STARGLORY HLDGS,2003-03-18,2022-02-18,AMBIGUOUS,webbsite_full.sqlite/shortnames,8
webb_ccass,3320,webb:issue:3320,00364;02925,BLOCKCHAIN GP,2004-02-02,2021-08-10,AMBIGUOUS,webbsite_full.sqlite/shortnames,8
webb_ccass,3322,webb:issue:3322,00928;02910;02927;02949;02955;02969,KING INTL INV,2004-02-02,2023-12-21,AMBIGUOUS,webbsite_full.sqlite/shortnames,23
webb_ccass,3323,webb:issue:3323,08060;08587,GLOBAL LINK,2002-11-13,2020-02-14,AMBIGUOUS,webbsite_full.sqlite/shortnames,5
webb_ccass,3324,webb:issue:3324,02882;02956;02960;02963,3DG HOLDINGS,2004-02-02,2024-08-12,AMBIGUOUS,webbsite_full.sqlite/shortnames,14
webb_ccass,3325,webb:issue:3325,00703;02936,FUTURE BRIGHT,2004-02-02,2008-07-22,AMBIGUOUS,webbsite_full.sqlite/shortnames,6
webb_ccass,3327,webb:issue:3327,02328,PICC P&C,2004-02-02,,EXACT,webbsite_full.sqlite/shortnames,1
webb_ccass,3328,webb:issue:3328,00445;08201,CIMC-TIANDA,2002-09-30,2021-01-26,DATE_BOUNDED,webbsite_full.sqlite/shortnames,4
webb_ccass,3329,webb:issue:3329,08156;08375;08391;08593,SINOPHARM TECH,2002-11-12,2023-10-04,AMBIGUOUS,webbsite_full.sqlite/shortnames,16
webb_ccass,3330,webb:issue:3330,02302;02928,CNNC INT'L,2004-02-02,2010-08-25,AMBIGUOUS,webbsite_full.sqlite/shortnames,5
webb_ccass,3332,webb:issue:3332,01149,ANXIN-CHINA,2004-02-02,2018-12-20,EXACT,webbsite_full.sqlite/shortnames,2
webb_ccass,3333,webb:issue:3333,08011;08386;08397;08399,POLYARD PETRO,2002-07-12,2024-04-29,AMBIGUOUS,webbsite_full.sqlite/shortnames,18
webb_ccass,3337,webb:issue:3337,08047;08378;08382,CHINA OCEAN GP,2001-11-01,2020-06-02,AMBIGUOUS,webbsite_full.sqlite/shortnames,16
webb_ccass,3338,webb:issue:3338,08039,LOULAN HOLDINGS,2002-08-12,2008-03-27,EXACT,webbsite_full.sqlite/shortnames,1
webb_ccass,3339,webb:issue:3339,08046;08375,HENG XIN CHINA,2003-04-16,2019-07-02,AMBIGUOUS,webbsite_full.sqlite/shortnames,5
webb_ccass,3340,webb:issue:3340,08057,DATASYS,2002-08-16,2008-06-17,EXACT,webbsite_full.sqlite/shortnames,1
webb_ccass,3341,webb:issue:3341,01106;02906;02910;02931;08065;08371;08376,MING LAM HLDGS,2003-06-25,2021-11-02,AMBIGUOUS,webbsite_full.sqlite/shortnames,24
webb_ccass,3342,webb:issue:3342,08067,CHANGCHUNDAXING,2002-06-28,2008-10-15,EXACT,webbsite_full.sqlite/shortnames,1
webb_ccass,3344,webb:issue:3344,08082;08372;08392;08400,QINGHUA HOLD,2001-11-02,2025-08-15,AMBIGUOUS,webbsite_full.sqlite/shortnames,22
webb_ccass,3345,webb:issue:3345,08085;08382;08395,HK LIFE SCI,2002-03-07,2020-09-14,AMBIGUOUS,webbsite_full.sqlite/shortnames,9
webb_ccass,3346,webb:issue:3346,08096;08371;08372;08387,RUIFENG PETRO,2002-02-27,2017-02-06,AMBIGUOUS,webbsite_full.sqlite/shortnames,13
webb_ccass,3347,webb:issue:3347,02917;03928;08099,ZHENGZHOU CRGAS,2002-10-29,2012-02-14,AMBIGUOUS,webbsite_full.sqlite/shortnames,7
webb_ccass,3349,webb:issue:3349,08128;08397,CHYY GP,2001-11-30,2022-08-10,AMBIGUOUS,webbsite_full.sqlite/shortnames,8
webb_ccass,3350,webb:issue:3350,08106,SHENGHUA LANDE,2002-05-03,2017-06-21,EXACT,webbsite_full.sqlite/shortnames,2
webb_ccass,3351,webb:issue:3351,08109;08380;08381;08390;08551,KIRIN GROUP,2002-01-31,2023-04-28,AMBIGUOUS,webbsite_full.sqlite/shortnames,17
webb_ccass,3352,webb:issue:3352,08130;08372;08381;08389;08397,DADI INTL GROUP,2002-08-26,2019-05-17,AMBIGUOUS,webbsite_full.sqlite/shortnames,25
webb_ccass,3353,webb:issue:3353,08137;08376,HONBRIDGE,2002-01-08,2011-01-25,AMBIGUOUS,webbsite_full.sqlite/shortnames,6
webb_ccass,3354,webb:issue:3354,08155,SC ASSETS HLDGS,2002-07-18,2022-03-07,EXACT,webbsite_full.sqlite/shortnames,3
webb_ccass,3355,webb:issue:3355,01075;02961;08157,CAPINFO,2001-12-21,2024-08-05,AMBIGUOUS,webbsite_full.sqlite/shortnames,6
webb_ccass,3356,webb:issue:3356,00183;02914;08136,WINFULL GP,2002-05-21,2021-06-09,AMBIGUOUS,webbsite_full.sqlite/shortnames,9
webb_ccass,3357,webb:issue:3357,01371;02908;02937;08161;08379;08392,CHINA ECOTOUR,2001-10-26,2023-03-01,AMBIGUOUS,webbsite_full.sqlite/shortnames,19
webb_ccass,3358,webb:issue:3358,08166;08384;08390;08395;08397;08555;08589,CHINA ECO-FARM,2002-02-05,2024-08-16,AMBIGUOUS,webbsite_full.sqlite/shortnames,25
webb_ccass,3359,webb:issue:3359,08172;08381;08391;08394;08399;08560,LAJIN ENT,2002-03-26,2025-07-04,AMBIGUOUS,webbsite_full.sqlite/shortnames,26
webb_ccass,3360,webb:issue:3360,08175;08373;08395,C DIGITAL CUL,2003-02-25,2023-05-09,AMBIGUOUS,webbsite_full.sqlite/shortnames,11
webb_ccass,3363,webb:issue:3363,08186;08385;08388;08566;08573;08588,ALMANA,2001-12-31,2023-07-27,AMBIGUOUS,webbsite_full.sqlite/shortnames,25
webb_ccass,3364,webb:issue:3364,08165,JIAN EPAYMENT,2001-12-10,2021-01-29,EXACT,webbsite_full.sqlite/shortnames,1
webb_ccass,3365,webb:issue:3365,08167;08379;08391;08393,NEO TELEMEDIA,2002-08-06,2025-07-17,AMBIGUOUS,webbsite_full.sqlite/shortnames,14
webb_ccass,3366,webb:issue:3366,08171,CHINA TRENDS,2002-07-31,2021-08-23,EXACT,webbsite_full.sqlite/shortnames,2
webb_ccass,3368,webb:issue:3368,08188,MUDAN AUTO,2001-12-18,2013-03-13,EXACT,webbsite_full.sqlite/shortnames,1
webb_ccass,3369,webb:issue:3369,08189,TEDA BIOMEDICAL,2002-06-18,,EXACT,webbsite_full.sqlite/shortnames,1
webb_ccass,3370,webb:issue:3370,08192;08375;08376;08398;08561,GLOBAL TOKEN,2002-11-29,2021-04-20,AMBIGUOUS,webbsite_full.sqlite/shortnames,20
webb_ccass,3371,webb:issue:3371,08200;08393;08398;08551;08575;08578,SAU SAN TONG,2003-11-19,2020-12-18,AMBIGUOUS,webbsite_full.sqlite/shortnames,21
webb_ccass,3372,webb:issue:3372,08202;08373;08378;08381;08389;08390;08394;08397;08556,INNO-TECH HOLD,2002-08-12,2021-07-13,AMBIGUOUS,webbsite_full.sqlite/shortnames,33
webb_ccass,3373,webb:issue:3373,08206;08380;08392,S ROBOT EDU,2002-11-15,2016-09-15,AMBIGUOUS,webbsite_full.sqlite/shortnames,11
webb_ccass,3374,webb:issue:3374,08212;08376;08396;08398;08399,CELEBRATE INT,2002-05-14,2020-07-08,AMBIGUOUS,webbsite_full.sqlite/shortnames,24
webb_ccass,3375,webb:issue:3375,00354;02927;08216,CHINASOFT INT'L,2003-06-20,2013-07-31,AMBIGUOUS,webbsite_full.sqlite/shortnames,5
webb_ccass,3376,webb:issue:3376,00950;02953;08221,LEE'S PHARM,2002-07-15,2014-10-20,AMBIGUOUS,webbsite_full.sqlite/shortnames,5
webb_ccass,3377,webb:issue:3377,08190,COMBEST HOLD,2002-02-08,2020-12-24,EXACT,webbsite_full.sqlite/shortnames,3
webb_ccass,3378,webb:issue:3378,02488;08196;08380,LAUNCH TECH,2002-10-07,2011-03-28,AMBIGUOUS,webbsite_full.sqlite/shortnames,6
webb_ccass,3379,webb:issue:3379,08198;08600,CRYPTO FLOW,2002-05-17,2022-11-09,AMBIGUOUS,webbsite_full.sqlite/shortnames,9
webb_ccass,3380,webb:issue:3380,08205,JIAODA WITHUB,2002-07-31,,EXACT,webbsite_full.sqlite/shortnames,1
webb_ccass,3381,webb:issue:3381,00954;08208,CHANGMAO BIO,2002-06-28,2013-06-28,DATE_BOUNDED,webbsite_full.sqlite/shortnames,2
webb_ccass,3382,webb:issue:3382,08211,ZHEJIANG YONGAN,2002-11-08,2017-05-10,EXACT,webbsite_full.sqlite/shortnames,2
webb_ccass,3383,webb:issue:3383,08220;08379;08395;08563;08571;08593,BINGO GROUP,2002-11-12,2025-03-24,AMBIGUOUS,webbsite_full.sqlite/shortnames,23
webb_ccass,3384,webb:issue:3384,00775;08222,CKLIFE SCIENCES,2002-07-16,2008-09-08,DATE_BOUNDED,webbsite_full.sqlite/shortnames,2
webb_ccass,3385,webb:issue:3385,08225,C HEALTH GP,2003-07-10,2015-02-26,EXACT,webbsite_full.sqlite/shortnames,2
webb_ccass,3386,webb:issue:3386,08227;08593,HAITIAN ANTENNA,2003-11-05,2019-09-16,AMBIGUOUS,webbsite_full.sqlite/shortnames,7
webb_ccass,3387,webb:issue:3387,08229,TUNGDA LIGHTING,2002-07-26,2013-12-17,EXACT,webbsite_full.sqlite/shortnames,1
webb_ccass,3388,webb:issue:3388,01349;02962;08231,FUDANZHANGJIANG,2002-08-13,2014-01-23,AMBIGUOUS,webbsite_full.sqlite/shortnames,5
webb_ccass,3389,webb:issue:3389,08236;08397,POWERLEADER,2002-12-12,2020-12-30,AMBIGUOUS,webbsite_full.sqlite/shortnames,5
webb_ccass,3390,webb:issue:3390,08243,DAHE MEDIA,2003-11-13,2020-05-25,EXACT,webbsite_full.sqlite/shortnames,1
webb_ccass,3391,webb:issue:3391,08256;08375,NETEL,2002-12-20,2020-12-15,AMBIGUOUS,webbsite_full.sqlite/shortnames,5
webb_ccass,3392,webb:issue:3392,02218;02970;08259;08391,ANDRE JUICE,2003-04-22,2013-03-07,AMBIGUOUS,webbsite_full.sqlite/shortnames,9
webb_ccass,3393,webb:issue:3393,08262,A-S CHINA,2003-07-11,2009-12-15,EXACT,webbsite_full.sqlite/shortnames,1
webb_ccass,3394,webb:issue:3394,08266;08597,ZHUOXIN INTL,2003-05-09,2021-09-13,AMBIGUOUS,webbsite_full.sqlite/shortnames,7
webb_ccass,3395,webb:issue:3395,08226;08595,KOALA FIN GP,2002-07-19,2021-04-29,AMBIGUOUS,webbsite_full.sqlite/shortnames,7
webb_ccass,3396,webb:issue:3396,08228;08387;08393;08581,NATIONAL ARTS,2002-10-17,2023-08-28,AMBIGUOUS,webbsite_full.sqlite/shortnames,14
webb_ccass,3397,webb:issue:3397,00895;02976;08230;08379,DONGJIANG ENV,2003-01-29,2011-02-28,AMBIGUOUS,webbsite_full.sqlite/shortnames,9
webb_ccass,3398,webb:issue:3398,02176;08235,CCID CONSULTING,2002-12-12,2021-05-14,DATE_BOUNDED,webbsite_full.sqlite/shortnames,2
webb_ccass,3399,webb:issue:3399,08239;08393;08569;08597,CAPITAL FIN,2002-11-15,2023-03-30,AMBIGUOUS,webbsite_full.sqlite/shortnames,16
webb_ccass,3400,webb:issue:3400,08249,RUIYUAN IC TECH,2003-11-14,2017-01-11,EXACT,webbsite_full.sqlite/shortnames,3
webb_ccass,3401,webb:issue:3401,08258,NW INDUSTRY,2003-07-03,2022-02-25,EXACT,webbsite_full.sqlite/shortnames,1
webb_ccass,3402,webb:issue:3402,00502;08260,PAN SINO INT'L,2003-12-02,2011-09-19,DATE_BOUNDED,webbsite_full.sqlite/shortnames,2
webb_ccass,3404,webb:issue:3404,08270;08387;08561,CHINA CBM,2003-08-12,2023-02-14,AMBIGUOUS,webbsite_full.sqlite/shortnames,12
webb_ccass,3405,webb:issue:3405,08271,GDC,2003-08-04,,EXACT,webbsite_full.sqlite/shortnames,1
webb_ccass,3406,webb:issue:3406,01025;08277;08383;08390,WUMART,2003-11-21,2016-01-07,AMBIGUOUS,webbsite_full.sqlite/shortnames,9
webb_ccass,3407,webb:issue:3407,02280;02998;08292,HC GROUP,2003-12-17,2018-07-12,AMBIGUOUS,webbsite_full.sqlite/shortnames,6
webb_ccass,3408,webb:issue:3408,08272;08380;08389;08553;08579,C FOOD&BEV GP,2003-06-27,2021-07-13,AMBIGUOUS,webbsite_full.sqlite/shortnames,19
webb_ccass,3409,webb:issue:3409,02308;08285,EVOC,2003-10-10,2022-10-28,DATE_BOUNDED,webbsite_full.sqlite/shortnames,2
webb_ccass,3410,webb:issue:3410,02086;02976;08210,LEADWAY TECH,2003-11-10,2022-07-13,AMBIGUOUS,webbsite_full.sqlite/shortnames,7
webb_ccass,3411,webb:issue:3411,02899,ZIJIN MINING,2004-02-02,,EXACT,webbsite_full.sqlite/shortnames,1
webb_ccass,3412,webb:issue:3412,02628,CHINA LIFE,2004-02-02,,EXACT,webbsite_full.sqlite/shortnames,1
webb_ccass,3413,webb:issue:3413,02333,GWMOTOR,2004-02-02,2023-06-19,EXACT,webbsite_full.sqlite/shortnames,3
webb_ccass,3414,webb:issue:3414,00699,CHIAHSIN CEMENT,2004-02-02,2008-01-08,EXACT,webbsite_full.sqlite/shortnames,1
webb_ccass,3415,webb:issue:3415,00836,CHINA RES POWER,2004-02-02,,EXACT,webbsite_full.sqlite/shortnames,1
webb_ccass,3417,webb:issue:3417,00589;02945,PORTICO INT'L,2004-02-02,2018-08-24,AMBIGUOUS,webbsite_full.sqlite/shortnames,5
webb_ccass,3418,webb:issue:3418,02357;02931,AVICHINA,2004-02-02,2015-08-20,AMBIGUOUS,webbsite_full.sqlite/shortnames,4
webb_ccass,3419,webb:issue:3419,02324;02919;02936;02956;02960;02981;02989;02990,CAPITAL VC,2004-02-02,2020-08-18,AMBIGUOUS,webbsite_full.sqlite/shortnames,30
webb_ccass,3420,webb:issue:3420,02327,MEILLEUREHEALTH,2004-02-02,2017-05-15,EXACT,webbsite_full.sqlite/shortnames,3
webb_ccass,3421,webb:issue:3421,02340,ISP HOLDINGS,2004-02-02,2022-01-13,EXACT,webbsite_full.sqlite/shortnames,2
webb_ccass,3422,webb:issue:3422,02339;02918,BWI INT'L,2004-02-02,2016-12-22,AMBIGUOUS,webbsite_full.sqlite/shortnames,6
webb_ccass,3423,webb:issue:3423,02314;02966;02974,LEE & MAN PAPER,2004-02-02,2010-01-27,AMBIGUOUS,webbsite_full.sqlite/shortnames,8
webb_ccass,3424,webb:issue:3424,02698,WEIQIAO TEXTILE,2004-02-02,2024-03-20,EXACT,webbsite_full.sqlite/shortnames,1
webb_ccass,3425,webb:issue:3425,02320,HOP FUNG GROUP,2004-02-02,,EXACT,webbsite_full.sqlite/shortnames,1
webb_ccass,3426,webb:issue:3426,00565,ART GROUP HOLD,2004-02-02,2016-10-07,EXACT,webbsite_full.sqlite/shortnames,2
webb_ccass,3427,webb:issue:3427,02368,EAGLE NICE,2004-02-02,,EXACT,webbsite_full.sqlite/shortnames,1
webb_ccass,3428,webb:issue:3428,00737,BAY AREA DEV,2004-02-02,2019-06-19,EXACT,webbsite_full.sqlite/shortnames,3
webb_ccass,3429,webb:issue:3429,02342;02917,COMBA,2004-02-02,2010-07-13,AMBIGUOUS,webbsite_full.sqlite/shortnames,4
webb_ccass,3430,webb:issue:3430,00653;02936;02988,BONJOUR HOLD,2004-02-02,2024-11-08,AMBIGUOUS,webbsite_full.sqlite/shortnames,8
webb_ccass,3431,webb:issue:3431,02348;02969;02987,DAWNRAYS PHARMA,2004-02-02,2018-09-10,AMBIGUOUS,webbsite_full.sqlite/shortnames,8
webb_ccass,3432,webb:issue:3432,00387,LEEPORT(HOLD),2004-02-02,,EXACT,webbsite_full.sqlite/shortnames,1
webb_ccass,3433,webb:issue:3433,00712;01313,CR BLDG MAT TEC,2004-02-02,2023-12-08,DATE_BOUNDED,webbsite_full.sqlite/shortnames,3
webb_ccass,3434,webb:issue:3434,02310,TIMES UNI GP,2004-02-02,2020-07-29,EXACT,webbsite_full.sqlite/shortnames,3
webb_ccass,3435,webb:issue:3435,00980,LIANHUA,2004-02-02,,EXACT,webbsite_full.sqlite/shortnames,1
webb_ccass,3436,webb:issue:3436,02317,VEDAN INT'L,2004-02-02,,EXACT,webbsite_full.sqlite/shortnames,1
webb_ccass,3437,webb:issue:3437,02355,BAOYE GROUP,2004-02-02,,EXACT,webbsite_full.sqlite/shortnames,1
webb_ccass,3438,webb:issue:3438,02868,BJ CAPITAL LAND,2004-02-02,2021-09-30,EXACT,webbsite_full.sqlite/shortnames,1
webb_ccass,3439,webb:issue:3439,02322;02900;02918;02935;02992,MODERN INNO DT,2004-02-02,2024-11-15,AMBIGUOUS,webbsite_full.sqlite/shortnames,20
webb_ccass,3440,webb:issue:3440,00264,CN INT DEV CORP,2004-02-02,2019-12-30,EXACT,webbsite_full.sqlite/shortnames,3
webb_ccass,3441,webb:issue:3441,02337,FORTE LAND,2004-02-06,2011-05-13,EXACT,webbsite_full.sqlite/shortnames,2
webb_ccass,3442,webb:issue:3442,02326;02908;02998,NPE HOLDINGS,2004-02-02,2017-11-20,AMBIGUOUS,webbsite_full.sqlite/shortnames,10
webb_ccass,3443,webb:issue:3443,00598,SINOTRANS,2004-02-02,,EXACT,webbsite_full.sqlite/shortnames,1
webb_ccass,3444,webb:issue:3444,00607;02994,FULLSHARE,2004-02-02,2024-01-11,AMBIGUOUS,webbsite_full.sqlite/shortnames,6
webb_ccass,3445,webb:issue:3445,02883,CHINA OILFIELD,2004-02-02,,EXACT,webbsite_full.sqlite/shortnames,1
webb_ccass,3446,webb:issue:3446,02309;02910,ZO FUTURE GROUP,2004-02-02,2023-10-13,AMBIGUOUS,webbsite_full.sqlite/shortnames,8
webb_ccass,3448,webb:issue:3448,02888,STANCHART,2004-02-02,,EXACT,webbsite_full.sqlite/shortnames,1
webb_ccass,3449,webb:issue:3449,00395;02944;02960,SMARTAC INTL,2004-02-02,2023-02-20,AMBIGUOUS,webbsite_full.sqlite/shortnames,13
webb_ccass,3450,webb:issue:3450,02898,LONGRUN TEA,2004-02-02,2021-07-21,EXACT,webbsite_full.sqlite/shortnames,2
webb_ccass,3452,webb:issue:3452,01211;02944,BYD COMPANY,2004-02-02,2025-10-14,AMBIGUOUS,webbsite_full.sqlite/shortnames,4
webb_ccass,3453,webb:issue:3453,00628;02913;02936;02979,TONGTONG AI SOC,2004-02-02,2024-11-04,AMBIGUOUS,webbsite_full.sqlite/shortnames,16
webb_ccass,3455,webb:issue:3455,02323,RENCO HOLDINGS,2004-02-02,2020-08-03,EXACT,webbsite_full.sqlite/shortnames,4
webb_ccass,3456,webb:issue:3456,00766;02988,SINO PROSPER GP,2004-02-02,2023-02-20,AMBIGUOUS,webbsite_full.sqlite/shortnames,7
webb_ccass,3457,webb:issue:3457,00915;02907;02980,DAOHE GLOBAL,2004-02-02,2017-09-14,AMBIGUOUS,webbsite_full.sqlite/shortnames,14
webb_ccass,3458,webb:issue:3458,00582;02905;02952;02956;02959,SHIN HWA WORLD,2004-02-02,2024-07-23,AMBIGUOUS,webbsite_full.sqlite/shortnames,18
webb_ccass,3459,webb:issue:3459,02389;02937,BJ HEALTH,2004-02-02,2021-06-30,AMBIGUOUS,webbsite_full.sqlite/shortnames,8
webb_ccass,3460,webb:issue:3460,08148;08388;08393;08589,WUXI LIFE,2004-01-09,2024-08-16,AMBIGUOUS,webbsite_full.sqlite/shortnames,16
webb_ccass,3461,webb:issue:3461,01265;08290,TIANJINJINRAN,2004-01-09,2012-09-21,DATE_BOUNDED,webbsite_full.sqlite/shortnames,3
webb_ccass,3462,webb:issue:3462,00904;02920;02988,CHINA GREEN,2004-02-02,2024-01-22,AMBIGUOUS,webbsite_full.sqlite/shortnames,11
webb_ccass,3463,webb:issue:3463,08279;08389;08399,AGTECH HOLDINGS,2004-01-19,2007-04-02,AMBIGUOUS,webbsite_full.sqlite/shortnames,8
webb_ccass,3464,webb:issue:3464,08203;08573,KAISUN HOLDINGS,2004-01-20,2018-08-01,AMBIGUOUS,webbsite_full.sqlite/shortnames,8
webb_ccass,3467,webb:issue:3467,01164;08193,CGN MINING,2002-02-07,2012-01-03,DATE_BOUNDED,webbsite_full.sqlite/shortnames,5
webb_ccass,3469,webb:issue:3469,00509;02964;08276;08393,SUNSHINE,2004-02-17,2024-08-07,AMBIGUOUS,webbsite_full.sqlite/shortnames,10
webb_ccass,3479,webb:issue:3479,08273,ZJ PROSPECT,2004-02-18,2019-09-02,EXACT,webbsite_full.sqlite/shortnames,1
webb_ccass,3481,webb:issue:3481,00581,CHINA ORIENTAL,2004-03-02,,EXACT,webbsite_full.sqlite/shortnames,1
webb_ccass,3485,webb:issue:3485,01066;02981;08199,WEIGAO GROUP,2004-02-27,2021-11-26,AMBIGUOUS,webbsite_full.sqlite/shortnames,5
webb_ccass,3486,webb:issue:3486,08126,G. A. HOLDINGS,2002-06-17,,EXACT,webbsite_full.sqlite/shortnames,1
webb_ccass,3490,webb:issue:3490,02338,WEICHAI POWER,2004-03-11,,EXACT,webbsite_full.sqlite/shortnames,1
webb_ccass,3494,webb:issue:3494,02341,ECOGREEN,2004-03-09,2024-07-17,EXACT,webbsite_full.sqlite/shortnames,1
webb_ccass,3507,webb:issue:3507,00981;02920,SMIC,2004-03-18,2017-01-16,AMBIGUOUS,webbsite_full.sqlite/shortnames,5
webb_ccass,3510,webb:issue:3510,00248,HKC INT'L HOLD,2004-02-02,,EXACT,webbsite_full.sqlite/shortnames,1
webb_ccass,3512,webb:issue:3512,00690;02945,UNI-BIO GROUP,2004-02-02,2009-10-06,AMBIGUOUS,webbsite_full.sqlite/shortnames,6
webb_ccass,3513,webb:issue:3513,02300,AMVIG HOLDINGS,2004-03-26,2021-04-20,EXACT,webbsite_full.sqlite/shortnames,2
webb_ccass,3529,webb:issue:3529,01160,GOLDSTONE CAP,2004-04-02,2022-08-19,EXACT,webbsite_full.sqlite/shortnames,3
webb_ccass,3544,webb:issue:3544,02878,SOLOMON SYSTECH,2004-04-08,,EXACT,webbsite_full.sqlite/shortnames,1
webb_ccass,3550,webb:issue:3550,00568;02982;08261,SHANDONG MOLONG,2004-04-15,2010-02-11,AMBIGUOUS,webbsite_full.sqlite/shortnames,6
webb_ccass,3551,webb:issue:3551,00077,AMS TRANSPORT,2004-04-15,,EXACT,webbsite_full.sqlite/shortnames,1
webb_ccass,3553,webb:issue:3553,01212;02969,LIFESTYLE INT'L,2004-04-15,2022-12-21,AMBIGUOUS,webbsite_full.sqlite/shortnames,5
webb_ccass,3574,webb:issue:3574,02633,NAM TAI EEP,2004-04-28,2009-11-13,EXACT,webbsite_full.sqlite/shortnames,1
webb_ccass,3575,webb:issue:3575,00299;02915;02931;02953;02986,GLORY SUN LAND,2004-04-30,2022-05-31,AMBIGUOUS,webbsite_full.sqlite/shortnames,18
webb_ccass,3576,webb:issue:3576,00596;02952;08141;08397,INSPUR DIGI ENT,2004-04-29,2023-02-14,AMBIGUOUS,webbsite_full.sqlite/shortnames,12
webb_ccass,3592,webb:issue:3592,08286,CCOE,2004-05-18,,EXACT,webbsite_full.sqlite/shortnames,1
webb_ccass,3597,webb:issue:3597,02319,MENGNIU DAIRY,2004-06-10,,EXACT,webbsite_full.sqlite/shortnames,1
webb_ccass,3598,webb:issue:3598,08037;08381;08389;08393;08595,CH BIOTECH SER,2004-06-17,2020-04-09,AMBIGUOUS,webbsite_full.sqlite/shortnames,18
webb_ccass,3599,webb:issue:3599,01708;02963;08287,SAMPLE TECH,2004-06-09,2018-08-08,AMBIGUOUS,webbsite_full.sqlite/shortnames,5
webb_ccass,3600,webb:issue:3600,02866,COSCO SHIP DEV,2004-06-16,2016-12-22,EXACT,webbsite_full.sqlite/shortnames,2
webb_ccass,3601,webb:issue:3601,00700;02943;02988;02990,TENCENT,2004-06-16,2014-06-20,AMBIGUOUS,webbsite_full.sqlite/shortnames,11
webb_ccass,3603,webb:issue:3603,08250;08372;08378;08396;08572,DU DU HLDGS,2004-06-18,2025-02-28,AMBIGUOUS,webbsite_full.sqlite/shortnames,21
webb_ccass,3605,webb:issue:3605,01116,HC TECH GP,2004-06-21,2025-06-27,EXACT,webbsite_full.sqlite/shortnames,2
webb_ccass,3606,webb:issue:3606,02318,PING AN,2004-06-24,,EXACT,webbsite_full.sqlite/shortnames,1
webb_ccass,3607,webb:issue:3607,02331;02967,LI NING,2004-06-28,2007-10-18,AMBIGUOUS,webbsite_full.sqlite/shortnames,4
webb_ccass,3608,webb:issue:3608,00597,CHINA RES MICRO,2004-08-13,2011-11-02,EXACT,webbsite_full.sqlite/shortnames,2
webb_ccass,3610,webb:issue:3610,02356,DAHSING BANKING,2004-06-30,,EXACT,webbsite_full.sqlite/shortnames,1
webb_ccass,3611,webb:issue:3611,08115,SHANGHAI QINGPU,2004-06-30,,EXACT,webbsite_full.sqlite/shortnames,1
webb_ccass,3612,webb:issue:3612,02366;02922;02976,SMI CULTURE,2004-06-30,2022-03-21,AMBIGUOUS,webbsite_full.sqlite/shortnames,10
webb_ccass,3613,webb:issue:3613,08301,MINGWAH HI TECH,2004-07-07,2021-12-06,EXACT,webbsite_full.sqlite/shortnames,1
webb_ccass,3614,webb:issue:3614,08253,TIANYUAN,2004-07-13,2015-09-10,EXACT,webbsite_full.sqlite/shortnames,1
webb_ccass,3616,webb:issue:3616,02358,JIU RONG HOLD,2004-07-15,2014-08-04,EXACT,webbsite_full.sqlite/shortnames,2
webb_ccass,3617,webb:issue:3617,00733,HOPEFLUENT,2004-07-15,,EXACT,webbsite_full.sqlite/shortnames,1
webb_ccass,3618,webb:issue:3618,00311,LUEN THAI,2004-07-15,,EXACT,webbsite_full.sqlite/shortnames,1
webb_ccass,3619,webb:issue:3619,02343,PACIFIC BASIN,2004-07-14,,EXACT,webbsite_full.sqlite/shortnames,1
webb_ccass,3648,webb:issue:3648,08053;08377;09893,PIZU GROUP,2004-08-06,2025-02-18,AMBIGUOUS,webbsite_full.sqlite/shortnames,8
webb_ccass,3649,webb:issue:3649,01639;08298,AKM INDUSTRIAL,2004-08-18,2022-07-28,DATE_BOUNDED,webbsite_full.sqlite/shortnames,2
webb_ccass,3829,webb:issue:3829,00920,SEA HOLD W0812,2004-02-02,2008-12-04,EXACT,webbsite_full.sqlite/shortnames,2
webb_ccass,4326,webb:issue:4326,00631,C OIL RES W0710,2004-02-02,2007-11-01,EXACT,webbsite_full.sqlite/shortnames,2
webb_ccass,4347,webb:issue:4347,08299;08371;08393;08551;08565,GT GOLD,2004-09-23,2024-11-01,AMBIGUOUS,webbsite_full.sqlite/shortnames,18
webb_ccass,4348,webb:issue:4348,02307,KAM HING INT'L,2004-09-23,,EXACT,webbsite_full.sqlite/shortnames,1
webb_ccass,4349,webb:issue:4349,02379;02925,CCET,2004-09-22,2023-09-12,AMBIGUOUS,webbsite_full.sqlite/shortnames,6
webb_ccass,4398,webb:issue:4398,01857,CEB WATER,2019-05-08,,EXACT,webbsite_full.sqlite/shortnames,1
webb_ccass,4482,webb:issue:4482,02618;02931;02984,TCL COMM,2004-09-27,2016-10-03,AMBIGUOUS,webbsite_full.sqlite/shortnames,8
webb_ccass,4521,webb:issue:4521,00929,IPE GROUP,2004-11-01,,EXACT,webbsite_full.sqlite/shortnames,1
webb_ccass,4522,webb:issue:4522,00745;02919;02921;02973;02982;02996,CN CULTURE GP,2004-10-13,2023-10-27,AMBIGUOUS,webbsite_full.sqlite/shortnames,23
webb_ccass,4523,webb:issue:4523,01194;02929;02938,BAY AREA GOLD,2004-10-12,2024-03-14,AMBIGUOUS,webbsite_full.sqlite/shortnames,12
webb_ccass,4524,webb:issue:4524,02332,HUTCH TELECOM,2004-10-15,2010-05-25,EXACT,webbsite_full.sqlite/shortnames,1
webb_ccass,4525,webb:issue:4525,02380,CHINA POWER,2004-10-15,,EXACT,webbsite_full.sqlite/shortnames,1
webb_ccass,4530,webb:issue:4530,00906,CHINA NETCOM,2004-11-17,2008-10-15,EXACT,webbsite_full.sqlite/shortnames,1
webb_ccass,4535,webb:issue:4535,02371,CHUANGLIAN HOLD,2004-11-18,2021-12-23,EXACT,webbsite_full.sqlite/shortnames,6
webb_ccass,4539,webb:issue:4539,02387,IDS,2004-12-07,2010-11-01,EXACT,webbsite_full.sqlite/shortnames,1
webb_ccass,4540,webb:issue:4540,02369;02991,COOLPAD GROUP,2004-12-09,2025-07-16,AMBIGUOUS,webbsite_full.sqlite/shortnames,6
webb_ccass,4541,webb:issue:4541,02678;02944,TEXHONG INTL GP,2004-12-09,2023-02-02,AMBIGUOUS,webbsite_full.sqlite/shortnames,5
webb_ccass,4542,webb:issue:4542,00763,ZTE,2004-12-09,,EXACT,webbsite_full.sqlite/shortnames,1
webb_ccass,4543,webb:issue:4543,00872;08293,TITAN INVO TECH,2004-12-09,2024-05-17,DATE_BOUNDED,webbsite_full.sqlite/shortnames,4
webb_ccass,4544,webb:issue:4544,00753,AIR CHINA,2004-12-15,,EXACT,webbsite_full.sqlite/shortnames,1
webb_ccass,4545,webb:issue:4545,01175,FRESH EXP,2004-12-17,2023-02-09,EXACT,webbsite_full.sqlite/shortnames,2
webb_ccass,4546,webb:issue:4546,00438;02908,IRICO NEWENERGY,2004-12-20,2021-05-07,AMBIGUOUS,webbsite_full.sqlite/shortnames,6
webb_ccass,4547,webb:issue:4547,01000,BEIJING MEDIA,2004-12-22,,EXACT,webbsite_full.sqlite/shortnames,1
webb_ccass,4548,webb:issue:4548,00319,CHINA METAL,2004-12-31,2017-10-09,EXACT,webbsite_full.sqlite/shortnames,1
webb_ccass,4549,webb:issue:4549,08317;08372;08387;08390,FINET GROUP,2005-01-07,2011-06-27,AMBIGUOUS,webbsite_full.sqlite/shortnames,12
webb_ccass,4550,webb:issue:4550,00828,DYNASTY WINES,2005-01-26,,EXACT,webbsite_full.sqlite/shortnames,1
webb_ccass,4553,webb:issue:4553,00868;02954,XINYI GLASS,2005-02-03,2021-08-09,AMBIGUOUS,webbsite_full.sqlite/shortnames,4
webb_ccass,4554,webb:issue:4554,02038;02981,FIH,2005-02-03,2025-06-24,AMBIGUOUS,webbsite_full.sqlite/shortnames,5
webb_ccass,4555,webb:issue:4555,00100,CLEAR MEDIA,2004-02-02,2021-09-28,EXACT,webbsite_full.sqlite/shortnames,1
webb_ccass,4556,webb:issue:4556,00360,NEW FOCUS AUTO,2005-02-28,,EXACT,webbsite_full.sqlite/shortnames,1
webb_ccass,4557,webb:issue:4557,00999,I.T,2005-03-04,2021-04-30,EXACT,webbsite_full.sqlite/shortnames,1
webb_ccass,4558,webb:issue:4558,08306;08381;08388,CH NONFERROUS,2005-02-28,2019-08-16,AMBIGUOUS,webbsite_full.sqlite/shortnames,14
webb_ccass,4571,webb:issue:4571,02727,SH ELECTRIC,2005-04-28,,EXACT,webbsite_full.sqlite/shortnames,1
webb_ccass,4575,webb:issue:4575,00482;02935,SANDMARTIN INTL,2005-05-12,2021-07-20,AMBIGUOUS,webbsite_full.sqlite/shortnames,5
webb_ccass,4576,webb:issue:4576,00838,EVA HOLDINGS,2005-05-11,,EXACT,webbsite_full.sqlite/shortnames,1
webb_ccass,4577,webb:issue:4577,00483,BAUHAUS INT'L,2005-05-12,,EXACT,webbsite_full.sqlite/shortnames,1
webb_ccass,4587,webb:issue:4587,02889,NRI HOLDINGS,2005-05-19,2020-02-14,EXACT,webbsite_full.sqlite/shortnames,3
webb_ccass,4592,webb:issue:4592,00464,CHINA IN-TECH,2005-06-16,2024-02-08,EXACT,webbsite_full.sqlite/shortnames,3
webb_ccass,4594,webb:issue:4594,00462,NATURAL DAIRY,2005-06-10,2022-11-28,EXACT,webbsite_full.sqlite/shortnames,3
webb_ccass,4595,webb:issue:4595,01088,CHINA SHENHUA,2005-06-15,,EXACT,webbsite_full.sqlite/shortnames,1
webb_ccass,4596,webb:issue:4596,03328,BANKCOMM,2005-06-23,,EXACT,webbsite_full.sqlite/shortnames,1
webb_ccass,4597,webb:issue:4597,02907;03300,CHINA GLASS,2005-06-23,2011-05-27,AMBIGUOUS,webbsite_full.sqlite/shortnames,5
webb_ccass,4598,webb:issue:4598,02940;03311,CHINA STATE CON,2005-07-08,2008-07-23,AMBIGUOUS,webbsite_full.sqlite/shortnames,5
webb_ccass,4599,webb:issue:4599,02028,JOLIMARK,2005-06-29,,EXACT,webbsite_full.sqlite/shortnames,1
webb_ccass,4600,webb:issue:4600,00416,GST HOLDINGS,2005-06-30,2009-12-18,EXACT,webbsite_full.sqlite/shortnames,1
webb_ccass,4601,webb:issue:4601,01919,COSCO SHIP HOLD,2005-06-30,2016-12-08,EXACT,webbsite_full.sqlite/shortnames,2
webb_ccass,4602,webb:issue:4602,02000,SIM TECH,2005-06-30,,EXACT,webbsite_full.sqlite/shortnames,1
webb_ccass,4604,webb:issue:4604,02777;02970,R&F PROPERTIES,2005-07-14,2006-11-07,AMBIGUOUS,webbsite_full.sqlite/shortnames,4
webb_ccass,4605,webb:issue:4605,02728;02914;02921;02960,JINTAI ENERGY H,2005-07-14,2020-03-04,AMBIGUOUS,webbsite_full.sqlite/shortnames,15
webb_ccass,4606,webb:issue:4606,01103;08251,DASHENG AGR FIN,2005-07-13,2024-01-05,DATE_BOUNDED,webbsite_full.sqlite/shortnames,4
webb_ccass,4607,webb:issue:4607,00833;02970;02973,ALLTRONICS,2005-07-15,2022-11-28,AMBIGUOUS,webbsite_full.sqlite/shortnames,8
webb_ccass,4612,webb:issue:4612,00423,HKET HOLDINGS,2005-08-03,,EXACT,webbsite_full.sqlite/shortnames,1
webb_ccass,4613,webb:issue:4613,02018;02918,AAC TECH,2005-08-09,2012-07-30,AMBIGUOUS,webbsite_full.sqlite/shortnames,5
webb_ccass,4626,webb:issue:4626,08329,NEP INTERLONG,2005-09-12,,EXACT,webbsite_full.sqlite/shortnames,1
webb_ccass,4627,webb:issue:4627,01719;08233,CIL GROUP,2005-09-16,2018-08-24,DATE_BOUNDED,webbsite_full.sqlite/shortnames,3
webb_ccass,4633,webb:issue:4633,02902;03389,HENGDELI,2005-09-26,2009-10-22,AMBIGUOUS,webbsite_full.sqlite/shortnames,6
webb_ccass,4634,webb:issue:4634,01068,YURUN FOOD,2005-10-03,,EXACT,webbsite_full.sqlite/shortnames,1
webb_ccass,4635,webb:issue:4635,00739,ZHEJIANG GLASS,2004-02-02,2013-05-31,EXACT,webbsite_full.sqlite/shortnames,1
webb_ccass,4637,webb:issue:4637,02386,XPRESS GP W0909,2004-11-15,2009-10-02,EXACT,webbsite_full.sqlite/shortnames,2
webb_ccass,4638,webb:issue:4638,00454,GLOBAL GR W0707,2005-07-12,2007-07-09,EXACT,webbsite_full.sqlite/shortnames,1
webb_ccass,4639,webb:issue:4639,00463,GLOBAL GR W0807,2005-07-12,2008-07-08,EXACT,webbsite_full.sqlite/shortnames,1
webb_ccass,4640,webb:issue:4640,00427,HOP HING W0904,2005-09-20,2009-05-04,EXACT,webbsite_full.sqlite/shortnames,1
webb_ccass,4641,webb:issue:4641,00452,KENFORD W0806,2005-06-16,2008-06-16,EXACT,webbsite_full.sqlite/shortnames,1
webb_ccass,4645,webb:issue:4645,03344,GTI HLDGS,2005-10-05,2023-09-05,EXACT,webbsite_full.sqlite/shortnames,2
webb_ccass,4646,webb:issue:4646,00471;02931;02959;02980;02982,SILKWAVE INC,2005-10-10,2024-11-15,AMBIGUOUS,webbsite_full.sqlite/shortnames,19
webb_ccass,4648,webb:issue:4648,02877,SHINEWAY PHARM,2004-12-02,,EXACT,webbsite_full.sqlite/shortnames,1
webb_ccass,4650,webb:issue:4650,00096;08319,YUSEI,2005-10-13,2010-12-15,DATE_BOUNDED,webbsite_full.sqlite/shortnames,2
webb_ccass,4651,webb:issue:4651,00444;02932,SINCEREWATCH HK,2005-10-17,2014-10-10,AMBIGUOUS,webbsite_full.sqlite/shortnames,5
webb_ccass,4652,webb:issue:4652,00426,ONE MEDIA GROUP,2005-10-18,,EXACT,webbsite_full.sqlite/shortnames,1
webb_ccass,4654,webb:issue:4654,00776;02925;02974;08310,IMPERIUM TEC GP,2005-10-13,2021-08-02,AMBIGUOUS,webbsite_full.sqlite/shortnames,10
webb_ccass,4658,webb:issue:4658,00496,KASEN,2005-10-20,,EXACT,webbsite_full.sqlite/shortnames,1
webb_ccass,4659,webb:issue:4659,03899;08289,CIMC ENRIC,2005-10-18,2009-08-14,DATE_BOUNDED,webbsite_full.sqlite/shortnames,3
webb_ccass,4660,webb:issue:4660,03399,YUEYUN TRANS,2005-10-26,2013-08-23,EXACT,webbsite_full.sqlite/shortnames,2
webb_ccass,4661,webb:issue:4661,00939,CCB,2005-10-27,,EXACT,webbsite_full.sqlite/shortnames,1
webb_ccass,4662,webb:issue:4662,00536,TRADELINK,2005-10-28,,EXACT,webbsite_full.sqlite/shortnames,1
webb_ccass,4663,webb:issue:4663,02941;03339,LONKING,2005-11-17,2008-09-12,AMBIGUOUS,webbsite_full.sqlite/shortnames,5
webb_ccass,4664,webb:issue:4664,03366,OCT (ASIA),2005-11-02,2007-11-28,EXACT,webbsite_full.sqlite/shortnames,2
webb_ccass,4665,webb:issue:4665,03336,JU TENG INTL,2005-11-03,,EXACT,webbsite_full.sqlite/shortnames,1
webb_ccass,4666,webb:issue:4666,00359,HAISHENG JUICE,2005-11-04,2023-10-31,EXACT,webbsite_full.sqlite/shortnames,1
webb_ccass,4667,webb:issue:4667,00531,SAMSON HOLDING,2005-11-17,2024-11-08,EXACT,webbsite_full.sqlite/shortnames,1
webb_ccass,4670,webb:issue:4670,02313;02999,SHENZHOU INTL,2005-11-24,2019-02-08,AMBIGUOUS,webbsite_full.sqlite/shortnames,4
webb_ccass,4671,webb:issue:4671,02945;03368,PARKSON GROUP,2005-11-30,2008-08-12,AMBIGUOUS,webbsite_full.sqlite/shortnames,5
webb_ccass,4672,webb:issue:4672,00206;08149;08375,CM-ENERGY,2005-11-28,2023-07-14,AMBIGUOUS,webbsite_full.sqlite/shortnames,10
webb_ccass,4673,webb:issue:4673,00425,MINTH GROUP,2005-12-01,,EXACT,webbsite_full.sqlite/shortnames,1
webb_ccass,4674,webb:issue:4674,00095;02927,LVGEM CHINA,2005-12-02,2018-02-27,AMBIGUOUS,webbsite_full.sqlite/shortnames,5
webb_ccass,4675,webb:issue:4675,00489,DONGFENG GROUP,2005-12-07,,EXACT,webbsite_full.sqlite/shortnames,1
webb_ccass,4678,webb:issue:4678,08058;08387,LUOXIN PHARMA,2005-12-09,2017-06-16,AMBIGUOUS,webbsite_full.sqlite/shortnames,4
webb_ccass,4679,webb:issue:4679,02662,MH DEVELOPMENT,2005-12-14,2021-09-02,EXACT,webbsite_full.sqlite/shortnames,3
webb_ccass,4680,webb:issue:4680,03398,CHINA TING,2005-12-15,,EXACT,webbsite_full.sqlite/shortnames,1
webb_ccass,4681,webb:issue:4681,03318,CHINA BOTON,2005-12-09,2020-06-16,EXACT,webbsite_full.sqlite/shortnames,2
webb_ccass,4682,webb:issue:4682,02088,XIWANG PROPERTY,2005-12-09,2013-10-18,EXACT,webbsite_full.sqlite/shortnames,2
webb_ccass,4683,webb:issue:4683,02005;02945;02960,SSY GROUP,2005-12-20,2015-06-22,AMBIGUOUS,webbsite_full.sqlite/shortnames,9
webb_ccass,4684,webb:issue:4684,03383,AGILE GROUP,2005-12-15,2016-07-20,EXACT,webbsite_full.sqlite/shortnames,2
webb_ccass,4685,webb:issue:4685,00823;02964,LINK REIT,2005-11-25,2020-01-23,AMBIGUOUS,webbsite_full.sqlite/shortnames,4
webb_ccass,4686,webb:issue:4686,00808,PROSPERITY REIT,2005-12-16,,EXACT,webbsite_full.sqlite/shortnames,1
webb_ccass,4687,webb:issue:4687,03378,XIAMEN PORT,2005-12-19,2022-09-27,EXACT,webbsite_full.sqlite/shortnames,1
webb_ccass,4688,webb:issue:4688,03393,WASION HOLDINGS,2005-12-19,2018-06-29,EXACT,webbsite_full.sqlite/shortnames,3
webb_ccass,4690,webb:issue:4690,00405,YUEXIU REIT,2005-12-21,2011-11-28,EXACT,webbsite_full.sqlite/shortnames,2
webb_ccass,4697,webb:issue:4697,02949;03330,LINGBAO GOLD,2006-01-12,2025-03-27,AMBIGUOUS,webbsite_full.sqlite/shortnames,4
webb_ccass,4698,webb:issue:4698,02398,GOOD FRIEND,2006-01-11,2021-12-14,EXACT,webbsite_full.sqlite/shortnames,1
webb_ccass,4699,webb:issue:4699,00441,CENTURY C W1101,2006-01-20,2011-01-12,EXACT,webbsite_full.sqlite/shortnames,1
webb_ccass,4701,webb:issue:4701,02788,YORKEY OPTICAL,2006-02-10,2022-03-21,EXACT,webbsite_full.sqlite/shortnames,1
webb_ccass,4702,webb:issue:4702,00919,MODERNHEALTHTEC,2006-02-09,2020-06-26,EXACT,webbsite_full.sqlite/shortnames,2
webb_ccass,4703,webb:issue:4703,08247,BIOSINO BIO-TEC,2006-02-27,,EXACT,webbsite_full.sqlite/shortnames,1
webb_ccass,4704,webb:issue:4704,01292;08217,CMA LOGISTICS,2006-02-23,2013-07-18,DATE_BOUNDED,webbsite_full.sqlite/shortnames,2
webb_ccass,4705,webb:issue:4705,02689,ND PAPER,2006-03-03,,EXACT,webbsite_full.sqlite/shortnames,1
webb_ccass,4706,webb:issue:4706,00840;08280,TIANYE WATER,2006-02-28,2008-01-24,DATE_BOUNDED,webbsite_full.sqlite/shortnames,2
webb_ccass,4708,webb:issue:4708,00457,O2MICRO,2006-03-02,2009-09-10,EXACT,webbsite_full.sqlite/shortnames,1
webb_ccass,4709,webb:issue:4709,00402;02933;02953,PEACEMAP HOLD,2006-03-14,2020-08-03,AMBIGUOUS,webbsite_full.sqlite/shortnames,12
webb_ccass,4710,webb:issue:4710,03308,GOLDEN EAGLE,2006-03-21,2023-10-10,EXACT,webbsite_full.sqlite/shortnames,1
webb_ccass,4711,webb:issue:4711,03323,CNBM,2006-03-23,,EXACT,webbsite_full.sqlite/shortnames,1
webb_ccass,4712,webb:issue:4712,00707;02900,ATV HOLDINGS,2006-03-30,2024-01-30,AMBIGUOUS,webbsite_full.sqlite/shortnames,6
webb_ccass,4713,webb:issue:4713,02626,HNC,2006-03-31,2015-03-31,EXACT,webbsite_full.sqlite/shortnames,1
webb_ccass,4721,webb:issue:4721,03355,ASMC,2006-04-07,2019-01-25,EXACT,webbsite_full.sqlite/shortnames,1
webb_ccass,4728,webb:issue:4728,00466,SHK CO W0905,2006-06-01,2009-06-01,EXACT,webbsite_full.sqlite/shortnames,1
webb_ccass,4729,webb:issue:4729,00514,ALLIED PPTW0906,2006-06-07,2009-06-08,EXACT,webbsite_full.sqlite/shortnames,1
webb_ccass,4730,webb:issue:4730,00446,CH INFRA INVW09,2006-06-07,2009-06-08,EXACT,webbsite_full.sqlite/shortnames,2
webb_ccass,4731,webb:issue:4731,02345,SHANGHAI PRIME,2006-04-27,2021-01-20,EXACT,webbsite_full.sqlite/shortnames,1
webb_ccass,4733,webb:issue:4733,02880,LIAONING PORT,2006-04-28,2021-03-09,EXACT,webbsite_full.sqlite/shortnames,2
webb_ccass,4734,webb:issue:4734,03335,DBA TELECOM,2006-05-11,2020-11-30,EXACT,webbsite_full.sqlite/shortnames,1
webb_ccass,4741,webb:issue:4741,01057;08331,ZHEJIANG SHIBAO,2006-05-16,2011-03-09,DATE_BOUNDED,webbsite_full.sqlite/shortnames,2
webb_ccass,4742,webb:issue:4742,02778,CHAMPION REIT,2006-05-24,,EXACT,webbsite_full.sqlite/shortnames,1
webb_ccass,4743,webb:issue:4743,03382,TIANJINPORT DEV,2006-05-24,,EXACT,webbsite_full.sqlite/shortnames,1
webb_ccass,4744,webb:issue:4744,03988,BANK OF CHINA,2006-06-01,,EXACT,webbsite_full.sqlite/shortnames,1
webb_ccass,4745,webb:issue:4745,00474;02923,ACESO LIFE SCI,2006-06-06,2020-10-29,AMBIGUOUS,webbsite_full.sqlite/shortnames,8
webb_ccass,4746,webb:issue:4746,00527;02957,RUIFENG RENEW,2006-06-09,2023-08-10,AMBIGUOUS,webbsite_full.sqlite/shortnames,7
webb_ccass,4747,webb:issue:4747,00549,QIFENG FIBER,2006-06-21,2017-06-16,EXACT,webbsite_full.sqlite/shortnames,1
webb_ccass,4748,webb:issue:4748,00470,TOPSEARCH W0810,2006-06-26,2008-11-03,EXACT,webbsite_full.sqlite/shortnames,1
webb_ccass,4749,webb:issue:4749,00515;02935;02993,CHINASILVER TEC,2006-06-23,2025-07-22,AMBIGUOUS,webbsite_full.sqlite/shortnames,11
webb_ccass,4750,webb:issue:4750,00813,SHIMAO GROUP,2006-07-05,2020-06-24,EXACT,webbsite_full.sqlite/shortnames,2
webb_ccass,4755,webb:issue:4755,00352,FORTUNE SUN,2006-07-05,,EXACT,webbsite_full.sqlite/shortnames,1
webb_ccass,4756,webb:issue:4756,00473,MAGNES RCCW0807,2006-07-05,2008-07-07,EXACT,webbsite_full.sqlite/shortnames,3
webb_ccass,4757,webb:issue:4757,03900,GREENTOWN CHINA,2006-07-13,,EXACT,webbsite_full.sqlite/shortnames,1
webb_ccass,4758,webb:issue:4758,03989,CAPITAL ENV,2006-07-13,2014-05-30,EXACT,webbsite_full.sqlite/shortnames,3
webb_ccass,4762,webb:issue:4762,00584,SKYFAME W0808,2006-08-07,2008-08-04,EXACT,webbsite_full.sqlite/shortnames,1
webb_ccass,4765,webb:issue:4765,03322,WIN HANVERKY,2006-09-06,,EXACT,webbsite_full.sqlite/shortnames,1
webb_ccass,4766,webb:issue:4766,03968,CM BANK,2006-09-22,,EXACT,webbsite_full.sqlite/shortnames,1
webb_ccass,4767,webb:issue:4767,03303,JUTAL OIL SER,2006-09-21,,EXACT,webbsite_full.sqlite/shortnames,1
webb_ccass,4768,webb:issue:4768,00814;08245,JINGKELONG,2006-09-25,2008-02-26,DATE_BOUNDED,webbsite_full.sqlite/shortnames,2
webb_ccass,4770,webb:issue:4770,03983,CHINA BLUECHEM,2006-09-29,,EXACT,webbsite_full.sqlite/shortnames,1
webb_ccass,4771,webb:issue:4771,02700;02910;02984,GREEN INTL HLDG,2006-09-29,2021-03-02,AMBIGUOUS,webbsite_full.sqlite/shortnames,10
webb_ccass,4772,webb:issue:4772,00272,SHUI ON LAND,2006-10-04,,EXACT,webbsite_full.sqlite/shortnames,1
webb_ccass,4773,webb:issue:4773,00637,LEE KEE,2006-10-04,,EXACT,webbsite_full.sqlite/shortnames,1
webb_ccass,4774,webb:issue:4774,00320,COMPUTIME,2006-10-09,,EXACT,webbsite_full.sqlite/shortnames,1
webb_ccass,4775,webb:issue:4775,00337;02934,GREENLAND HK,2006-10-10,2013-10-07,AMBIGUOUS,webbsite_full.sqlite/shortnames,6
webb_ccass,4776,webb:issue:4776,00667,HANNSTAR BOARD,2006-10-06,2011-12-09,EXACT,webbsite_full.sqlite/shortnames,1
webb_ccass,4777,webb:issue:4777,00545,UNI-BIO W0810,2006-10-04,2008-10-06,EXACT,webbsite_full.sqlite/shortnames,1
webb_ccass,4778,webb:issue:4778,00558,LK TECH,2006-10-16,,EXACT,webbsite_full.sqlite/shortnames,1
webb_ccass,4781,webb:issue:4781,03918,NAGACORP,2006-10-19,,EXACT,webbsite_full.sqlite/shortnames,1
webb_ccass,4784,webb:issue:4784,01398,ICBC,2006-10-27,,EXACT,webbsite_full.sqlite/shortnames,1
webb_ccass,4785,webb:issue:4785,00609,TIANDE CHEMICAL,2006-10-27,,EXACT,webbsite_full.sqlite/shortnames,1
webb_ccass,4786,webb:issue:4786,08357,C VANGUARDW0811,2006-11-03,2008-11-03,EXACT,webbsite_full.sqlite/shortnames,1
webb_ccass,4787,webb:issue:4787,01888,KB LAMINATES,2006-12-07,,EXACT,webbsite_full.sqlite/shortnames,1
webb_ccass,4788,webb:issue:4788,01818,ZHAOJIN MINING,2006-12-08,,EXACT,webbsite_full.sqlite/shortnames,1
webb_ccass,4789,webb:issue:4789,00477,AUPU GROUP HLDG,2006-12-08,2016-09-30,EXACT,webbsite_full.sqlite/shortnames,1
webb_ccass,4790,webb:issue:4790,00552,CHINACOMSERVICE,2006-12-08,,EXACT,webbsite_full.sqlite/shortnames,1
webb_ccass,4791,webb:issue:4791,00839;02920;08241,TIANDA OIL PIPE,2006-12-01,2016-12-12,AMBIGUOUS,webbsite_full.sqlite/shortnames,5
webb_ccass,4792,webb:issue:4792,00528,KINGDOM HOLDING,2006-12-12,,EXACT,webbsite_full.sqlite/shortnames,1
webb_ccass,4793,webb:issue:4793,02006,JINJIANGCAPITAL,2006-12-15,2022-05-06,EXACT,webbsite_full.sqlite/shortnames,2
webb_ccass,4794,webb:issue:4794,01800,CHINA COMM CONS,2006-12-15,,EXACT,webbsite_full.sqlite/shortnames,1
webb_ccass,4795,webb:issue:4795,01868,NEO-NEON,2006-12-15,,EXACT,webbsite_full.sqlite/shortnames,1
webb_ccass,4796,webb:issue:4796,01388,EMBRY HOLDINGS,2006-12-18,,EXACT,webbsite_full.sqlite/shortnames,1
webb_ccass,4797,webb:issue:4797,01898,CHINA COAL,2006-12-19,,EXACT,webbsite_full.sqlite/shortnames,1
webb_ccass,4799,webb:issue:4799,02956;02963;03898,TIMES ELECTRIC,2006-12-20,2021-09-30,AMBIGUOUS,webbsite_full.sqlite/shortnames,9
webb_ccass,4801,webb:issue:4801,00435,SUNLIGHT REIT,2006-12-21,,EXACT,webbsite_full.sqlite/shortnames,1
webb_ccass,4802,webb:issue:4802,01899,XINGDA INT'L,2006-12-21,,EXACT,webbsite_full.sqlite/shortnames,1
webb_ccass,4803,webb:issue:4803,01399,VESON HLDG,2006-12-21,2020-11-27,EXACT,webbsite_full.sqlite/shortnames,2
webb_ccass,4804,webb:issue:4804,01882,HAITIAN INT'L,2006-12-22,,EXACT,webbsite_full.sqlite/shortnames,1
webb_ccass,4805,webb:issue:4805,01389,MING AN HOLD,2006-12-22,2009-11-03,EXACT,webbsite_full.sqlite/shortnames,1
webb_ccass,4806,webb:issue:4806,01808;02923;02986,ENTERPRISE DEV,2007-01-11,2022-05-05,AMBIGUOUS,webbsite_full.sqlite/shortnames,10
webb_ccass,4812,webb:issue:4812,01889;02973,SANAI HEALTH GP,2007-02-01,2024-09-17,AMBIGUOUS,webbsite_full.sqlite/shortnames,6
webb_ccass,4813,webb:issue:4813,03313,MEADVILLE,2007-02-02,2010-04-19,EXACT,webbsite_full.sqlite/shortnames,1
webb_ccass,4819,webb:issue:4819,08358,CHBIOCASSAVAW09,2007-01-29,2009-01-29,EXACT,webbsite_full.sqlite/shortnames,3
webb_ccass,4820,webb:issue:4820,00546;02968,FUFENG GROUP,2007-02-08,2011-01-24,AMBIGUOUS,webbsite_full.sqlite/shortnames,4
webb_ccass,4821,webb:issue:4821,00324,APAC RES W1002,2007-02-05,2010-02-05,EXACT,webbsite_full.sqlite/shortnames,1
webb_ccass,4822,webb:issue:4822,01383;02913,LET GROUP,2007-02-22,2025-09-01,AMBIGUOUS,webbsite_full.sqlite/shortnames,8
webb_ccass,4823,webb:issue:4823,01886,HUIYUAN JUICE,2007-02-23,2021-01-18,EXACT,webbsite_full.sqlite/shortnames,1
webb_ccass,4824,webb:issue:4824,00507,CHEUKNANG W0902,2007-02-14,2009-02-12,EXACT,webbsite_full.sqlite/shortnames,1
webb_ccass,4825,webb:issue:4825,01838,CHINAPROPERTIES,2007-02-23,2023-08-04,EXACT,webbsite_full.sqlite/shortnames,1
webb_ccass,4826,webb:issue:4826,03938,SAMLING GLOBAL,2007-03-07,2012-06-20,EXACT,webbsite_full.sqlite/shortnames,1
webb_ccass,4827,webb:issue:4827,00654,CHUN WO D W0902,2007-03-01,2009-03-02,EXACT,webbsite_full.sqlite/shortnames,2
webb_ccass,4828,webb:issue:4828,01862,SINO GOLD,2007-03-16,2009-12-16,EXACT,webbsite_full.sqlite/shortnames,1
webb_ccass,4829,webb:issue:4829,01833;02945,INTIME,2007-03-20,2017-05-22,AMBIGUOUS,webbsite_full.sqlite/shortnames,4
webb_ccass,4833,webb:issue:4833,00772,CHAMPION W0803,2007-03-12,2008-03-10,EXACT,webbsite_full.sqlite/shortnames,1
webb_ccass,4834,webb:issue:4834,00606,CHINA AGRI,2007-03-21,2020-03-23,EXACT,webbsite_full.sqlite/shortnames,1
webb_ccass,4835,webb:issue:4835,01881,REGAL REIT,2007-03-30,,EXACT,webbsite_full.sqlite/shortnames,1
webb_ccass,4836,webb:issue:4836,00538,AJISEN (CHINA),2007-03-30,,EXACT,webbsite_full.sqlite/shortnames,1
webb_ccass,4837,webb:issue:4837,01883,CITIC TELECOM,2007-04-03,2010-11-30,EXACT,webbsite_full.sqlite/shortnames,2
webb_ccass,4840,webb:issue:4840,00475,CENTRAL DEV H,2007-04-17,2019-10-16,EXACT,webbsite_full.sqlite/shortnames,3
webb_ccass,4841,webb:issue:4841,02007,COUNTRY GARDEN,2007-04-20,,EXACT,webbsite_full.sqlite/shortnames,1
webb_ccass,4842,webb:issue:4842,00717,EMPEROR CAPITAL,2007-04-24,,EXACT,webbsite_full.sqlite/shortnames,1
webb_ccass,4843,webb:issue:4843,00634,SUPERB W0810,2007-04-18,2008-10-20,EXACT,webbsite_full.sqlite/shortnames,2
webb_ccass,4844,webb:issue:4844,03993,CMOC,2007-04-26,,EXACT,webbsite_full.sqlite/shortnames,1
webb_ccass,4845,webb:issue:4845,00429,C ZENITH W0804,2007-04-18,2008-04-16,EXACT,webbsite_full.sqlite/shortnames,2
webb_ccass,4846,webb:issue:4846,00998,CITIC BANK,2007-04-27,,EXACT,webbsite_full.sqlite/shortnames,1
webb_ccass,4848,webb:issue:4848,00469,CAPXON INT'L,2007-05-07,2020-10-27,EXACT,webbsite_full.sqlite/shortnames,1
webb_ccass,4849,webb:issue:4849,00742,CHEUKNANG W0804,2007-05-03,2008-05-02,EXACT,webbsite_full.sqlite/shortnames,1
webb_ccass,4860,webb:issue:4860,01382,PACIFICTEXTILES,2007-05-18,,EXACT,webbsite_full.sqlite/shortnames,1
webb_ccass,4861,webb:issue:4861,00602,JIAHUA STORES H,2007-05-21,,EXACT,webbsite_full.sqlite/shortnames,1
webb_ccass,4863,webb:issue:4863,01880,BELLE INT'L,2007-05-23,2017-07-28,EXACT,webbsite_full.sqlite/shortnames,1
webb_ccass,4866,webb:issue:4866,00811,XINHUA WINSHARE,2007-05-30,,EXACT,webbsite_full.sqlite/shortnames,1
webb_ccass,4867,webb:issue:4867,01991;02985,TA YANG GROUP,2007-06-08,2025-07-03,DATE_BOUNDED,webbsite_full.sqlite/shortnames,4
webb_ccass,4868,webb:issue:4868,01386,VESTATE GROUP,2007-06-07,2023-02-20,EXACT,webbsite_full.sqlite/shortnames,2
webb_ccass,4869,webb:issue:4869,00819,TIANNENG POWER,2007-06-11,,EXACT,webbsite_full.sqlite/shortnames,1
webb_ccass,4873,webb:issue:4873,02382;02922,SUNNY OPTICAL,2007-06-15,2018-02-09,AMBIGUOUS,webbsite_full.sqlite/shortnames,4
webb_ccass,4874,webb:issue:4874,03933,UNITED LAB,2007-06-15,,EXACT,webbsite_full.sqlite/shortnames,1
webb_ccass,4875,webb:issue:4875,00625,RREEF CCT REIT,2007-06-22,2021-10-26,EXACT,webbsite_full.sqlite/shortnames,1
webb_ccass,4876,webb:issue:4876,00822,KA SHUI INT'L,2007-06-27,,EXACT,webbsite_full.sqlite/shortnames,1
webb_ccass,4877,webb:issue:4877,00573,TAO HEUNG HLDGS,2007-06-29,,EXACT,webbsite_full.sqlite/shortnames,1
webb_ccass,4878,webb:issue:4878,01813,KWG GROUP,2007-07-03,2018-08-16,EXACT,webbsite_full.sqlite/shortnames,2
webb_ccass,4879,webb:issue:4879,00658,C TRANSMISSION,2007-07-04,,EXACT,webbsite_full.sqlite/shortnames,1
webb_ccass,4880,webb:issue:4880,01155,CENTRON TELECOM,2007-07-05,2020-12-01,EXACT,webbsite_full.sqlite/shortnames,1
webb_ccass,4881,webb:issue:4881,01836,STELLA HOLDINGS,2007-07-06,,EXACT,webbsite_full.sqlite/shortnames,1
webb_ccass,4882,webb:issue:4882,00722,DNI,2007-07-06,2009-09-28,EXACT,webbsite_full.sqlite/shortnames,1
webb_ccass,4883,webb:issue:4883,01997;02988,RMIH,2007-07-10,2014-08-07,AMBIGUOUS,webbsite_full.sqlite/shortnames,5
webb_ccass,4884,webb:issue:4884,03331,VINDA INT'L,2007-07-10,2024-08-16,EXACT,webbsite_full.sqlite/shortnames,1
webb_ccass,4885,webb:issue:4885,02020;02973,ANTA SPORTS,2007-07-10,2021-10-29,AMBIGUOUS,webbsite_full.sqlite/shortnames,4
webb_ccass,4886,webb:issue:4886,00569;02973,CH AUTOMATION,2007-07-12,2019-10-29,AMBIGUOUS,webbsite_full.sqlite/shortnames,4
webb_ccass,4887,webb:issue:4887,00825,NWDS CHINA,2007-07-12,,EXACT,webbsite_full.sqlite/shortnames,1
webb_ccass,4888,webb:issue:4888,01832,TIMES LTD,2007-07-16,2010-05-25,EXACT,webbsite_full.sqlite/shortnames,1
webb_ccass,4889,webb:issue:4889,00656,FOSUN INTL,2007-07-16,,EXACT,webbsite_full.sqlite/shortnames,1
webb_ccass,4890,webb:issue:4890,00826;02916,TIANGONG INT'L,2007-07-26,2011-06-29,AMBIGUOUS,webbsite_full.sqlite/shortnames,5
webb_ccass,4897,webb:issue:4897,00817,CHINA JINMAO,2007-08-17,2015-09-16,EXACT,webbsite_full.sqlite/shortnames,2
webb_ccass,4898,webb:issue:4898,02955;03823,TECH PRO,2007-09-06,2020-03-02,AMBIGUOUS,webbsite_full.sqlite/shortnames,5
webb_ccass,4899,webb:issue:4899,03889,GLOBAL CORN GP,2007-09-20,2025-06-18,EXACT,webbsite_full.sqlite/shortnames,2
webb_ccass,4900,webb:issue:4900,01393,HIDILI INDUSTRY,2007-09-21,,EXACT,webbsite_full.sqlite/shortnames,1
webb_ccass,4901,webb:issue:4901,03838,CHINA STARCH,2007-09-27,,EXACT,webbsite_full.sqlite/shortnames,1
webb_ccass,4902,webb:issue:4902,03377,SINO-OCEAN GP,2007-09-28,2016-06-14,EXACT,webbsite_full.sqlite/shortnames,2
webb_ccass,4903,webb:issue:4903,03868,QX PAPER,2007-10-02,2017-11-30,EXACT,webbsite_full.sqlite/shortnames,2
webb_ccass,4904,webb:issue:4904,03999,DACHAN FOOD,2007-10-04,,EXACT,webbsite_full.sqlite/shortnames,1
webb_ccass,4905,webb:issue:4905,00410,SOHO CHINA,2007-10-08,,EXACT,webbsite_full.sqlite/shortnames,1
webb_ccass,4916,webb:issue:4916,03883,CHINA AOYUAN,2007-10-09,,EXACT,webbsite_full.sqlite/shortnames,1
webb_ccass,4917,webb:issue:4917,02939;03888,KINGSOFT,2007-10-09,2021-07-15,AMBIGUOUS,webbsite_full.sqlite/shortnames,4
webb_ccass,4918,webb:issue:4918,03818,CHINA DONGXIANG,2007-10-10,,EXACT,webbsite_full.sqlite/shortnames,1
webb_ccass,4919,webb:issue:4919,03998,BOSIDENG,2007-10-11,,EXACT,webbsite_full.sqlite/shortnames,1
webb_ccass,4920,webb:issue:4920,03833,XINXIN MINING,2007-10-12,,EXACT,webbsite_full.sqlite/shortnames,1
webb_ccass,4921,webb:issue:4921,01828,DCH HOLDINGS,2007-10-17,2020-01-10,EXACT,webbsite_full.sqlite/shortnames,1
webb_ccass,4922,webb:issue:4922,01328;02970;08313,GOLDSTREAM INV,2007-10-16,2025-06-03,AMBIGUOUS,webbsite_full.sqlite/shortnames,7
webb_ccass,4923,webb:issue:4923,00740,SC FIN W0810,2007-10-23,2008-10-23,EXACT,webbsite_full.sqlite/shortnames,1
webb_ccass,4924,webb:issue:4924,03828,MING FAI INT'L,2007-11-02,,EXACT,webbsite_full.sqlite/shortnames,1
webb_ccass,4925,webb:issue:4925,00777;08288,NETDRAGON,2007-11-02,2008-06-24,DATE_BOUNDED,webbsite_full.sqlite/shortnames,2
webb_ccass,4926,webb:issue:4926,01688,ALIBABA,2007-11-06,2012-06-21,EXACT,webbsite_full.sqlite/shortnames,1
webb_ccass,4927,webb:issue:4927,03800,GCL TECH,2007-11-13,2022-04-28,EXACT,webbsite_full.sqlite/shortnames,2
webb_ccass,4928,webb:issue:4928,00672,ZHONGAN GROUP,2007-11-13,2019-07-08,EXACT,webbsite_full.sqlite/shortnames,2
webb_ccass,4929,webb:issue:4929,00033;02942;02943;02973,INTL GENIUS,2007-11-19,2023-06-21,AMBIGUOUS,webbsite_full.sqlite/shortnames,17
webb_ccass,4930,webb:issue:4930,00806,VALUE PARTNERS,2007-11-22,,EXACT,webbsite_full.sqlite/shortnames,1
webb_ccass,4931,webb:issue:4931,00368,SINOTRANS SHIP,2007-11-23,2019-01-16,EXACT,webbsite_full.sqlite/shortnames,1
webb_ccass,4933,webb:issue:4933,03808,SINOTRUK,2007-11-28,,EXACT,webbsite_full.sqlite/shortnames,1
webb_ccass,4935,webb:issue:4935,00390,CHINA RAILWAY,2007-12-07,,EXACT,webbsite_full.sqlite/shortnames,1
webb_ccass,4936,webb:issue:4936,00189,DONGYUE GROUP,2007-12-10,,EXACT,webbsite_full.sqlite/shortnames,1
webb_ccass,4937,webb:issue:4937,02002,SUNSHINE PAPER,2007-12-12,,EXACT,webbsite_full.sqlite/shortnames,1
webb_ccass,4938,webb:issue:4938,03337,ANTON OILFIELD,2007-12-14,,EXACT,webbsite_full.sqlite/shortnames,1
webb_ccass,4940,webb:issue:4940,00220,U-PRESID CHINA,2007-12-17,,EXACT,webbsite_full.sqlite/shortnames,1
webb_ccass,4941,webb:issue:4941,00543,PACIFIC ONLINE,2007-12-18,,EXACT,webbsite_full.sqlite/shortnames,1
webb_ccass,4942,webb:issue:4942,00422,VMEP HOLDINGS,2007-12-20,,EXACT,webbsite_full.sqlite/shortnames,1
webb_ccass,4943,webb:issue:4943,01893,SINOMA,2007-12-20,2018-04-24,EXACT,webbsite_full.sqlite/shortnames,1
webb_ccass,4944,webb:issue:4944,00285,BYD ELECTRONIC,2007-12-20,,EXACT,webbsite_full.sqlite/shortnames,1
webb_ccass,4945,webb:issue:4945,00556,PAN ASIA ENVIRO,2007-12-21,,EXACT,webbsite_full.sqlite/shortnames,1
webb_ccass,4946,webb:issue:4946,00117,TIANLI HOLDINGS,2007-12-21,2016-07-28,EXACT,webbsite_full.sqlite/shortnames,2
webb_ccass,4947,webb:issue:4947,00505,XINGYE ALLOY,2007-12-27,2020-07-23,EXACT,webbsite_full.sqlite/shortnames,3
webb_ccass,4949,webb:issue:4949,00869,PLAYMATES TOYS,2008-02-01,,EXACT,webbsite_full.sqlite/shortnames,1
webb_ccass,4950,webb:issue:4950,00537,SINO-TECHIW1001,2008-01-07,2010-01-04,EXACT,webbsite_full.sqlite/shortnames,1
webb_ccass,4951,webb:issue:4951,00453,CULTURECOMW1001,2008-01-07,2010-01-07,EXACT,webbsite_full.sqlite/shortnames,1
webb_ccass,4958,webb:issue:4958,01447,SFK,2015-12-10,,EXACT,webbsite_full.sqlite/shortnames,1
webb_ccass,4959,webb:issue:4959,00848,MAOYE INT'L,2008-05-05,,EXACT,webbsite_full.sqlite/shortnames,1
webb_ccass,4962,webb:issue:4962,00757,SOLARGIGA,2008-03-31,,EXACT,webbsite_full.sqlite/shortnames,1
webb_ccass,4963,webb:issue:4963,00708;02927;02973,EVERG VEHICLE,2008-02-12,2020-09-01,AMBIGUOUS,webbsite_full.sqlite/shortnames,10
webb_ccass,4968,webb:issue:4968,00196,HONGHUA GROUP,2008-03-07,,EXACT,webbsite_full.sqlite/shortnames,1
webb_ccass,4971,webb:issue:4971,01186,CHINA RAIL CONS,2008-03-13,,EXACT,webbsite_full.sqlite/shortnames,1
webb_ccass,4972,webb:issue:4972,00652,HERITAGE W0906,2008-01-03,2009-07-02,EXACT,webbsite_full.sqlite/shortnames,1
webb_ccass,4973,webb:issue:4973,00151,WANT WANT CHINA,2008-03-26,,EXACT,webbsite_full.sqlite/shortnames,1
webb_ccass,4974,webb:issue:4974,03333,EVERGRANDE,2009-11-05,2025-08-25,EXACT,webbsite_full.sqlite/shortnames,1
webb_ccass,4976,webb:issue:4976,00098,XINGFA ALUM,2008-03-31,,EXACT,webbsite_full.sqlite/shortnames,1
webb_ccass,4978,webb:issue:4978,08348,BINHAI TEDA,2008-04-30,,EXACT,webbsite_full.sqlite/shortnames,1
webb_ccass,4980,webb:issue:4980,00789;02944;02982,ARTINI HLDG,2008-05-16,2020-10-20,AMBIGUOUS,webbsite_full.sqlite/shortnames,11
webb_ccass,4981,webb:issue:4981,00743,ASIA CEMENT CH,2008-05-20,,EXACT,webbsite_full.sqlite/shortnames,1
webb_ccass,4982,webb:issue:4982,08340;08556;08586,ZIJING INTL FIN,2008-05-20,2025-02-26,AMBIGUOUS,webbsite_full.sqlite/shortnames,10
webb_ccass,4983,webb:issue:4983,01368,XTEP INT'L,2008-06-03,,EXACT,webbsite_full.sqlite/shortnames,1
webb_ccass,4984,webb:issue:4984,00832,CENTRAL CHINA,2008-06-06,,EXACT,webbsite_full.sqlite/shortnames,1
webb_ccass,4986,webb:issue:4986,03813,POU SHENG INT'L,2008-06-06,,EXACT,webbsite_full.sqlite/shortnames,1
webb_ccass,4987,webb:issue:4987,00800,A8 NEW MEDIA,2008-06-12,2024-09-25,EXACT,webbsite_full.sqlite/shortnames,2
webb_ccass,4990,webb:issue:4990,02722,CHONGQING M&E,2008-06-13,,EXACT,webbsite_full.sqlite/shortnames,1
webb_ccass,4991,webb:issue:4991,00968,LITTLE SHEEP,2008-06-12,2012-02-03,EXACT,webbsite_full.sqlite/shortnames,1
webb_ccass,4992,webb:issue:4992,01812,CHENMING PAPER,2008-06-18,,EXACT,webbsite_full.sqlite/shortnames,1
webb_ccass,4995,webb:issue:4995,00691,SHANSHUI CEMENT,2008-07-04,,EXACT,webbsite_full.sqlite/shortnames,1
webb_ccass,4996,webb:issue:4996,00623,SINOMEDIA,2008-07-08,,EXACT,webbsite_full.sqlite/shortnames,1
webb_ccass,4997,webb:issue:4997,00880,SJM HOLDINGS,2008-07-16,,EXACT,webbsite_full.sqlite/shortnames,1
webb_ccass,4999,webb:issue:4999,00756;02926,SUMMI,2008-07-10,2024-04-03,AMBIGUOUS,webbsite_full.sqlite/shortnames,8
webb_ccass,5000,webb:issue:5000,00887,EMPEROR WATCH&J,2008-07-21,,EXACT,webbsite_full.sqlite/shortnames,1
webb_ccass,5001,webb:issue:5001,00982;02983,HUAFA PPT SER,2008-07-14,2024-10-02,AMBIGUOUS,webbsite_full.sqlite/shortnames,7
webb_ccass,5002,webb:issue:5002,00831,VXL CAP W0908,2007-08-10,2009-08-10,EXACT,webbsite_full.sqlite/shortnames,1
webb_ccass,5003,webb:issue:5003,00734,CHAMPION W0904,2008-03-26,2009-04-17,EXACT,webbsite_full.sqlite/shortnames,1
webb_ccass,5004,webb:issue:5004,00804,CHINASOLARW0911,2007-11-13,2009-11-13,EXACT,webbsite_full.sqlite/shortnames,1
webb_ccass,5005,webb:issue:5005,00501,CHINASTATEW0902,2008-02-28,2009-03-02,EXACT,webbsite_full.sqlite/shortnames,1
webb_ccass,5006,webb:issue:5006,00741,GOLDRESORTW1006,2008-06-12,2010-06-10,EXACT,webbsite_full.sqlite/shortnames,1
webb_ccass,5007,webb:issue:5007,00314,HKC (HOLD)W0911,2007-12-04,2009-12-01,EXACT,webbsite_full.sqlite/shortnames,1
webb_ccass,5008,webb:issue:5008,00541,ICBC(ASIA)W0811,2007-11-07,2008-11-07,EXACT,webbsite_full.sqlite/shortnames,1
webb_ccass,5009,webb:issue:5009,00520,KANTONE H W0901,2007-12-14,2009-01-09,EXACT,webbsite_full.sqlite/shortnames,1
webb_ccass,5010,webb:issue:5010,00504,PALIBURG W1011,2008-02-13,2010-11-09,EXACT,webbsite_full.sqlite/shortnames,1
webb_ccass,5011,webb:issue:5011,00807;02974,SC CHI W1009,2007-09-07,2010-09-07,AMBIGUOUS,webbsite_full.sqlite/shortnames,4
webb_ccass,5012,webb:issue:5012,00843,TIAN AN W1001,2008-01-02,2010-01-04,EXACT,webbsite_full.sqlite/shortnames,1
webb_ccass,5013,webb:issue:5013,00614,WILLIE W0904,2007-10-15,2009-04-15,EXACT,webbsite_full.sqlite/shortnames,1
webb_ccass,5014,webb:issue:5014,00150,YU MING W0905,2008-06-02,2009-05-29,EXACT,webbsite_full.sqlite/shortnames,1
webb_ccass,5015,webb:issue:5015,08360,L SUCCESS W0901,2008-02-04,2009-02-02,EXACT,webbsite_full.sqlite/shortnames,1
webb_ccass,5016,webb:issue:5016,00744,LIPPO W1107,2008-07-04,2011-07-05,EXACT,webbsite_full.sqlite/shortnames,1
webb_ccass,5017,webb:issue:5017,00415,CHI OVERS W0808,2007-08-28,2008-08-28,EXACT,webbsite_full.sqlite/shortnames,1
webb_ccass,5018,webb:issue:5018,00561,HK CHINESEW1107,2008-07-04,2011-07-05,EXACT,webbsite_full.sqlite/shortnames,1
webb_ccass,5019,webb:issue:5019,00642,PALADIN PREF,2006-11-30,2017-01-03,EXACT,webbsite_full.sqlite/shortnames,1
webb_ccass,5020,webb:issue:5020,00447,MAN YUE W0906,2007-06-06,2009-06-08,EXACT,webbsite_full.sqlite/shortnames,1
webb_ccass,5021,webb:issue:5021,08359,ZMAY HOLD W1006,2007-07-04,2010-07-02,EXACT,webbsite_full.sqlite/shortnames,2
webb_ccass,5027,webb:issue:5027,00192,COL CAPITAL W09,2008-07-28,2009-07-28,EXACT,webbsite_full.sqlite/shortnames,1
webb_ccass,5028,webb:issue:5028,00774,WINGON TRAW1001,2008-08-01,2010-02-01,EXACT,webbsite_full.sqlite/shortnames,1
webb_ccass,5029,webb:issue:5029,00490,ITC PPT W1002,2008-08-07,2010-02-05,EXACT,webbsite_full.sqlite/shortnames,1
webb_ccass,5030,webb:issue:5030,01766,CRRC,2008-08-21,2015-06-08,EXACT,webbsite_full.sqlite/shortnames,2
webb_ccass,5038,webb:issue:5038,00963,BLOOMAGE BIOTEC,2008-10-03,2017-11-02,EXACT,webbsite_full.sqlite/shortnames,1
webb_ccass,5039,webb:issue:5039,00849,PYI CORP W0909,2008-09-29,2009-09-28,EXACT,webbsite_full.sqlite/shortnames,1
webb_ccass,5040,webb:issue:5040,01387;02936,CHINA DILI,2008-10-22,2024-08-12,AMBIGUOUS,webbsite_full.sqlite/shortnames,7
webb_ccass,5041,webb:issue:5041,00344,PETROASIANW1110,2008-10-21,2011-10-17,EXACT,webbsite_full.sqlite/shortnames,2
webb_ccass,5049,webb:issue:5049,00195;02940;02991,GREENTECH INTL,2008-11-12,2022-08-02,AMBIGUOUS,webbsite_full.sqlite/shortnames,12
webb_ccass,5050,webb:issue:5050,00779,ITC CORP W0911,2008-11-07,2009-11-05,EXACT,webbsite_full.sqlite/shortnames,1
webb_ccass,5053,webb:issue:5053,00705;02929;02955,DINGHE MINING,2008-12-22,2020-02-05,AMBIGUOUS,webbsite_full.sqlite/shortnames,10
webb_ccass,5054,webb:issue:5054,00834,KANGDA FOOD,2008-12-22,,EXACT,webbsite_full.sqlite/shortnames,1
webb_ccass,5055,webb:issue:5055,00644,SAMSONPAPER W10,2008-12-09,2010-06-07,EXACT,webbsite_full.sqlite/shortnames,1
webb_ccass,5056,webb:issue:5056,00852;02944,STRONG PETRO,2009-01-12,2009-09-23,AMBIGUOUS,webbsite_full.sqlite/shortnames,5
webb_ccass,5059,webb:issue:5059,00750;02911,SFSY ENERGY,2009-01-13,2020-04-09,AMBIGUOUS,webbsite_full.sqlite/shortnames,5
webb_ccass,5061,webb:issue:5061,00802;02918;02950,CHINA E-WALLET,2009-02-10,2022-09-20,AMBIGUOUS,webbsite_full.sqlite/shortnames,10
webb_ccass,5065,webb:issue:5065,00246,REALGOLD MINING,2009-02-23,2020-04-02,EXACT,webbsite_full.sqlite/shortnames,1
webb_ccass,5066,webb:issue:5066,00794,COME SURE GROUP,2009-02-26,,EXACT,webbsite_full.sqlite/shortnames,1
webb_ccass,5068,webb:issue:5068,00841,CASSAVA RES,2009-03-23,,EXACT,webbsite_full.sqlite/shortnames,1
webb_ccass,5073,webb:issue:5073,00749,HANNYHOLD W1009,2009-03-19,2010-09-17,EXACT,webbsite_full.sqlite/shortnames,1
webb_ccass,5075,webb:issue:5075,01008;02919,LITU HOLDINGS,2009-03-30,2021-12-30,AMBIGUOUS,webbsite_full.sqlite/shortnames,7
webb_ccass,5083,webb:issue:5083,00886,SILVER BASE,2009-04-08,2023-12-04,EXACT,webbsite_full.sqlite/shortnames,1
webb_ccass,5084,webb:issue:5084,00594,PLAYMATES W1010,2009-04-15,2010-10-15,EXACT,webbsite_full.sqlite/shortnames,1
webb_ccass,5088,webb:issue:5088,00215,HUTCHTEL HK,2009-05-08,,EXACT,webbsite_full.sqlite/shortnames,1
webb_ccass,5089,webb:issue:5089,00534,SHK HKIND W1104,2009-04-27,2011-04-26,EXACT,webbsite_full.sqlite/shortnames,2
webb_ccass,5090,webb:issue:5090,01333,CHINA ZHONGWANG,2009-05-08,2023-04-13,EXACT,webbsite_full.sqlite/shortnames,1
webb_ccass,5091,webb:issue:5091,00436,CHEUKNANG W1005,2009-05-07,2010-05-05,EXACT,webbsite_full.sqlite/shortnames,1
webb_ccass,5092,webb:issue:5092,00523,CST MININGW1106,2009-06-05,2011-06-03,EXACT,webbsite_full.sqlite/shortnames,2
webb_ccass,5093,webb:issue:5093,00748,HK ENERGY W1105,2009-05-19,2011-05-16,EXACT,webbsite_full.sqlite/shortnames,1
webb_ccass,5096,webb:issue:5096,00407,HKC (HOLD)W1105,2009-05-26,2011-05-23,EXACT,webbsite_full.sqlite/shortnames,1
webb_ccass,5134,webb:issue:5134,00067,LUMENA NEWMAT,2009-06-16,2022-06-01,EXACT,webbsite_full.sqlite/shortnames,2
webb_ccass,5136,webb:issue:5136,00134,HOP HING W1305,2009-06-10,2013-06-03,EXACT,webbsite_full.sqlite/shortnames,1
webb_ccass,5137,webb:issue:5137,00396,HING LEE (HK),2009-06-22,,EXACT,webbsite_full.sqlite/shortnames,1
webb_ccass,5138,webb:issue:5138,00773,CH METAL RECYCL,2009-06-22,2016-02-04,EXACT,webbsite_full.sqlite/shortnames,1
webb_ccass,5141,webb:issue:5141,01361,361 DEGREES,2009-06-30,,EXACT,webbsite_full.sqlite/shortnames,1
webb_ccass,5142,webb:issue:5142,00866,CHINA QINFA,2009-07-03,,EXACT,webbsite_full.sqlite/shortnames,1
webb_ccass,5143,webb:issue:5143,01338,BAWANG GROUP,2009-07-03,,EXACT,webbsite_full.sqlite/shortnames,1
webb_ccass,5148,webb:issue:5148,00090,PUXING ENERGY,2009-07-10,2020-06-24,EXACT,webbsite_full.sqlite/shortnames,3
webb_ccass,5150,webb:issue:5150,00449,CHIGO HOLDING,2009-07-13,2022-04-04,EXACT,webbsite_full.sqlite/shortnames,1
webb_ccass,5158,webb:issue:5158,02009,BBMG,2009-07-29,,EXACT,webbsite_full.sqlite/shortnames,1
webb_ccass,5159,webb:issue:5159,02288,RYKADAN CAPITAL,2009-08-21,2012-09-28,EXACT,webbsite_full.sqlite/shortnames,2
webb_ccass,5202,webb:issue:5202,08325,CHINA SMARTPAY,2009-08-28,2024-08-05,EXACT,webbsite_full.sqlite/shortnames,2
webb_ccass,5218,webb:issue:5218,00072,META MEDIA,2009-09-09,2022-02-15,EXACT,webbsite_full.sqlite/shortnames,2
webb_ccass,5219,webb:issue:5219,08296;08562,SINO-LIFE GROUP,2009-09-09,2024-11-18,AMBIGUOUS,webbsite_full.sqlite/shortnames,5
webb_ccass,5220,webb:issue:5220,00633,CH ALL ACCESS,2009-09-16,2023-01-16,EXACT,webbsite_full.sqlite/shortnames,1
webb_ccass,5221,webb:issue:5221,01099,SINOPHARM,2009-09-23,,EXACT,webbsite_full.sqlite/shortnames,1
webb_ccass,5223,webb:issue:5223,01234,CHINA LILANG,2009-09-25,,EXACT,webbsite_full.sqlite/shortnames,1
webb_ccass,5224,webb:issue:5224,01618,MCC,2009-09-24,,EXACT,webbsite_full.sqlite/shortnames,1
webb_ccass,5225,webb:issue:5225,01968,PEAK SPORT,2009-09-29,2016-11-03,EXACT,webbsite_full.sqlite/shortnames,1
webb_ccass,5227,webb:issue:5227,01668,CHINASOUTHCITY,2009-09-30,,EXACT,webbsite_full.sqlite/shortnames,1
webb_ccass,5254,webb:issue:5254,00845,GLORIOUS PPT H,2009-10-02,,EXACT,webbsite_full.sqlite/shortnames,1
webb_ccass,5262,webb:issue:5262,02168,YINGDE GASES,2009-10-08,2017-08-21,EXACT,webbsite_full.sqlite/shortnames,1
webb_ccass,5263,webb:issue:5263,01717,AUSNUTRIA,2009-10-08,,EXACT,webbsite_full.sqlite/shortnames,1
webb_ccass,5264,webb:issue:5264,00893,CHINAVTM MINING,2009-10-08,,EXACT,webbsite_full.sqlite/shortnames,1
webb_ccass,5265,webb:issue:5265,01128,WYNN MACAU,2009-10-09,,EXACT,webbsite_full.sqlite/shortnames,1
webb_ccass,5266,webb:issue:5266,02825,WISECSIHK100ETF,2008-05-15,,EXACT,webbsite_full.sqlite/shortnames,1
webb_ccass,5272,webb:issue:5272,02840,SPDR GOLD TRT,2008-07-31,2024-10-29,EXACT,webbsite_full.sqlite/shortnames,2
webb_ccass,5280,webb:issue:5280,02827,WISE CSI300 ETF,2007-07-17,2017-12-28,EXACT,webbsite_full.sqlite/shortnames,3
webb_ccass,5281,webb:issue:5281,00820,HSBCDRAGON FUND,2007-07-20,2025-08-29,EXACT,webbsite_full.sqlite/shortnames,1
webb_ccass,5282,webb:issue:5282,02836,ISHARES INDIA,2006-11-02,2009-09-28,EXACT,webbsite_full.sqlite/shortnames,2
webb_ccass,5283,webb:issue:5283,02838,HS FCI50 ETF,2005-06-08,2014-09-22,EXACT,webbsite_full.sqlite/shortnames,3
webb_ccass,5284,webb:issue:5284,02819,ABF HK IDX ETF,2005-06-21,,EXACT,webbsite_full.sqlite/shortnames,1
webb_ccass,5285,webb:issue:5285,02821,ABF PAIF,2005-07-07,,EXACT,webbsite_full.sqlite/shortnames,1
webb_ccass,5288,webb:issue:5288,02833,HS HSI ETF,2004-09-21,2022-09-13,EXACT,webbsite_full.sqlite/shortnames,1
webb_ccass,5289,webb:issue:5289,02823,ISHARES A50,2004-11-18,2017-07-07,EXACT,webbsite_full.sqlite/shortnames,4
webb_ccass,5290,webb:issue:5290,02828,HSCEI ETF,2004-02-02,2018-03-05,EXACT,webbsite_full.sqlite/shortnames,3
webb_ccass,5294,webb:issue:5294,02801;02845,ISHARES CHINA,2004-02-02,2009-09-28,AMBIGUOUS,webbsite_full.sqlite/shortnames,6
webb_ccass,5295,webb:issue:5295,02800,TRACKER FUND,2004-02-02,,EXACT,webbsite_full.sqlite/shortnames,1
webb_ccass,5369,webb:issue:5369,03020,X TRMSCIUSA,2009-07-08,2018-02-22,EXACT,webbsite_full.sqlite/shortnames,3
webb_ccass,5370,webb:issue:5370,03036,TRMSCITAIWAN,2009-06-30,2018-02-22,EXACT,webbsite_full.sqlite/shortnames,4
webb_ccass,5371,webb:issue:5371,03015,X TRNIFTY50,2009-07-08,2018-02-22,EXACT,webbsite_full.sqlite/shortnames,5
webb_ccass,5372,webb:issue:5372,02848,TRMSCIKOREA,2009-07-08,2018-02-22,EXACT,webbsite_full.sqlite/shortnames,4
webb_ccass,5373,webb:issue:5373,03007,TR MSCI CHINA A,2009-07-08,2024-12-04,EXACT,webbsite_full.sqlite/shortnames,6
webb_ccass,5374,webb:issue:5374,03087,X TRVIET,2009-07-08,2025-10-17,EXACT,webbsite_full.sqlite/shortnames,4
webb_ccass,5376,webb:issue:5376,03010,ISHARES AXJ,2009-04-23,2015-07-27,EXACT,webbsite_full.sqlite/shortnames,3
webb_ccass,5379,webb:issue:5379,02802,ISHARES EM ASIA,2009-04-23,2023-03-22,EXACT,webbsite_full.sqlite/shortnames,2
webb_ccass,5381,webb:issue:5381,03024,WISE SSE50ETF,2009-04-15,2015-05-13,EXACT,webbsite_full.sqlite/shortnames,3
webb_ccass,5393,webb:issue:5393,01238,POWERLONG,2009-10-14,,EXACT,webbsite_full.sqlite/shortnames,1
webb_ccass,5431,webb:issue:5431,01069;02901;02915;08305,CN HEALTH TECH,2009-10-08,2025-08-12,AMBIGUOUS,webbsite_full.sqlite/shortnames,13
webb_ccass,5432,webb:issue:5432,08351;08390,LARRY JEWELRY,2009-10-07,2021-12-15,AMBIGUOUS,webbsite_full.sqlite/shortnames,6
webb_ccass,5435,webb:issue:5435,00829,SHENGUAN HLDGS,2009-10-13,,EXACT,webbsite_full.sqlite/shortnames,1
webb_ccass,5458,webb:issue:5458,00712;02948,COMTEC SOLAR,2009-10-30,2019-10-03,AMBIGUOUS,webbsite_full.sqlite/shortnames,5
webb_ccass,5459,webb:issue:5459,01628;02943,YUZHOU GROUP,2009-11-02,2025-10-22,AMBIGUOUS,webbsite_full.sqlite/shortnames,6
webb_ccass,5461,webb:issue:5461,00846,MINGFA GROUP,2009-11-13,,EXACT,webbsite_full.sqlite/shortnames,1
webb_ccass,5462,webb:issue:5462,00891,TRINITY,2009-11-03,2022-10-31,EXACT,webbsite_full.sqlite/shortnames,1
webb_ccass,5470,webb:issue:5470,01318,GREENS HOLDINGS,2009-11-06,2020-07-06,EXACT,webbsite_full.sqlite/shortnames,1
webb_ccass,5476,webb:issue:5476,00249,XINGYECOPPERW11,2009-11-05,2011-11-03,EXACT,webbsite_full.sqlite/shortnames,1
webb_ccass,5477,webb:issue:5477,00591,C HIGHPRECISION,2009-11-13,,EXACT,webbsite_full.sqlite/shortnames,1
webb_ccass,5478,webb:issue:5478,00906,COFCO PACKAGING,2009-11-16,2025-04-22,EXACT,webbsite_full.sqlite/shortnames,1
webb_ccass,5479,webb:issue:5479,00389;02970,TONTINE WINES,2009-11-19,2023-10-18,AMBIGUOUS,webbsite_full.sqlite/shortnames,5
webb_ccass,5480,webb:issue:5480,00960,LONGFOR GROUP,2009-11-19,2018-07-09,EXACT,webbsite_full.sqlite/shortnames,2
webb_ccass,5482,webb:issue:5482,00414,NEWSMART W1011,2009-11-17,2010-11-15,EXACT,webbsite_full.sqlite/shortnames,1
webb_ccass,5484,webb:issue:5484,00631,SANY INT'L,2009-11-25,,EXACT,webbsite_full.sqlite/shortnames,1
webb_ccass,5485,webb:issue:5485,01777,FANTASIA,2009-11-25,,EXACT,webbsite_full.sqlite/shortnames,1
webb_ccass,5487,webb:issue:5487,01988,MINSHENG BANK,2009-11-26,,EXACT,webbsite_full.sqlite/shortnames,1
webb_ccass,5491,webb:issue:5491,06837,HAITONG SEC,2012-04-27,2025-03-04,EXACT,webbsite_full.sqlite/shortnames,1
webb_ccass,5495,webb:issue:5495,02039,CIMC,2012-12-19,,EXACT,webbsite_full.sqlite/shortnames,1
webb_ccass,5503,webb:issue:5503,01928,SANDS CHINA LTD,2009-11-30,,EXACT,webbsite_full.sqlite/shortnames,1
webb_ccass,5507,webb:issue:5507,00930,CHINA FORESTRY,2009-12-03,2017-02-24,EXACT,webbsite_full.sqlite/shortnames,1
webb_ccass,5508,webb:issue:5508,00714,CHEUKNANG W1011,2009-11-25,2010-11-24,EXACT,webbsite_full.sqlite/shortnames,1
webb_ccass,5509,webb:issue:5509,00073;02922,ASIAN CITRUS,2009-11-26,2024-03-27,AMBIGUOUS,webbsite_full.sqlite/shortnames,5
webb_ccass,5510,webb:issue:5510,00465,FUTONG TECH,2009-12-04,,EXACT,webbsite_full.sqlite/shortnames,1
webb_ccass,5511,webb:issue:5511,01638,KAISA GROUP,2009-12-09,,EXACT,webbsite_full.sqlite/shortnames,1
webb_ccass,5515,webb:issue:5515,00916,CHINA LONGYUAN,2009-12-10,,EXACT,webbsite_full.sqlite/shortnames,1
webb_ccass,5516,webb:issue:5516,01866,CHINA XLX FERT,2009-12-08,,EXACT,webbsite_full.sqlite/shortnames,1
webb_ccass,5525,webb:issue:5525,00331,PCD STORES,2009-12-15,2013-12-05,EXACT,webbsite_full.sqlite/shortnames,1
webb_ccass,5532,webb:issue:5532,01822;02911;02957;08248,CHINA WOOD INT,2009-12-16,2024-07-24,AMBIGUOUS,webbsite_full.sqlite/shortnames,13
webb_ccass,5533,webb:issue:5533,00947,MOBI DEV,2009-12-17,,EXACT,webbsite_full.sqlite/shortnames,1
webb_ccass,5534,webb:issue:5534,01918,SUNAC,2010-10-07,,EXACT,webbsite_full.sqlite/shortnames,1
webb_ccass,5537,webb:issue:5537,03046,VALUE CHINA ETF,2009-12-15,2020-10-27,EXACT,webbsite_full.sqlite/shortnames,1
webb_ccass,5538,webb:issue:5538,01006,CHANGSHOUHUA,2009-12-18,2020-12-07,EXACT,webbsite_full.sqlite/shortnames,2
webb_ccass,5539,webb:issue:5539,01080,SHENGLI PIPE,2009-12-18,,EXACT,webbsite_full.sqlite/shortnames,1
webb_ccass,5549,webb:issue:5549,02601,CPIC,2009-12-23,,EXACT,webbsite_full.sqlite/shortnames,1
webb_ccass,5550,webb:issue:5550,01823,HUAYUEXPRESSWAY,2009-12-23,,EXACT,webbsite_full.sqlite/shortnames,1
webb_ccass,5551,webb:issue:5551,00946,HONTEX INT'L,2009-12-24,2013-09-23,EXACT,webbsite_full.sqlite/shortnames,1
webb_ccass,5552,webb:issue:5552,00955,SCHRAMM,2009-12-29,2012-04-02,EXACT,webbsite_full.sqlite/shortnames,1
webb_ccass,5553,webb:issue:5553,00837;02944,CARPENTER TAN,2009-12-29,2018-07-06,AMBIGUOUS,webbsite_full.sqlite/shortnames,4
webb_ccass,5560,webb:issue:5560,02846,ISHARESCSI300,2009-11-18,2017-02-28,EXACT,webbsite_full.sqlite/shortnames,3
webb_ccass,5563,webb:issue:5563,02829,X ISHARES A FIN,2009-11-18,2017-04-28,EXACT,webbsite_full.sqlite/shortnames,2
webb_ccass,5578,webb:issue:5578,00486;02936;02961,RUSAL,2010-01-27,2011-01-04,AMBIGUOUS,webbsite_full.sqlite/shortnames,7
webb_ccass,5591,webb:issue:5591,01878,SOUTHGOBI,2010-01-29,2023-04-17,EXACT,webbsite_full.sqlite/shortnames,3
webb_ccass,5600,webb:issue:5600,00953,SHAW BROTHERS,2010-02-01,2016-06-30,EXACT,webbsite_full.sqlite/shortnames,2
webb_ccass,5602,webb:issue:5602,06883,MELCO CROWN,2011-12-07,2015-07-06,EXACT,webbsite_full.sqlite/shortnames,1
webb_ccass,5611,webb:issue:5611,01966,CHINA SCE GROUP,2010-02-05,2018-08-27,EXACT,webbsite_full.sqlite/shortnames,2
webb_ccass,5612,webb:issue:5612,01863,CHI LONGEVITY,2010-04-29,2015-12-16,EXACT,webbsite_full.sqlite/shortnames,2
webb_ccass,5615,webb:issue:5615,01938,CHU KONG PIPE,2010-02-10,,EXACT,webbsite_full.sqlite/shortnames,1
webb_ccass,5616,webb:issue:5616,01683,IMM,2010-02-10,2012-06-11,EXACT,webbsite_full.sqlite/shortnames,1
webb_ccass,5621,webb:issue:5621,00932,CHINASOLARW1202,2010-02-10,2012-02-10,EXACT,webbsite_full.sqlite/shortnames,1
webb_ccass,5656,webb:issue:5656,02010,REAL NUTRI,2010-02-19,2021-01-26,EXACT,webbsite_full.sqlite/shortnames,2
webb_ccass,5737,webb:issue:5737,04362,ISHARES KOR-TR,2004-02-02,2017-12-06,EXACT,webbsite_full.sqlite/shortnames,1
webb_ccass,5738,webb:issue:5738,04363,ISHARES TWN-TR,2004-02-02,2017-12-06,EXACT,webbsite_full.sqlite/shortnames,1
webb_ccass,5842,webb:issue:5842,00948;02954,ALPHA PRO HLDGS,2010-03-01,2025-11-07,AMBIGUOUS,webbsite_full.sqlite/shortnames,5
webb_ccass,5846,webb:issue:5846,03009,X DBMSCIEM,2010-02-24,2017-09-19,EXACT,webbsite_full.sqlite/shortnames,2
webb_ccass,5847,webb:issue:5847,03035,X DBMSCIEMASIA,2010-02-24,2017-09-19,EXACT,webbsite_full.sqlite/shortnames,2
webb_ccass,5848,webb:issue:5848,03048,TRMSCIBRAZIL,2010-02-24,2021-12-08,EXACT,webbsite_full.sqlite/shortnames,4
webb_ccass,5849,webb:issue:5849,03027,X TRMSCIRUSSIA,2010-02-24,2021-12-08,EXACT,webbsite_full.sqlite/shortnames,3
webb_ccass,5850,webb:issue:5850,03019,X TRMSCIWORLD,2010-02-24,2021-12-08,EXACT,webbsite_full.sqlite/shortnames,3
webb_ccass,5851,webb:issue:5851,03043,TRMSCIPACEXJ,2010-02-24,2021-12-08,EXACT,webbsite_full.sqlite/shortnames,4
webb_ccass,5878,webb:issue:5878,01280;02965,QIDIAN GUOFENG,2010-03-25,2024-01-08,AMBIGUOUS,webbsite_full.sqlite/shortnames,8
webb_ccass,5882,webb:issue:5882,01998,FLYKE INT'L,2010-03-29,2021-01-29,EXACT,webbsite_full.sqlite/shortnames,1
webb_ccass,5885,webb:issue:5885,00881,ZHONGSHENG HLDG,2010-03-26,,EXACT,webbsite_full.sqlite/shortnames,1
webb_ccass,5888,webb:issue:5888,00830,CSC DEVELOPMENT,2010-03-30,2019-04-23,EXACT,webbsite_full.sqlite/shortnames,2
webb_ccass,5894,webb:issue:5894,01999,MAN WAH HLDGS,2010-04-09,,EXACT,webbsite_full.sqlite/shortnames,1
webb_ccass,5898,webb:issue:5898,03049,X TRCSI300,2010-03-25,2021-12-08,EXACT,webbsite_full.sqlite/shortnames,3
webb_ccass,5899,webb:issue:5899,03061,X DBCSI300BANK,2010-03-25,2017-09-19,EXACT,webbsite_full.sqlite/shortnames,2
webb_ccass,5900,webb:issue:5900,03025,X DBCSI300CONDI,2010-03-25,2017-09-19,EXACT,webbsite_full.sqlite/shortnames,2
webb_ccass,5901,webb:issue:5901,03062,X DBCSI300MAT,2010-03-25,2017-09-19,EXACT,webbsite_full.sqlite/shortnames,2
webb_ccass,5902,webb:issue:5902,02816,X DBCSI300REAL,2010-03-25,2017-09-19,EXACT,webbsite_full.sqlite/shortnames,2
webb_ccass,5903,webb:issue:5903,03052,X DBCSI300UTIL,2010-03-25,2017-09-19,EXACT,webbsite_full.sqlite/shortnames,2
webb_ccass,5904,webb:issue:5904,03017,X DBCSI300ENER,2010-03-25,2017-09-19,EXACT,webbsite_full.sqlite/shortnames,2
webb_ccass,5905,webb:issue:5905,02844,X DBCSI300FIN,2010-03-25,2017-09-19,EXACT,webbsite_full.sqlite/shortnames,2
webb_ccass,5906,webb:issue:5906,03057,X DBCSI300HEAL,2010-03-25,2017-09-19,EXACT,webbsite_full.sqlite/shortnames,2
webb_ccass,5907,webb:issue:5907,03063,X DBCSI300TRANS,2010-03-25,2017-09-19,EXACT,webbsite_full.sqlite/shortnames,2
webb_ccass,5908,webb:issue:5908,03005,X DBCSI300IND,2010-03-25,2017-09-19,EXACT,webbsite_full.sqlite/shortnames,2
webb_ccass,5910,webb:issue:5910,00923,IWS,2010-03-31,2013-08-16,EXACT,webbsite_full.sqlite/shortnames,2
webb_ccass,5924,webb:issue:5924,00624,PAC ANDES W1106,2010-04-01,2011-06-16,EXACT,webbsite_full.sqlite/shortnames,1
webb_ccass,5940,webb:issue:5940,00778,FORTUNE REIT,2010-04-20,,EXACT,webbsite_full.sqlite/shortnames,1
webb_ccass,5944,webb:issue:5944,00877,O-NET TECH GP,2010-04-29,2020-10-20,EXACT,webbsite_full.sqlite/shortnames,2
webb_ccass,5952,webb:issue:5952,00973,L'OCCITANE,2010-05-07,2024-10-16,EXACT,webbsite_full.sqlite/shortnames,1
webb_ccass,5953,webb:issue:5953,00971,KINGBOARD W1210,2010-05-05,2012-11-01,EXACT,webbsite_full.sqlite/shortnames,1
webb_ccass,5955,webb:issue:5955,00503,LANSEN PHARMA,2010-05-07,2023-12-19,EXACT,webbsite_full.sqlite/shortnames,1
webb_ccass,5962,webb:issue:5962,01972,SWIREPROPERTIES,2012-01-18,,EXACT,webbsite_full.sqlite/shortnames,1
webb_ccass,5977,webb:issue:5977,02222;02984,NVC INTL,2010-05-20,2023-12-01,AMBIGUOUS,webbsite_full.sqlite/shortnames,6
webb_ccass,5997,webb:issue:5997,02268,YOUYUAN HLDGS,2010-05-27,2021-03-22,EXACT,webbsite_full.sqlite/shortnames,1
webb_ccass,6002,webb:issue:6002,02188,TITANS ENERGY,2010-05-28,,EXACT,webbsite_full.sqlite/shortnames,1
webb_ccass,6007,webb:issue:6007,02378;02917,PRU,2010-05-25,2021-06-07,AMBIGUOUS,webbsite_full.sqlite/shortnames,4
webb_ccass,6008,webb:issue:6008,00942,CHEUKNANG W1105,2010-05-25,2011-05-23,EXACT,webbsite_full.sqlite/shortnames,1
webb_ccass,6012,webb:issue:6012,08337;08586,DIRECTEL,2010-06-02,2021-02-26,AMBIGUOUS,webbsite_full.sqlite/shortnames,5
webb_ccass,6015,webb:issue:6015,00873,C TAIFENG BED,2010-06-11,2019-02-21,EXACT,webbsite_full.sqlite/shortnames,2
webb_ccass,6016,webb:issue:6016,00879,HENDERSON L W11,2010-06-04,2011-06-02,EXACT,webbsite_full.sqlite/shortnames,1
webb_ccass,6022,webb:issue:6022,02208,GOLDWIND,2010-10-08,,EXACT,webbsite_full.sqlite/shortnames,1
webb_ccass,6023,webb:issue:6023,00795,HK ENERGY W1106,2010-06-11,2011-06-09,EXACT,webbsite_full.sqlite/shortnames,1
webb_ccass,6024,webb:issue:6024,00492,HKC (HOLD)W1106,2010-06-11,2011-06-09,EXACT,webbsite_full.sqlite/shortnames,1
webb_ccass,6027,webb:issue:6027,02228,CECEP COSTIN,2010-06-21,2022-02-14,EXACT,webbsite_full.sqlite/shortnames,2
webb_ccass,6029,webb:issue:6029,02128,CHINA LESSO,2010-06-23,2013-07-17,EXACT,webbsite_full.sqlite/shortnames,2
webb_ccass,6030,webb:issue:6030,01282;02984,RENZE HARVEST,2010-12-15,2023-08-07,AMBIGUOUS,webbsite_full.sqlite/shortnames,8
webb_ccass,6034,webb:issue:6034,08295,KINGWISOFT TECH,2010-06-18,2022-07-22,EXACT,webbsite_full.sqlite/shortnames,5
webb_ccass,6035,webb:issue:6035,00972,C STARENT W1206,2010-06-18,2012-06-15,EXACT,webbsite_full.sqlite/shortnames,1
webb_ccass,6037,webb:issue:6037,00325,TRAUSON HLDGS,2010-06-29,2013-07-15,EXACT,webbsite_full.sqlite/shortnames,1
webb_ccass,6044,webb:issue:6044,02238,GAC GROUP,2010-08-30,,EXACT,webbsite_full.sqlite/shortnames,1
webb_ccass,6047,webb:issue:6047,00967,SOUND GLOBAL,2010-09-30,2022-09-13,EXACT,webbsite_full.sqlite/shortnames,1
webb_ccass,6050,webb:issue:6050,00937,NEWTIMES W1106,2010-06-29,2011-06-27,EXACT,webbsite_full.sqlite/shortnames,1
webb_ccass,6051,webb:issue:6051,00951,CHAOWEI POWER,2010-07-07,,EXACT,webbsite_full.sqlite/shortnames,1
webb_ccass,6052,webb:issue:6052,01788,GUOTAI JUNAN I,2010-07-08,,EXACT,webbsite_full.sqlite/shortnames,1
webb_ccass,6053,webb:issue:6053,01020,CYBERNAUT INT'L,2010-07-07,2017-05-31,EXACT,webbsite_full.sqlite/shortnames,2
webb_ccass,6054,webb:issue:6054,00312,SHIRBLE STORE,2010-11-17,,EXACT,webbsite_full.sqlite/shortnames,1
webb_ccass,6057,webb:issue:6057,00976,CHIHO ENV,2010-07-12,2017-06-23,EXACT,webbsite_full.sqlite/shortnames,2
webb_ccass,6058,webb:issue:6058,02118,TIAN SHAN DEV,2010-07-15,2023-10-31,EXACT,webbsite_full.sqlite/shortnames,1
webb_ccass,6059,webb:issue:6059,01019,CONVOY,2010-07-13,2021-05-04,EXACT,webbsite_full.sqlite/shortnames,1
webb_ccass,6066,webb:issue:6066,01900,CHINA ITS,2010-07-15,,EXACT,webbsite_full.sqlite/shortnames,1
webb_ccass,6067,webb:issue:6067,00936,KAISA CAPITAL,2010-07-19,2021-07-21,EXACT,webbsite_full.sqlite/shortnames,3
webb_ccass,6068,webb:issue:6068,01288,ABC,2010-07-16,,EXACT,webbsite_full.sqlite/shortnames,1
webb_ccass,6110,webb:issue:6110,08343,CHNONFERROUSW12,2010-08-02,2012-08-02,EXACT,webbsite_full.sqlite/shortnames,1
webb_ccass,6111,webb:issue:6111,00640;02955,INFINITY DEV,2010-08-12,2025-11-25,AMBIGUOUS,webbsite_full.sqlite/shortnames,6
webb_ccass,6119,webb:issue:6119,00965,PLAYMATESTOYW12,2010-08-04,2012-08-06,EXACT,webbsite_full.sqlite/shortnames,1
webb_ccass,6124,webb:issue:6124,02202,CHINA VANKE,2014-06-25,,EXACT,webbsite_full.sqlite/shortnames,1
webb_ccass,6130,webb:issue:6130,02233,WESTCHINACEMENT,2010-08-23,,EXACT,webbsite_full.sqlite/shortnames,1
webb_ccass,6132,webb:issue:6132,01428,BRIGHT SMART,2010-08-25,,EXACT,webbsite_full.sqlite/shortnames,1
webb_ccass,6151,webb:issue:6151,08356;08375;08588,TSUN YIP HLDGS,2010-08-30,2024-07-31,AMBIGUOUS,webbsite_full.sqlite/shortnames,11
webb_ccass,6172,webb:issue:6172,02198,CHINA SANJIANG,2010-09-16,,EXACT,webbsite_full.sqlite/shortnames,1
webb_ccass,6173,webb:issue:6173,01032,CHUN WO W1309,2010-09-13,2013-09-13,EXACT,webbsite_full.sqlite/shortnames,1
webb_ccass,6174,webb:issue:6174,01633,MAGIC HOLDINGS,2010-09-24,2014-04-10,EXACT,webbsite_full.sqlite/shortnames,1
webb_ccass,6175,webb:issue:6175,03073,SPDR GREATCHINA,2010-09-20,2023-10-27,EXACT,webbsite_full.sqlite/shortnames,1
webb_ccass,6177,webb:issue:6177,01039,CHANGYOU INT GP,2010-09-24,2024-12-18,EXACT,webbsite_full.sqlite/shortnames,4
webb_ccass,6179,webb:issue:6179,00853;02952,MICROPORT,2010-09-24,2021-08-06,AMBIGUOUS,webbsite_full.sqlite/shortnames,4
webb_ccass,6180,webb:issue:6180,00867;02957,CMS,2010-09-28,2011-10-24,AMBIGUOUS,webbsite_full.sqlite/shortnames,4
webb_ccass,6184,webb:issue:6184,01698,BOSHIWA INT'L,2010-09-29,2020-11-03,EXACT,webbsite_full.sqlite/shortnames,1
webb_ccass,6186,webb:issue:6186,00926;02929,BESUNYEN,2010-09-29,2022-05-26,AMBIGUOUS,webbsite_full.sqlite/shortnames,5
webb_ccass,6190,webb:issue:6190,01308,SITC,2010-10-06,,EXACT,webbsite_full.sqlite/shortnames,1
webb_ccass,6191,webb:issue:6191,01682,HP LIVING TECH,2010-10-05,2019-05-08,EXACT,webbsite_full.sqlite/shortnames,4
webb_ccass,6193,webb:issue:6193,00048;02952;02962;08321;08396,C AUTO INT DECO,2010-09-29,2020-11-09,AMBIGUOUS,webbsite_full.sqlite/shortnames,13
webb_ccass,6200,webb:issue:6200,01021,MIDAS HLDGS-S,2010-10-06,2020-02-05,EXACT,webbsite_full.sqlite/shortnames,2
webb_ccass,6202,webb:issue:6202,02468,TRONY SOLAR,2010-10-07,2018-08-23,EXACT,webbsite_full.sqlite/shortnames,1
webb_ccass,6203,webb:issue:6203,03683,GREAT HARVEST,2010-10-11,,EXACT,webbsite_full.sqlite/shortnames,1
webb_ccass,6204,webb:issue:6204,01733;02916;02973,E-COMMODITIES,2010-10-11,2022-03-17,AMBIGUOUS,webbsite_full.sqlite/shortnames,9
webb_ccass,6215,webb:issue:6215,02266,DORSETT,2010-10-11,2015-10-19,EXACT,webbsite_full.sqlite/shortnames,2
webb_ccass,6219,webb:issue:6219,00975;02947,MONGOL MINING,2010-10-13,2019-09-30,AMBIGUOUS,webbsite_full.sqlite/shortnames,5
webb_ccass,6223,webb:issue:6223,00580,SUN.KING TECH,2010-10-13,2020-11-10,EXACT,webbsite_full.sqlite/shortnames,2
webb_ccass,6226,webb:issue:6226,00956,CHINA SUNTIEN,2010-10-13,,EXACT,webbsite_full.sqlite/shortnames,1
webb_ccass,6227,webb:issue:6227,01029;02998,IRC,2010-10-21,2025-08-04,AMBIGUOUS,webbsite_full.sqlite/shortnames,5
webb_ccass,6228,webb:issue:6228,08269;08380;08392;08559;08586,WEALTH GLORY,2010-10-14,2019-11-13,AMBIGUOUS,webbsite_full.sqlite/shortnames,15
webb_ccass,6235,webb:issue:6235,01685,BOER POWER,2010-10-20,,EXACT,webbsite_full.sqlite/shortnames,1
webb_ccass,6291,webb:issue:6291,01700,SPRINGLAND,2010-10-21,2020-03-03,EXACT,webbsite_full.sqlite/shortnames,1
webb_ccass,6317,webb:issue:6317,01007;02942;02981,LONGHUI INTL,2010-10-28,2022-08-05,AMBIGUOUS,webbsite_full.sqlite/shortnames,11
webb_ccass,6318,webb:issue:6318,00460,SIHUAN PHARM,2010-10-28,,EXACT,webbsite_full.sqlite/shortnames,1
webb_ccass,6321,webb:issue:6321,02099,CHINAGOLDINTL,2010-12-01,,EXACT,webbsite_full.sqlite/shortnames,1
webb_ccass,6325,webb:issue:6325,01299,AIA,2010-10-29,,EXACT,webbsite_full.sqlite/shortnames,1
webb_ccass,6326,webb:issue:6326,01278,CHINANEWTOWN,2010-10-22,,EXACT,webbsite_full.sqlite/shortnames,1
webb_ccass,6333,webb:issue:6333,01230,YASHILI INT'L,2010-11-01,2023-07-06,EXACT,webbsite_full.sqlite/shortnames,1
webb_ccass,6340,webb:issue:6340,00238,EVERGREEN INT,2010-11-04,2022-02-09,EXACT,webbsite_full.sqlite/shortnames,1
webb_ccass,6350,webb:issue:6350,03081,VALUEGOLD ETF,2010-11-03,2013-11-29,EXACT,webbsite_full.sqlite/shortnames,2
webb_ccass,6359,webb:issue:6359,01600;02987,TIAN LUN GAS,2010-11-10,2018-12-10,AMBIGUOUS,webbsite_full.sqlite/shortnames,4
webb_ccass,6361,webb:issue:6361,06818,CEB BANK,2013-12-20,,EXACT,webbsite_full.sqlite/shortnames,1
webb_ccass,6370,webb:issue:6370,01087;02957,INVESTECH HLDGS,2010-11-16,2021-09-01,AMBIGUOUS,webbsite_full.sqlite/shortnames,6
webb_ccass,6372,webb:issue:6372,00842,LEOCH INT'L,2010-11-16,,EXACT,webbsite_full.sqlite/shortnames,1
webb_ccass,6377,webb:issue:6377,01101;02956,HUARONG ENERGY,2010-11-19,2016-05-05,AMBIGUOUS,webbsite_full.sqlite/shortnames,6
webb_ccass,6378,webb:issue:6378,06030,CITIC SEC,2011-10-06,,EXACT,webbsite_full.sqlite/shortnames,1
webb_ccass,6379,webb:issue:6379,01091,SOUTH MANGANESE,2010-11-18,2021-02-25,EXACT,webbsite_full.sqlite/shortnames,2
webb_ccass,6381,webb:issue:6381,01776,GF SEC,2015-04-10,,EXACT,webbsite_full.sqlite/shortnames,1
webb_ccass,6385,webb:issue:6385,01086,GOODBABY INTL,2010-11-24,,EXACT,webbsite_full.sqlite/shortnames,1
webb_ccass,6405,webb:issue:6405,01110,KINGWORLD,2010-11-25,,EXACT,webbsite_full.sqlite/shortnames,1
webb_ccass,6407,webb:issue:6407,08207;08395,CHONGSING HLDGS,2010-11-19,2020-11-30,AMBIGUOUS,webbsite_full.sqlite/shortnames,6
webb_ccass,6409,webb:issue:6409,01117,CH MODERN D,2010-11-26,,EXACT,webbsite_full.sqlite/shortnames,1
webb_ccass,6421,webb:issue:6421,01090,DA MING INT'L,2010-12-01,,EXACT,webbsite_full.sqlite/shortnames,1
webb_ccass,6436,webb:issue:6436,08312,RUI FENG GROUP,2010-11-25,2019-07-09,EXACT,webbsite_full.sqlite/shortnames,3
webb_ccass,6438,webb:issue:6438,01831;02924,SHIFANG HLDG,2010-12-03,2019-05-21,AMBIGUOUS,webbsite_full.sqlite/shortnames,5
webb_ccass,6447,webb:issue:6447,00468,GAPACK,2010-12-09,,EXACT,webbsite_full.sqlite/shortnames,1
webb_ccass,6449,webb:issue:6449,01768,BRACELL,2010-12-08,2016-10-25,EXACT,webbsite_full.sqlite/shortnames,2
webb_ccass,6454,webb:issue:6454,01048,YORKSHINE HLDGS,2010-12-06,2019-12-27,EXACT,webbsite_full.sqlite/shortnames,2
webb_ccass,6456,webb:issue:6456,01728,ZHENGTONGAUTO,2010-12-10,,EXACT,webbsite_full.sqlite/shortnames,1
webb_ccass,6468,webb:issue:6468,01555,MIE HOLDINGS,2010-12-14,,EXACT,webbsite_full.sqlite/shortnames,1
webb_ccass,6469,webb:issue:6469,06210,VALE COMMON-DRS,2010-12-08,2016-07-28,EXACT,webbsite_full.sqlite/shortnames,1
webb_ccass,6470,webb:issue:6470,06230,VALE PREF-DRS,2010-12-08,2016-07-28,EXACT,webbsite_full.sqlite/shortnames,1
webb_ccass,6471,webb:issue:6471,01112,H&H INTL HLDG,2010-12-17,2017-06-08,EXACT,webbsite_full.sqlite/shortnames,2
webb_ccass,6474,webb:issue:6474,03618,CQRC BANK,2010-12-16,,EXACT,webbsite_full.sqlite/shortnames,1
webb_ccass,6480,webb:issue:6480,00958,HN RENEWABLES,2011-06-10,2020-02-25,EXACT,webbsite_full.sqlite/shortnames,1
webb_ccass,6481,webb:issue:6481,01798,DATANG RENEW,2010-12-17,,EXACT,webbsite_full.sqlite/shortnames,1
webb_ccass,6482,webb:issue:6482,00327,PAX GLOBAL,2010-12-20,,EXACT,webbsite_full.sqlite/shortnames,1
webb_ccass,6486,webb:issue:6486,01092,CHEUKNANG W1112,2010-12-15,2011-12-14,EXACT,webbsite_full.sqlite/shortnames,1
webb_ccass,6488,webb:issue:6488,01157,ZOOMLION,2010-12-23,,EXACT,webbsite_full.sqlite/shortnames,1
webb_ccass,6498,webb:issue:6498,01085,HXTL,2010-12-23,,EXACT,webbsite_full.sqlite/shortnames,1
webb_ccass,6505,webb:issue:6505,00940,C ANIMAL HEALTH,2010-12-21,2020-01-30,EXACT,webbsite_full.sqlite/shortnames,1
webb_ccass,6506,webb:issue:6506,00935,DRAGON CROWN,2011-06-10,2022-08-23,EXACT,webbsite_full.sqlite/shortnames,1
webb_ccass,6521,webb:issue:6521,08265;08377,CHINA TRUSTFUL,2011-01-26,2021-11-12,AMBIGUOUS,webbsite_full.sqlite/shortnames,6
webb_ccass,6533,webb:issue:6533,00080;02906;02994,CAI CORP,2011-01-06,2025-12-01,AMBIGUOUS,webbsite_full.sqlite/shortnames,10
webb_ccass,6536,webb:issue:6536,02011,GILSTON GROUP,2011-01-12,2024-05-10,EXACT,webbsite_full.sqlite/shortnames,3
webb_ccass,6537,webb:issue:6537,01323;02999,HUASHENG INTL,2011-01-13,2024-01-24,AMBIGUOUS,webbsite_full.sqlite/shortnames,6
webb_ccass,6540,webb:issue:6540,01089,LEYOU TECH H,2011-01-11,2020-12-24,EXACT,webbsite_full.sqlite/shortnames,2
webb_ccass,6541,webb:issue:6541,02817,WISE HKLMCONS,2011-01-11,2017-11-07,EXACT,webbsite_full.sqlite/shortnames,1
webb_ccass,6542,webb:issue:6542,02839,WISE HKLMREAL,2011-01-11,2017-11-07,EXACT,webbsite_full.sqlite/shortnames,1
webb_ccass,6543,webb:issue:6543,02835,MR KOSPI200 ETF,2011-01-17,2018-02-23,EXACT,webbsite_full.sqlite/shortnames,3
webb_ccass,6581,webb:issue:6581,01143;02908;02920;02957,CN ENGY STORAGE,2011-01-27,2023-10-31,AMBIGUOUS,webbsite_full.sqlite/shortnames,17
webb_ccass,6587,webb:issue:6587,01121,GOLDENSOLAR,2011-01-28,2021-08-02,EXACT,webbsite_full.sqlite/shortnames,2
webb_ccass,6611,webb:issue:6611,01378,CHINAHONGQIAO,2011-03-24,,EXACT,webbsite_full.sqlite/shortnames,1
webb_ccass,6645,webb:issue:6645,00013,HUTCHMED,2021-06-30,,EXACT,webbsite_full.sqlite/shortnames,1
webb_ccass,6700,webb:issue:6700,08187,CHBIOCASSAVAW13,2011-02-18,2013-02-18,EXACT,webbsite_full.sqlite/shortnames,1
webb_ccass,6711,webb:issue:6711,08087;08553;08581;08597,CHINA 33MEDIA,2011-02-28,2025-01-16,AMBIGUOUS,webbsite_full.sqlite/shortnames,13
webb_ccass,6725,webb:issue:6725,08098,CL GROUP,2011-03-08,,EXACT,webbsite_full.sqlite/shortnames,1
webb_ccass,6728,webb:issue:6728,00664,SKYOCEAN W1603,2011-03-04,2016-03-07,EXACT,webbsite_full.sqlite/shortnames,2
webb_ccass,6731,webb:issue:6731,01380;02902;02911;02997,CHI KINGSTONE,2011-03-18,2023-02-02,AMBIGUOUS,webbsite_full.sqlite/shortnames,12
webb_ccass,6737,webb:issue:6737,00284,V.S. INTL W1403,2011-03-16,2014-03-17,EXACT,webbsite_full.sqlite/shortnames,1
webb_ccass,6743,webb:issue:6743,03688,TOP SPRING,2011-03-23,,EXACT,webbsite_full.sqlite/shortnames,1
webb_ccass,6748,webb:issue:6748,03363,ZHENGYE INT'L,2011-06-03,,EXACT,webbsite_full.sqlite/shortnames,1
webb_ccass,6759,webb:issue:6759,03360,FE HORIZON,2011-03-30,,EXACT,webbsite_full.sqlite/shortnames,1
webb_ccass,6778,webb:issue:6778,06488;06499,SBI HLDGS-DRS,2011-04-14,2014-06-25,AMBIGUOUS,webbsite_full.sqlite/shortnames,5
webb_ccass,6791,webb:issue:6791,01181;02943,TANG PALACE,2011-04-19,2018-07-12,AMBIGUOUS,webbsite_full.sqlite/shortnames,5
webb_ccass,6803,webb:issue:6803,01011;02965,NT PHARMA,2011-04-20,2024-08-07,AMBIGUOUS,webbsite_full.sqlite/shortnames,5
webb_ccass,6808,webb:issue:6808,01623,HILONG,2011-04-21,,EXACT,webbsite_full.sqlite/shortnames,1
webb_ccass,6809,webb:issue:6809,87001,HUI XIAN REIT,2011-04-29,,EXACT,webbsite_full.sqlite/shortnames,1
webb_ccass,6822,webb:issue:6822,02789,YUANDA CHINA,2011-05-17,,EXACT,webbsite_full.sqlite/shortnames,1
webb_ccass,6829,webb:issue:6829,00824,CULTURECOMW1305,2011-05-03,2013-05-03,EXACT,webbsite_full.sqlite/shortnames,1
webb_ccass,6834,webb:issue:6834,02299,BILLION IND,2011-05-18,,EXACT,webbsite_full.sqlite/shortnames,1
webb_ccass,6835,webb:issue:6835,08132;08380;08552;08558,CENTURY EN INTL,2011-05-18,2021-11-10,AMBIGUOUS,webbsite_full.sqlite/shortnames,15
webb_ccass,6836,webb:issue:6836,02607,SH PHARMA,2011-05-20,,EXACT,webbsite_full.sqlite/shortnames,1
webb_ccass,6841,webb:issue:6841,01150;02985,MILAN STATION,2011-05-23,2020-05-04,AMBIGUOUS,webbsite_full.sqlite/shortnames,5
webb_ccass,6843,webb:issue:6843,00805,GLENCORE-S,2011-05-25,2018-01-31,EXACT,webbsite_full.sqlite/shortnames,1
webb_ccass,6856,webb:issue:6856,02083,NATURE HOME,2011-05-26,2021-10-20,EXACT,webbsite_full.sqlite/shortnames,3
webb_ccass,6878,webb:issue:6878,02282,MGM CHINA,2011-06-03,,EXACT,webbsite_full.sqlite/shortnames,1
webb_ccass,6887,webb:issue:6887,08193;08387;08561;08562;08596,ASIAPAC FIN INV,2011-05-31,2022-10-07,AMBIGUOUS,webbsite_full.sqlite/shortnames,17
webb_ccass,6901,webb:issue:6901,01488,BEST FOOD HLDG,2011-06-27,2016-12-30,EXACT,webbsite_full.sqlite/shortnames,2
webb_ccass,6940,webb:issue:6940,01910,SAMSONITE,2011-06-16,,EXACT,webbsite_full.sqlite/shortnames,1
webb_ccass,6947,webb:issue:6947,01183,ALLIEDPPT W1606,2011-06-15,2016-06-14,EXACT,webbsite_full.sqlite/shortnames,1
webb_ccass,6949,webb:issue:6949,00871;02996,CH DREDG ENV,2011-06-20,2021-04-16,AMBIGUOUS,webbsite_full.sqlite/shortnames,6
webb_ccass,6955,webb:issue:6955,01913,PRADA,2011-06-24,,EXACT,webbsite_full.sqlite/shortnames,1
webb_ccass,6963,webb:issue:6963,02200,HOSA INT'L,2011-12-16,2020-03-23,EXACT,webbsite_full.sqlite/shortnames,1
webb_ccass,6964,webb:issue:6964,01241,SHUANGHUA H,2011-06-30,,EXACT,webbsite_full.sqlite/shortnames,1
webb_ccass,6966,webb:issue:6966,03777,C FIBER OPTIC,2011-07-14,2019-02-14,EXACT,webbsite_full.sqlite/shortnames,1
webb_ccass,6969,webb:issue:6969,01146,HUICHENG INTL H,2011-12-09,2024-06-26,EXACT,webbsite_full.sqlite/shortnames,2
webb_ccass,6972,webb:issue:6972,01115,5100 XIZANG,2011-06-30,2025-12-11,EXACT,webbsite_full.sqlite/shortnames,3
webb_ccass,6973,webb:issue:6973,01082;02923;02949;02991,BDV EDU INTL,2011-07-04,2023-02-28,AMBIGUOUS,webbsite_full.sqlite/shortnames,14
webb_ccass,6977,webb:issue:6977,01231,NEWTON RES,2011-07-04,,EXACT,webbsite_full.sqlite/shortnames,1
webb_ccass,6978,webb:issue:6978,01145;02974;02975,COURAGE INV,2011-06-24,2017-09-15,AMBIGUOUS,webbsite_full.sqlite/shortnames,10
webb_ccass,6986,webb:issue:6986,00847,KAZ MINERALS-S,2011-06-29,2018-08-01,EXACT,webbsite_full.sqlite/shortnames,2
webb_ccass,6994,webb:issue:6994,01363;02919,CTEG,2013-09-25,2021-09-10,AMBIGUOUS,webbsite_full.sqlite/shortnames,5
webb_ccass,6997,webb:issue:6997,00579,JNCEC,2011-12-22,,EXACT,webbsite_full.sqlite/shortnames,1
webb_ccass,6999,webb:issue:6999,01056,C STARENT W1212,2011-07-04,2012-12-31,EXACT,webbsite_full.sqlite/shortnames,1
webb_ccass,7006,webb:issue:7006,02963;06828,BG BLUE SKY,2011-07-12,2017-02-03,AMBIGUOUS,webbsite_full.sqlite/shortnames,7
webb_ccass,7007,webb:issue:7007,02123,GOLDEN SHIELD,2011-07-14,2021-08-02,EXACT,webbsite_full.sqlite/shortnames,1
webb_ccass,7012,webb:issue:7012,08112;08552;08555,CORNERSTONE FIN,2011-07-28,2020-07-14,AMBIGUOUS,webbsite_full.sqlite/shortnames,10
webb_ccass,7013,webb:issue:7013,08179;08380;08387;08585,PALINDA GROUP,2011-07-08,2020-10-12,AMBIGUOUS,webbsite_full.sqlite/shortnames,15
webb_ccass,7014,webb:issue:7014,06838,WINOX,2011-07-20,,EXACT,webbsite_full.sqlite/shortnames,1
webb_ccass,7015,webb:issue:7015,01259,PROSPER FUTURE,2011-07-15,2019-10-15,EXACT,webbsite_full.sqlite/shortnames,4
webb_ccass,7017,webb:issue:7017,01127,LION ROCK GROUP,2011-07-25,2017-06-12,EXACT,webbsite_full.sqlite/shortnames,2
webb_ccass,7018,webb:issue:7018,02098;02901;02983,ZALL SMARTCOM,2011-07-13,2018-07-03,AMBIGUOUS,webbsite_full.sqlite/shortnames,10
webb_ccass,7020,webb:issue:7020,03948,YITAI COAL,2012-07-12,2023-08-14,EXACT,webbsite_full.sqlite/shortnames,1
webb_ccass,7021,webb:issue:7021,01355;02948;08160,LEGEND STRAT,2011-07-15,2013-11-25,AMBIGUOUS,webbsite_full.sqlite/shortnames,5
webb_ccass,7022,webb:issue:7022,01165,SFCE,2011-07-13,2014-11-26,EXACT,webbsite_full.sqlite/shortnames,2
webb_ccass,7023,webb:issue:7023,06808,SUNART RETAIL,2011-07-27,,EXACT,webbsite_full.sqlite/shortnames,1
webb_ccass,7026,webb:issue:7026,01663,S HARBOURHOLD,2011-07-22,2015-10-06,EXACT,webbsite_full.sqlite/shortnames,2
webb_ccass,7069,webb:issue:7069,01257,SIMSENINTLW1208,2011-08-22,2012-08-22,EXACT,webbsite_full.sqlite/shortnames,1
webb_ccass,7088,webb:issue:7088,01028,C.BANNER,2011-09-23,2012-04-02,EXACT,webbsite_full.sqlite/shortnames,2
webb_ccass,7094,webb:issue:7094,06868,TENFU,2011-09-26,,EXACT,webbsite_full.sqlite/shortnames,1
webb_ccass,7097,webb:issue:7097,03666,SHANGHAI XNG,2012-07-04,2022-04-26,EXACT,webbsite_full.sqlite/shortnames,3
webb_ccass,7098,webb:issue:7098,01096,SINO ENERGY INT,2011-09-28,2022-12-16,EXACT,webbsite_full.sqlite/shortnames,2
webb_ccass,7101,webb:issue:7101,01235,TRAVEL EXPERT,2011-09-30,,EXACT,webbsite_full.sqlite/shortnames,1
webb_ccass,7104,webb:issue:7104,03788,CHINA HANKING,2011-09-30,,EXACT,webbsite_full.sqlite/shortnames,1
webb_ccass,7111,webb:issue:7111,02186,LUYE PHARMA,2014-07-09,,EXACT,webbsite_full.sqlite/shortnames,1
webb_ccass,7114,webb:issue:7114,09888,BIDU-SW,2021-03-23,,EXACT,webbsite_full.sqlite/shortnames,1
webb_ccass,7116,webb:issue:7116,08020,UNITAS HOLD,2011-10-12,2016-11-02,EXACT,webbsite_full.sqlite/shortnames,2
webb_ccass,7117,webb:issue:7117,09999,NTES-S,2020-06-11,,EXACT,webbsite_full.sqlite/shortnames,1
webb_ccass,7121,webb:issue:7121,06813,CAPMALLSASIA-S,2011-10-18,2014-07-22,EXACT,webbsite_full.sqlite/shortnames,1
webb_ccass,7129,webb:issue:7129,02096,SIMCERE PHARMA,2020-10-27,,EXACT,webbsite_full.sqlite/shortnames,1
webb_ccass,7137,webb:issue:7137,01206,TECHNOVATOR,2011-10-27,,EXACT,webbsite_full.sqlite/shortnames,1
webb_ccass,7140,webb:issue:7140,01152;02981,MOMENTUM FIN,2011-10-28,2018-04-19,AMBIGUOUS,webbsite_full.sqlite/shortnames,7
webb_ccass,7145,webb:issue:7145,01248,HERITAGEINTLW13,2011-10-28,2013-10-28,EXACT,webbsite_full.sqlite/shortnames,1
webb_ccass,7158,webb:issue:7158,02992;03628;08012,RENHENG ENT,2011-11-18,2015-11-09,AMBIGUOUS,webbsite_full.sqlite/shortnames,6
webb_ccass,7162,webb:issue:7162,09961,TRIP.COM-S,2021-04-19,,EXACT,webbsite_full.sqlite/shortnames,1
webb_ccass,7165,webb:issue:7165,01302;02920;08122,LIFETECH SCI,2011-11-10,2015-02-16,AMBIGUOUS,webbsite_full.sqlite/shortnames,6
webb_ccass,7173,webb:issue:7173,01239;02908;02922;02993;02996,TEAMWAY INTL GP,2011-11-18,2024-01-08,AMBIGUOUS,webbsite_full.sqlite/shortnames,18
webb_ccass,7174,webb:issue:7174,01269;02943;02962,FIRST CAP GP,2011-11-23,2021-09-27,AMBIGUOUS,webbsite_full.sqlite/shortnames,10
webb_ccass,7175,webb:issue:7175,00844,GREATIME INTL,2011-11-24,2017-06-29,EXACT,webbsite_full.sqlite/shortnames,2
webb_ccass,7176,webb:issue:7176,06823,HKT-SS,2011-11-29,,EXACT,webbsite_full.sqlite/shortnames,1
webb_ccass,7181,webb:issue:7181,01023,SITOY GROUP,2011-12-06,,EXACT,webbsite_full.sqlite/shortnames,1
webb_ccass,7185,webb:issue:7185,06388,TPR-DRS-RS,2011-12-01,2018-03-02,EXACT,webbsite_full.sqlite/shortnames,2
webb_ccass,7198,webb:issue:7198,01262;02958,LABIXIAOXIN,2011-12-09,2024-07-26,AMBIGUOUS,webbsite_full.sqlite/shortnames,6
webb_ccass,7206,webb:issue:7206,02121,FIRST CHEM,2011-12-09,2020-03-23,EXACT,webbsite_full.sqlite/shortnames,1
webb_ccass,7214,webb:issue:7214,08215;08372;08392,FIRST CREDIT,2011-12-13,2016-01-19,AMBIGUOUS,webbsite_full.sqlite/shortnames,9
webb_ccass,7215,webb:issue:7215,06880,TEMPUS HOLD,2011-12-13,2025-01-03,EXACT,webbsite_full.sqlite/shortnames,2
webb_ccass,7234,webb:issue:7234,02133;02902,GREENWAY MINING,2011-12-14,2023-04-25,AMBIGUOUS,webbsite_full.sqlite/shortnames,6
webb_ccass,7236,webb:issue:7236,01293,GRAND BAOXIN,2011-12-14,2017-05-10,EXACT,webbsite_full.sqlite/shortnames,2
webb_ccass,7240,webb:issue:7240,01336,NCI,2011-12-15,,EXACT,webbsite_full.sqlite/shortnames,1
webb_ccass,7241,webb:issue:7241,01929,CHOW TAI FOOK,2011-12-15,,EXACT,webbsite_full.sqlite/shortnames,1
webb_ccass,7262,webb:issue:7262,01298,YUNNAN ENERGY,2011-12-21,2018-12-12,EXACT,webbsite_full.sqlite/shortnames,2
webb_ccass,7274,webb:issue:7274,01296,GUODIAN TECH,2011-12-30,2022-05-30,EXACT,webbsite_full.sqlite/shortnames,1
webb_ccass,7281,webb:issue:7281,02969;03778,CHINA WEAVING,2011-12-22,2025-12-16,AMBIGUOUS,webbsite_full.sqlite/shortnames,5
webb_ccass,7284,webb:issue:7284,01830;02950,PERFECT MEDICAL,2012-02-10,2021-08-05,AMBIGUOUS,webbsite_full.sqlite/shortnames,5
webb_ccass,7285,webb:issue:7285,01251,SPT ENERGY,2011-12-23,,EXACT,webbsite_full.sqlite/shortnames,1
webb_ccass,7288,webb:issue:7288,01252,CHINA TIANRUI,2011-12-23,,EXACT,webbsite_full.sqlite/shortnames,1
webb_ccass,7292,webb:issue:7292,08246;08381,ZHONGHUA GAS,2011-12-30,2018-09-19,AMBIGUOUS,webbsite_full.sqlite/shortnames,7
webb_ccass,7296,webb:issue:7296,01263,PC PARTNER,2012-01-12,,EXACT,webbsite_full.sqlite/shortnames,1
webb_ccass,7303,webb:issue:7303,01303,HUILI RES,2012-01-12,,EXACT,webbsite_full.sqlite/shortnames,1
webb_ccass,7304,webb:issue:7304,08090;08379,CHI ASSURANCE,2012-01-06,2021-03-12,AMBIGUOUS,webbsite_full.sqlite/shortnames,4
webb_ccass,7305,webb:issue:7305,01315;02923;02967,GREEN ECONOMY,2012-01-18,2023-05-18,AMBIGUOUS,webbsite_full.sqlite/shortnames,10
webb_ccass,7307,webb:issue:7307,08031;08375,ETS GROUP,2012-01-09,2014-02-28,AMBIGUOUS,webbsite_full.sqlite/shortnames,4
webb_ccass,7308,webb:issue:7308,01803;02909,BJ SPORTS & ENT,2012-01-16,2016-06-30,AMBIGUOUS,webbsite_full.sqlite/shortnames,7
webb_ccass,7310,webb:issue:7310,06830,HUAZHONG IN-V,2012-01-12,2015-01-28,EXACT,webbsite_full.sqlite/shortnames,2
webb_ccass,7311,webb:issue:7311,01281;02923,XINDA INV HLDGS,2012-01-12,2022-08-16,AMBIGUOUS,webbsite_full.sqlite/shortnames,7
webb_ccass,7312,webb:issue:7312,01312;02922,KONTA CHINA,2012-01-18,2022-09-23,AMBIGUOUS,webbsite_full.sqlite/shortnames,7
webb_ccass,7313,webb:issue:7313,08242,GSN CORP,2012-01-19,2022-05-04,EXACT,webbsite_full.sqlite/shortnames,3
webb_ccass,7334,webb:issue:7334,03054,MR ASIA CON ETF,2012-01-27,2017-12-29,EXACT,webbsite_full.sqlite/shortnames,3
webb_ccass,7335,webb:issue:7335,03056,MR GL CON ETF,2012-01-27,2019-01-07,EXACT,webbsite_full.sqlite/shortnames,3
webb_ccass,7345,webb:issue:7345,03026,X DBAUDCASH,2012-01-12,2017-09-19,EXACT,webbsite_full.sqlite/shortnames,1
webb_ccass,7346,webb:issue:7346,03045,X DBMSCIINDIA,2012-01-12,2017-09-19,EXACT,webbsite_full.sqlite/shortnames,1
webb_ccass,7348,webb:issue:7348,03055,TRMSCICHINA,2012-01-12,2021-12-08,EXACT,webbsite_full.sqlite/shortnames,3
webb_ccass,7349,webb:issue:7349,03082,TRMSCIMALAY,2012-01-12,2021-12-08,EXACT,webbsite_full.sqlite/shortnames,3
webb_ccass,7350,webb:issue:7350,03092,TRMSCITHAI,2012-01-12,2021-12-08,EXACT,webbsite_full.sqlite/shortnames,3
webb_ccass,7351,webb:issue:7351,03099,X TRMSCIINDO,2012-01-12,2021-12-08,EXACT,webbsite_full.sqlite/shortnames,2
webb_ccass,7460,webb:issue:7460,02119,TSIT WING INTL,2018-05-11,,EXACT,webbsite_full.sqlite/shortnames,1
webb_ccass,8475,webb:issue:8475,83168,HS RMB GOLD ETF,2012-02-14,,EXACT,webbsite_full.sqlite/shortnames,1
webb_ccass,8773,webb:issue:8773,03070,PING AN HKDIV,2012-02-15,,EXACT,webbsite_full.sqlite/shortnames,1
webb_ccass,8782,webb:issue:8782,01210,CHRISTINE,2012-02-23,2024-12-27,EXACT,webbsite_full.sqlite/shortnames,1
webb_ccass,8787,webb:issue:8787,01266,XIWANG STEEL,2012-02-23,2025-03-31,EXACT,webbsite_full.sqlite/shortnames,1
webb_ccass,8859,webb:issue:8859,02012;02981,SUNSHINE OIL,2012-03-01,2020-04-01,AMBIGUOUS,webbsite_full.sqlite/shortnames,5
webb_ccass,9004,webb:issue:9004,01699;02913,PUTIAN FOOD,2012-07-13,2025-09-11,AMBIGUOUS,webbsite_full.sqlite/shortnames,5
webb_ccass,9089,webb:issue:9089,01300,TRIGIANT,2012-03-19,,EXACT,webbsite_full.sqlite/shortnames,1
webb_ccass,9110,webb:issue:9110,00649,POLY CAP W1403,2012-03-13,2014-03-10,EXACT,webbsite_full.sqlite/shortnames,2
webb_ccass,9154,webb:issue:9154,01277,KINETIC DEV,2012-03-23,2021-12-03,EXACT,webbsite_full.sqlite/shortnames,2
webb_ccass,9194,webb:issue:9194,01260,WONDERFUL SKY,2012-03-30,,EXACT,webbsite_full.sqlite/shortnames,1
webb_ccass,9200,webb:issue:9200,01322;02902,CW GROUP HOLD,2012-04-13,2020-10-12,AMBIGUOUS,webbsite_full.sqlite/shortnames,4
webb_ccass,9208,webb:issue:9208,01329,CAPITAL GRAND,2012-04-02,2025-01-28,EXACT,webbsite_full.sqlite/shortnames,3
webb_ccass,9240,webb:issue:9240,01613;02954;02986;02999,SYNERTONE,2012-04-18,2023-02-03,AMBIGUOUS,webbsite_full.sqlite/shortnames,13
webb_ccass,9244,webb:issue:9244,01366,JIANGNAN GP,2012-04-20,2023-05-23,EXACT,webbsite_full.sqlite/shortnames,1
webb_ccass,9245,webb:issue:9245,00863;02912;08219,OSL GROUP,2012-04-27,2024-02-05,AMBIGUOUS,webbsite_full.sqlite/shortnames,7
webb_ccass,9247,webb:issue:9247,02623;02918;02973,ADD NEW ENERGY,2012-04-27,2023-06-14,AMBIGUOUS,webbsite_full.sqlite/shortnames,10
webb_ccass,9249,webb:issue:9249,01067,CHEUKNANG W1304,2012-04-23,2013-04-22,EXACT,webbsite_full.sqlite/shortnames,1
webb_ccass,9253,webb:issue:9253,08030;08582,FENGYINHE,2012-05-07,2025-11-19,AMBIGUOUS,webbsite_full.sqlite/shortnames,5
webb_ccass,9272,webb:issue:9272,01307,EAGLERIDE W1404,2012-05-02,2014-04-30,EXACT,webbsite_full.sqlite/shortnames,2
webb_ccass,9331,webb:issue:9331,01522;08240,BII TRANS TECH,2012-05-16,2017-08-24,DATE_BOUNDED,webbsite_full.sqlite/shortnames,3
webb_ccass,9405,webb:issue:9405,03060,VALUE TW ETF,2012-05-28,2020-02-17,EXACT,webbsite_full.sqlite/shortnames,1
webb_ccass,9406,webb:issue:9406,03041,VALUE KOREA ETF,2012-05-28,2020-02-17,EXACT,webbsite_full.sqlite/shortnames,1
webb_ccass,9407,webb:issue:9407,03084,VALUE JAPAN ETF,2012-05-28,2020-02-17,EXACT,webbsite_full.sqlite/shortnames,1
webb_ccass,9420,webb:issue:9420,03669,YONGDA AUTO,2012-07-12,,EXACT,webbsite_full.sqlite/shortnames,1
webb_ccass,9473,webb:issue:9473,00968,XINYI SOLAR,2013-12-12,,EXACT,webbsite_full.sqlite/shortnames,1
webb_ccass,9474,webb:issue:9474,03613;08138,TONGRENTANGCM,2013-05-07,2018-05-29,DATE_BOUNDED,webbsite_full.sqlite/shortnames,2
webb_ccass,9484,webb:issue:9484,00695,DONGWU CEMENT,2012-06-13,,EXACT,webbsite_full.sqlite/shortnames,1
webb_ccass,9500,webb:issue:9500,06168;08232;08383,U-TON FUTURE,2012-06-12,2023-05-02,AMBIGUOUS,webbsite_full.sqlite/shortnames,6
webb_ccass,9503,webb:issue:9503,03663,XIEZHONG INTL,2012-06-18,2021-07-08,EXACT,webbsite_full.sqlite/shortnames,1
webb_ccass,9521,webb:issue:9521,00807,SIICENVIRONMENT,2018-03-23,,EXACT,webbsite_full.sqlite/shortnames,1
webb_ccass,9548,webb:issue:9548,00816,HUADIAN FUXIN,2012-06-28,2020-09-29,EXACT,webbsite_full.sqlite/shortnames,1
webb_ccass,9569,webb:issue:9569,01258,CHINFMINING,2012-06-29,,EXACT,webbsite_full.sqlite/shortnames,1
webb_ccass,9601,webb:issue:9601,02068,CHALIECO,2012-07-06,,EXACT,webbsite_full.sqlite/shortnames,1
webb_ccass,9605,webb:issue:9605,01237;02903;02956,CH ENV TECH&BIO,2012-07-06,2024-02-06,AMBIGUOUS,webbsite_full.sqlite/shortnames,10
webb_ccass,9615,webb:issue:9615,01659;08261;08382;08398,HAITIAN ENERGY,2012-07-06,2020-12-07,AMBIGUOUS,webbsite_full.sqlite/shortnames,11
webb_ccass,9620,webb:issue:9620,03668,YANCOAL AUS,2018-12-06,,EXACT,webbsite_full.sqlite/shortnames,1
webb_ccass,9621,webb:issue:9621,02979;03939,WANGUO GOLD-NEW,2012-07-10,2025-12-09,AMBIGUOUS,webbsite_full.sqlite/shortnames,5
webb_ccass,9622,webb:issue:9622,01332;02917;02944,TOUYUN BIOTECH,2012-07-12,2021-05-26,AMBIGUOUS,webbsite_full.sqlite/shortnames,13
webb_ccass,9629,webb:issue:9629,01335;02991,SHEEN TAI,2012-07-13,2015-11-04,AMBIGUOUS,webbsite_full.sqlite/shortnames,5
webb_ccass,9630,webb:issue:9630,01190,BOLINA,2012-07-13,2021-03-10,EXACT,webbsite_full.sqlite/shortnames,1
webb_ccass,9633,webb:issue:9633,01616,A METAVERSE,2012-07-12,2022-03-16,EXACT,webbsite_full.sqlite/shortnames,3
webb_ccass,9646,webb:issue:9646,83188,CAM CSI300-R,2012-07-17,,EXACT,webbsite_full.sqlite/shortnames,1
webb_ccass,9647,webb:issue:9647,02911;03966;08146,CH BAOFENG INTL,2012-07-20,2020-09-08,AMBIGUOUS,webbsite_full.sqlite/shortnames,6
webb_ccass,9702,webb:issue:9702,06889,DYNAM JAPAN,2012-08-06,,EXACT,webbsite_full.sqlite/shortnames,1
webb_ccass,9733,webb:issue:9733,01468;02977;08168,JAKOTA CAPITAL,2012-08-24,2025-11-07,AMBIGUOUS,webbsite_full.sqlite/shortnames,8
webb_ccass,9753,webb:issue:9753,82822,CSOP A50 ETF-R,2012-08-28,,EXACT,webbsite_full.sqlite/shortnames,1
webb_ccass,9754,webb:issue:9754,83100,EFUND CSI300-R,2012-08-27,2023-05-05,EXACT,webbsite_full.sqlite/shortnames,2
webb_ccass,9788,webb:issue:9788,02824,LIPPO HK&M PROP,2012-09-26,2022-02-14,EXACT,webbsite_full.sqlite/shortnames,1
webb_ccass,9859,webb:issue:9859,01240,CNQC INT'L,2012-10-18,2014-09-19,EXACT,webbsite_full.sqlite/shortnames,2
webb_ccass,9860,webb:issue:9860,03816,KFM KINGDOM,2012-10-15,,EXACT,webbsite_full.sqlite/shortnames,1
webb_ccass,9865,webb:issue:9865,83118,HGI MSCI CN A-R,2012-10-12,,EXACT,webbsite_full.sqlite/shortnames,1
webb_ccass,9866,webb:issue:9866,03118,HGI MSCI CN A,2012-10-12,,EXACT,webbsite_full.sqlite/shortnames,1
webb_ccass,9886,webb:issue:9886,01326;02920;08039,TRANSMIT ENT,2012-10-31,2018-04-13,AMBIGUOUS,webbsite_full.sqlite/shortnames,7
webb_ccass,9924,webb:issue:9924,02196,FOSUN PHARMA,2012-10-30,,EXACT,webbsite_full.sqlite/shortnames,1
webb_ccass,9949,webb:issue:9949,03188,CAM CSI300,2012-10-26,,EXACT,webbsite_full.sqlite/shortnames,1
webb_ccass,9990,webb:issue:9990,80737,BAY AREA DEV-R,2012-10-29,2019-06-19,EXACT,webbsite_full.sqlite/shortnames,2
webb_ccass,10009,webb:issue:10009,02822,CSOP A50 ETF,2012-11-08,,EXACT,webbsite_full.sqlite/shortnames,1
webb_ccass,10012,webb:issue:10012,03100,EFUND CSI300,2012-11-09,2023-05-05,EXACT,webbsite_full.sqlite/shortnames,2
webb_ccass,10109,webb:issue:10109,00884,CIFI HOLD GP,2012-11-23,,EXACT,webbsite_full.sqlite/shortnames,1
webb_ccass,10111,webb:issue:10111,02223,CASABLANCA,2012-11-23,,EXACT,webbsite_full.sqlite/shortnames,1
webb_ccass,10133,webb:issue:10133,01314,TSUI WAH HLDG,2012-11-26,,EXACT,webbsite_full.sqlite/shortnames,1
webb_ccass,10144,webb:issue:10144,01030,SEAZEN,2012-11-29,2019-11-22,EXACT,webbsite_full.sqlite/shortnames,2
webb_ccass,10160,webb:issue:10160,00564,ZCZL,2012-12-05,2025-11-14,EXACT,webbsite_full.sqlite/shortnames,2
webb_ccass,10165,webb:issue:10165,01339,PICC GROUP,2012-12-07,,EXACT,webbsite_full.sqlite/shortnames,1
webb_ccass,10173,webb:issue:10173,01908;02939;08291,C&D INTL GROUP,2012-12-14,2018-06-08,AMBIGUOUS,webbsite_full.sqlite/shortnames,6
webb_ccass,10241,webb:issue:10241,01829,CMEC,2012-12-21,2021-08-06,EXACT,webbsite_full.sqlite/shortnames,1
webb_ccass,10285,webb:issue:10285,00815,CHI SILVER GP,2012-12-28,,EXACT,webbsite_full.sqlite/shortnames,1
webb_ccass,10286,webb:issue:10286,02236,WISON ENGRG,2012-12-28,,EXACT,webbsite_full.sqlite/shortnames,1
webb_ccass,10308,webb:issue:10308,01350,HKRH W1801,2013-02-01,2018-01-31,EXACT,webbsite_full.sqlite/shortnames,1
webb_ccass,10368,webb:issue:10368,01232;02980,GW TIANDI,2013-01-16,2025-06-24,AMBIGUOUS,webbsite_full.sqlite/shortnames,5
webb_ccass,10369,webb:issue:10369,00540,SPEEDY GLOBAL,2013-01-15,,EXACT,webbsite_full.sqlite/shortnames,1
webb_ccass,10410,webb:issue:10410,01348;02936,QUALI-SMART,2013-01-23,2016-02-22,AMBIGUOUS,webbsite_full.sqlite/shortnames,5
webb_ccass,10504,webb:issue:10504,03668,CHINALCO-CMC,2013-01-31,2017-03-16,EXACT,webbsite_full.sqlite/shortnames,1
webb_ccass,10525,webb:issue:10525,02078,PANASIALUM,2013-02-05,,EXACT,webbsite_full.sqlite/shortnames,1
webb_ccass,10526,webb:issue:10526,02033,TIME WATCH,2013-02-05,,EXACT,webbsite_full.sqlite/shortnames,1
webb_ccass,10534,webb:issue:10534,03329,BOCOM INTL,2017-05-19,,EXACT,webbsite_full.sqlite/shortnames,1
webb_ccass,10540,webb:issue:10540,08072;08377;08383;08557;08582;08591,ROMA META GROUP,2013-02-25,2024-10-07,AMBIGUOUS,webbsite_full.sqlite/shortnames,22
webb_ccass,10581,webb:issue:10581,02178,PETRO-KING,2013-03-06,,EXACT,webbsite_full.sqlite/shortnames,1
webb_ccass,10582,webb:issue:10582,01319,OIWAHPAWN,2013-03-12,,EXACT,webbsite_full.sqlite/shortnames,1
webb_ccass,10583,webb:issue:10583,00864,WING LEE PPT,2013-03-19,,EXACT,webbsite_full.sqlite/shortnames,1
webb_ccass,10587,webb:issue:10587,01148,POWER XINCHEN,2013-03-13,,EXACT,webbsite_full.sqlite/shortnames,1
webb_ccass,10708,webb:issue:10708,08260,YIN HE HLDGS,2013-04-10,2022-07-25,EXACT,webbsite_full.sqlite/shortnames,2
webb_ccass,10709,webb:issue:10709,03016,TRMSCIPHIL,2013-04-11,2021-12-08,EXACT,webbsite_full.sqlite/shortnames,3
webb_ccass,10710,webb:issue:10710,03065,TRMSCISG,2013-04-11,2021-12-08,EXACT,webbsite_full.sqlite/shortnames,3
webb_ccass,10711,webb:issue:10711,03106,X DBMSCIPAKIST,2013-04-11,2017-09-19,EXACT,webbsite_full.sqlite/shortnames,1
webb_ccass,10712,webb:issue:10712,03105,X DBMSCIBANGLA,2013-04-11,2017-09-19,EXACT,webbsite_full.sqlite/shortnames,1
webb_ccass,10713,webb:issue:10713,03013,X DBMSCIASIAHDY,2013-04-11,2017-09-19,EXACT,webbsite_full.sqlite/shortnames,1
webb_ccass,10807,webb:issue:10807,02805,VANGUARDASXJP,2013-05-15,2021-10-15,EXACT,webbsite_full.sqlite/shortnames,2
webb_ccass,10809,webb:issue:10809,01673;02903;08276,HUAZHANG TECH,2013-05-16,2015-07-06,AMBIGUOUS,webbsite_full.sqlite/shortnames,5
webb_ccass,10813,webb:issue:10813,06881,CGS,2013-05-22,,EXACT,webbsite_full.sqlite/shortnames,1
webb_ccass,10815,webb:issue:10815,02386,SINOPEC SEG,2013-05-23,,EXACT,webbsite_full.sqlite/shortnames,1
webb_ccass,10825,webb:issue:10825,01042,INT'L STD W1406,2013-06-25,2014-06-24,EXACT,webbsite_full.sqlite/shortnames,2
webb_ccass,10826,webb:issue:10826,01270,LANGHAM-SS,2013-05-30,,EXACT,webbsite_full.sqlite/shortnames,1
webb_ccass,10837,webb:issue:10837,03997;08145,TSO,2013-05-30,2018-03-27,DATE_BOUNDED,webbsite_full.sqlite/shortnames,2
webb_ccass,10860,webb:issue:10860,83136,HGI MSCIA50-R,2013-06-06,2019-11-21,EXACT,webbsite_full.sqlite/shortnames,1
webb_ccass,10861,webb:issue:10861,03136,HGI MSCIA50,2013-06-06,2019-11-21,EXACT,webbsite_full.sqlite/shortnames,1
webb_ccass,10879,webb:issue:10879,03836,HARMONY AUTO,2013-06-13,,EXACT,webbsite_full.sqlite/shortnames,1
webb_ccass,10880,webb:issue:10880,01369,WUZHOU INT'L,2013-06-13,2020-12-08,EXACT,webbsite_full.sqlite/shortnames,1
webb_ccass,10887,webb:issue:10887,08201;08379;08382;08398;08587,PPS INT'L,2013-06-17,2017-08-31,AMBIGUOUS,webbsite_full.sqlite/shortnames,17
webb_ccass,10888,webb:issue:10888,00944,CHEUKNANG W1406,2013-06-25,2014-06-25,EXACT,webbsite_full.sqlite/shortnames,1
webb_ccass,10890,webb:issue:10890,03040,GX MSCI CHINA,2013-06-17,2019-11-01,EXACT,webbsite_full.sqlite/shortnames,3
webb_ccass,10891,webb:issue:10891,03110,GX HS HIGH DIV,2013-06-17,2019-11-01,EXACT,webbsite_full.sqlite/shortnames,3
webb_ccass,10896,webb:issue:10896,06877;08077,TE HEALTHCARE,2013-07-03,2025-06-02,DATE_BOUNDED,webbsite_full.sqlite/shortnames,4
webb_ccass,10906,webb:issue:10906,06888,FREETECH,2013-06-26,,EXACT,webbsite_full.sqlite/shortnames,1
webb_ccass,10921,webb:issue:10921,01680;02913,MACAU LEGEND,2013-07-05,2025-09-05,AMBIGUOUS,webbsite_full.sqlite/shortnames,5
webb_ccass,10970,webb:issue:10970,02112,GRACE LIFE-TECH,2013-07-03,2022-12-09,EXACT,webbsite_full.sqlite/shortnames,2
webb_ccass,10973,webb:issue:10973,01316,NEXTEER,2013-10-07,,EXACT,webbsite_full.sqlite/shortnames,1
webb_ccass,10978,webb:issue:10978,01275,NEW CENT REIT,2013-07-10,2021-08-31,EXACT,webbsite_full.sqlite/shortnames,1
webb_ccass,10981,webb:issue:10981,01250;02934;02954,SDHS NEW ENERGY,2013-07-05,2023-07-31,AMBIGUOUS,webbsite_full.sqlite/shortnames,11
webb_ccass,10990,webb:issue:10990,01297;02904,SINOSOFT TECH,2013-07-09,2024-03-05,AMBIGUOUS,webbsite_full.sqlite/shortnames,4
webb_ccass,11003,webb:issue:11003,03008,C-SHS CSI 300,2013-07-08,2019-12-31,EXACT,webbsite_full.sqlite/shortnames,1
webb_ccass,11004,webb:issue:11004,83008,C-SHS CSI 300-R,2013-07-08,2019-12-31,EXACT,webbsite_full.sqlite/shortnames,1
webb_ccass,11014,webb:issue:11014,06886,HTSC,2015-06-01,,EXACT,webbsite_full.sqlite/shortnames,1
webb_ccass,11016,webb:issue:11016,06898,CHINA ALUMCAN,2013-07-12,,EXACT,webbsite_full.sqlite/shortnames,1
webb_ccass,11018,webb:issue:11018,01255,TATA HEALTH,2013-07-11,2020-12-02,EXACT,webbsite_full.sqlite/shortnames,2
webb_ccass,11022,webb:issue:11022,01661;02931,CH FRONTIER TEC,2013-07-11,2025-02-06,AMBIGUOUS,webbsite_full.sqlite/shortnames,7
webb_ccass,11023,webb:issue:11023,01107,MODERN LAND,2013-07-12,,EXACT,webbsite_full.sqlite/shortnames,1
webb_ccass,11078,webb:issue:11078,01249;02986,TONLY ELEC,2013-08-15,2021-03-09,AMBIGUOUS,webbsite_full.sqlite/shortnames,4
webb_ccass,11084,webb:issue:11084,01271;02950,GRAND MING,2013-08-09,2014-10-15,AMBIGUOUS,webbsite_full.sqlite/shortnames,4
webb_ccass,11093,webb:issue:11093,08310,YANCHENG PORT,2013-08-22,2025-03-31,EXACT,webbsite_full.sqlite/shortnames,3
webb_ccass,11100,webb:issue:11100,02183,SANSHENG HLDG,2013-09-12,2023-12-27,EXACT,webbsite_full.sqlite/shortnames,2
webb_ccass,11138,webb:issue:11138,83180,CAM CES A80-R,2013-08-26,2020-02-26,EXACT,webbsite_full.sqlite/shortnames,1
webb_ccass,11139,webb:issue:11139,03180,CAM CES A80,2013-08-26,2020-02-26,EXACT,webbsite_full.sqlite/shortnames,1
webb_ccass,11145,webb:issue:11145,08135,ZMFY GLASS,2013-09-03,2023-05-16,EXACT,webbsite_full.sqlite/shortnames,1
webb_ccass,11149,webb:issue:11149,02920;02970;02985;03638;08036,HUNLICAR GROUP,2013-09-09,2024-11-08,AMBIGUOUS,webbsite_full.sqlite/shortnames,16
webb_ccass,11160,webb:issue:11160,01219,TENWOW INT'L,2013-09-17,2020-11-13,EXACT,webbsite_full.sqlite/shortnames,1
webb_ccass,11188,webb:issue:11188,03137,CSOP CES A80,2013-09-23,2019-05-31,EXACT,webbsite_full.sqlite/shortnames,1
webb_ccass,11189,webb:issue:11189,83137,CSOP CES A80-R,2013-09-23,2019-05-31,EXACT,webbsite_full.sqlite/shortnames,1
webb_ccass,11195,webb:issue:11195,01373,IH RETAIL,2013-09-25,,EXACT,webbsite_full.sqlite/shortnames,1
webb_ccass,11202,webb:issue:11202,06863,HUISHAN DAIRY,2013-09-27,2019-12-23,EXACT,webbsite_full.sqlite/shortnames,1
webb_ccass,11212,webb:issue:11212,01273,HK FINANCE GP,2013-10-02,,EXACT,webbsite_full.sqlite/shortnames,1
webb_ccass,11215,webb:issue:11215,08018;08376;08381;08400;08561,FINSOFT FIN,2013-09-26,2021-08-02,AMBIGUOUS,webbsite_full.sqlite/shortnames,18
webb_ccass,11234,webb:issue:11234,00484,FORGAME,2013-10-03,,EXACT,webbsite_full.sqlite/shortnames,1
webb_ccass,11258,webb:issue:11258,02393;02906,YESTAR HEALTH,2013-10-11,2017-02-03,AMBIGUOUS,webbsite_full.sqlite/shortnames,6
webb_ccass,11279,webb:issue:11279,08218;08378;08559,ECHO INT HOLD,2013-10-11,2020-09-07,AMBIGUOUS,webbsite_full.sqlite/shortnames,9
webb_ccass,11280,webb:issue:11280,08101;08391;08569,EJE HOLDINGS,2013-10-15,2022-12-21,AMBIGUOUS,webbsite_full.sqlite/shortnames,10
webb_ccass,11281,webb:issue:11281,00932;02912;08185,SHUNTEN INTL,2013-10-11,2018-02-06,AMBIGUOUS,webbsite_full.sqlite/shortnames,7
webb_ccass,11282,webb:issue:11282,08181,KS SMART MGMT,2013-10-11,2025-03-27,EXACT,webbsite_full.sqlite/shortnames,4
webb_ccass,11283,webb:issue:11283,01246;02945;02969;02997,BOILLHEALTHCARE,2013-10-16,2020-10-23,AMBIGUOUS,webbsite_full.sqlite/shortnames,14
webb_ccass,11284,webb:issue:11284,02023,CHINA LUDAO,2013-10-11,,EXACT,webbsite_full.sqlite/shortnames,1
webb_ccass,11285,webb:issue:11285,00401;02970,WANJIA GROUP,2013-10-11,2020-02-26,AMBIGUOUS,webbsite_full.sqlite/shortnames,5
webb_ccass,11402,webb:issue:11402,00799;08002,IGG,2013-10-18,2015-07-07,DATE_BOUNDED,webbsite_full.sqlite/shortnames,2
webb_ccass,11404,webb:issue:11404,83120,EFUND CES 120-R,2013-10-21,2019-11-04,EXACT,webbsite_full.sqlite/shortnames,1
webb_ccass,11405,webb:issue:11405,03120,EFUND CES 120,2013-10-21,2019-11-04,EXACT,webbsite_full.sqlite/shortnames,1
webb_ccass,11416,webb:issue:11416,01372;02939,C CARBONNEUTRAL,2013-12-11,2021-05-03,AMBIGUOUS,webbsite_full.sqlite/shortnames,6
webb_ccass,11417,webb:issue:11417,02030,CABBEEN,2013-10-28,,EXACT,webbsite_full.sqlite/shortnames,1
webb_ccass,11418,webb:issue:11418,01290,CHINA HUIRONG,2013-10-28,,EXACT,webbsite_full.sqlite/shortnames,1
webb_ccass,11424,webb:issue:11424,01396;02963;02974,GD-HKGBA HLDGS,2013-10-31,2025-12-15,AMBIGUOUS,webbsite_full.sqlite/shortnames,9
webb_ccass,11425,webb:issue:11425,02908;02950;06108;08180,NEW RAY MEDIC,2013-10-25,2025-08-26,AMBIGUOUS,webbsite_full.sqlite/shortnames,10
webb_ccass,11428,webb:issue:11428,01862,JINGRUI HLDGS,2013-10-31,,EXACT,webbsite_full.sqlite/shortnames,1
webb_ccass,11431,webb:issue:11431,00153,CHINA SAITE,2013-11-01,2022-11-16,EXACT,webbsite_full.sqlite/shortnames,1
webb_ccass,11433,webb:issue:11433,01345,SH PIONEER HLDG,2013-11-05,2022-11-23,EXACT,webbsite_full.sqlite/shortnames,2
webb_ccass,11449,webb:issue:11449,01963,BCQ,2013-11-06,,EXACT,webbsite_full.sqlite/shortnames,1
webb_ccass,11450,webb:issue:11450,01360;02988,NOVA GROUP,2013-11-06,2025-08-07,AMBIGUOUS,webbsite_full.sqlite/shortnames,6
webb_ccass,11453,webb:issue:11453,01358,PW MEDTECH,2013-11-08,,EXACT,webbsite_full.sqlite/shortnames,1
webb_ccass,11456,webb:issue:11456,83081,VALUEGOLD ETF-R,2013-11-29,,EXACT,webbsite_full.sqlite/shortnames,1
webb_ccass,11458,webb:issue:11458,03623,C SUCCESS FIN,2013-11-13,,EXACT,webbsite_full.sqlite/shortnames,1
webb_ccass,11459,webb:issue:11459,00434,BOYAA,2013-11-12,,EXACT,webbsite_full.sqlite/shortnames,1
webb_ccass,11473,webb:issue:11473,03698,HUISHANG BANK,2013-11-12,,EXACT,webbsite_full.sqlite/shortnames,1
webb_ccass,11474,webb:issue:11474,00854;02954,WILLAS-ARRAY,2013-12-06,2015-09-22,AMBIGUOUS,webbsite_full.sqlite/shortnames,5
webb_ccass,11502,webb:issue:11502,03128,HS AINDTOPETF,2013-11-26,,EXACT,webbsite_full.sqlite/shortnames,1
webb_ccass,11503,webb:issue:11503,83128,HS AINDTOPETF-R,2013-11-26,,EXACT,webbsite_full.sqlite/shortnames,1
webb_ccass,11505,webb:issue:11505,08326;08391,TK NEW ENERGY,2013-11-21,2016-05-16,AMBIGUOUS,webbsite_full.sqlite/shortnames,5
webb_ccass,11508,webb:issue:11508,01431,YST DAIRY,2013-11-26,,EXACT,webbsite_full.sqlite/shortnames,1
webb_ccass,11544,webb:issue:11544,03608,YONGSHENG MAT,2013-11-27,2024-02-07,EXACT,webbsite_full.sqlite/shortnames,1
webb_ccass,11546,webb:issue:11546,03386,DONGPENG HLDG,2013-12-09,2016-06-23,EXACT,webbsite_full.sqlite/shortnames,1
webb_ccass,11547,webb:issue:11547,01515,CR MEDICAL,2013-11-29,2018-10-11,EXACT,webbsite_full.sqlite/shortnames,3
webb_ccass,11548,webb:issue:11548,01370,AOWEI HOLDING,2013-11-28,2018-01-09,EXACT,webbsite_full.sqlite/shortnames,2
webb_ccass,11550,webb:issue:11550,01884,EPRINT GROUP,2013-12-03,,EXACT,webbsite_full.sqlite/shortnames,1
webb_ccass,11553,webb:issue:11553,03315,GOLDPAC GROUP,2013-12-04,,EXACT,webbsite_full.sqlite/shortnames,1
webb_ccass,11555,webb:issue:11555,01268,MEIDONG AUTO,2013-12-05,,EXACT,webbsite_full.sqlite/shortnames,1
webb_ccass,11559,webb:issue:11559,01426,SPRING REIT,2013-12-05,,EXACT,webbsite_full.sqlite/shortnames,1
webb_ccass,11561,webb:issue:11561,00636,KLN,2013-12-19,2025-04-29,EXACT,webbsite_full.sqlite/shortnames,2
webb_ccass,11576,webb:issue:11576,02213;02961,YI HUA HLDG,2013-12-11,2022-03-21,AMBIGUOUS,webbsite_full.sqlite/shortnames,6
webb_ccass,11578,webb:issue:11578,01689;02924,HUAXIHOLDINGS,2013-12-06,2018-03-05,AMBIGUOUS,webbsite_full.sqlite/shortnames,5
webb_ccass,11580,webb:issue:11580,08255,CHINA BINARY,2013-12-04,2022-12-06,EXACT,webbsite_full.sqlite/shortnames,1
webb_ccass,11582,webb:issue:11582,01520;02910;08309,VIRTUAL MIND,2013-12-03,2024-12-30,AMBIGUOUS,webbsite_full.sqlite/shortnames,8
webb_ccass,11586,webb:issue:11586,01483;08107,NET-A-GO TECH,2013-12-10,2021-08-13,DATE_BOUNDED,webbsite_full.sqlite/shortnames,3
webb_ccass,11587,webb:issue:11587,02832,BOSERA STAR50,2013-12-09,2021-02-18,EXACT,webbsite_full.sqlite/shortnames,2
webb_ccass,11588,webb:issue:11588,82832,BOSERA STAR50-R,2013-12-09,2021-02-18,EXACT,webbsite_full.sqlite/shortnames,2
webb_ccass,11594,webb:issue:11594,01233,TIMES CHINA,2013-12-11,2018-02-27,EXACT,webbsite_full.sqlite/shortnames,2
webb_ccass,11599,webb:issue:11599,06099,CMSC,2016-10-07,,EXACT,webbsite_full.sqlite/shortnames,1
webb_ccass,11600,webb:issue:11600,03369,QHD PORT,2013-12-12,,EXACT,webbsite_full.sqlite/shortnames,1
webb_ccass,11602,webb:issue:11602,02211;02975;02988,UNI HEALTH,2013-12-12,2025-07-07,AMBIGUOUS,webbsite_full.sqlite/shortnames,10
webb_ccass,11603,webb:issue:11603,02923;02924;06878;08056,DIFFER GP AUTO,2013-12-09,2024-03-27,AMBIGUOUS,webbsite_full.sqlite/shortnames,11
webb_ccass,11614,webb:issue:11614,01390,ECONTEXT ASIA,2013-12-19,2015-06-04,EXACT,webbsite_full.sqlite/shortnames,1
webb_ccass,11619,webb:issue:11619,01448,FU SHOU YUAN,2013-12-19,,EXACT,webbsite_full.sqlite/shortnames,1
webb_ccass,11621,webb:issue:11621,01681,CONSUN PHARMA,2013-12-19,,EXACT,webbsite_full.sqlite/shortnames,1
webb_ccass,11622,webb:issue:11622,00586,CONCH VENTURE,2013-12-19,,EXACT,webbsite_full.sqlite/shortnames,1
webb_ccass,11623,webb:issue:11623,02905;03380,LOGAN GROUP,2013-12-20,2020-06-18,AMBIGUOUS,webbsite_full.sqlite/shortnames,5
webb_ccass,11625,webb:issue:11625,01819;02912,FUGUINIAO,2013-12-20,2019-11-25,AMBIGUOUS,webbsite_full.sqlite/shortnames,4
webb_ccass,11627,webb:issue:11627,01678,CREATIVE GLOBAL,2013-12-20,2022-07-25,EXACT,webbsite_full.sqlite/shortnames,2
webb_ccass,11636,webb:issue:11636,02283,TK GROUP HLDG,2013-12-20,,EXACT,webbsite_full.sqlite/shortnames,1
webb_ccass,11660,webb:issue:11660,01486;02968;08320,C CHENG HLDGS,2013-12-20,2016-05-24,AMBIGUOUS,webbsite_full.sqlite/shortnames,5
webb_ccass,11663,webb:issue:11663,01421;02914,PROSP GP INTL,2013-12-30,2025-02-20,AMBIGUOUS,webbsite_full.sqlite/shortnames,6
webb_ccass,11666,webb:issue:11666,02971;03313,ARTGO HOLDINGS,2013-12-30,2022-12-02,AMBIGUOUS,webbsite_full.sqlite/shortnames,6
webb_ccass,11687,webb:issue:11687,08191;08557,HONG WEI ASIA,2014-01-08,2022-02-22,AMBIGUOUS,webbsite_full.sqlite/shortnames,5
webb_ccass,11688,webb:issue:11688,01439,MOBILE INTERNET,2014-01-13,2024-08-14,EXACT,webbsite_full.sqlite/shortnames,2
webb_ccass,11690,webb:issue:11690,08001;08551,ORIENTSEC INT,2014-01-15,2025-11-17,AMBIGUOUS,webbsite_full.sqlite/shortnames,5
webb_ccass,11691,webb:issue:11691,01885;08099,CH WOOD OPT,2014-01-06,2023-05-16,DATE_BOUNDED,webbsite_full.sqlite/shortnames,2
webb_ccass,11693,webb:issue:11693,01353,NUOQI,2014-01-09,2021-02-08,EXACT,webbsite_full.sqlite/shortnames,1
webb_ccass,11694,webb:issue:11694,01738;02993,FS ANTHRACITE,2014-01-22,2015-07-07,AMBIGUOUS,webbsite_full.sqlite/shortnames,5
webb_ccass,11695,webb:issue:11695,01247;02998,MIKO INTL,2014-01-15,2021-04-23,AMBIGUOUS,webbsite_full.sqlite/shortnames,5
webb_ccass,11698,webb:issue:11698,03332,SINOLIFE UTD,2014-01-15,,EXACT,webbsite_full.sqlite/shortnames,1
webb_ccass,11700,webb:issue:11700,01389;02914;08209;08389,MAJOR HLDGS,2014-01-10,2024-03-08,AMBIGUOUS,webbsite_full.sqlite/shortnames,10
webb_ccass,11713,webb:issue:11713,02080,AUX INTL,2014-01-23,2015-09-30,EXACT,webbsite_full.sqlite/shortnames,2
webb_ccass,11715,webb:issue:11715,01513,LIVZON PHARMA,2014-01-16,,EXACT,webbsite_full.sqlite/shortnames,1
webb_ccass,11733,webb:issue:11733,02638,HKELECTRIC-SS,2014-01-29,,EXACT,webbsite_full.sqlite/shortnames,1
webb_ccass,11734,webb:issue:11734,01352,STYLAND W1508,2014-02-20,2015-08-19,EXACT,webbsite_full.sqlite/shortnames,1
webb_ccass,11737,webb:issue:11737,02226,HONWORLD GP,2014-01-28,,EXACT,webbsite_full.sqlite/shortnames,1
webb_ccass,11742,webb:issue:11742,09988,BABA-W,2019-11-26,2024-08-28,EXACT,webbsite_full.sqlite/shortnames,2
webb_ccass,11743,webb:issue:11743,01622;02914,REDCO GROUP,2014-01-30,2018-01-30,AMBIGUOUS,webbsite_full.sqlite/shortnames,6
webb_ccass,11747,webb:issue:11747,08311,PERFECT OPT,2014-02-07,,EXACT,webbsite_full.sqlite/shortnames,1
webb_ccass,11880,webb:issue:11880,02997;09901,NEW ORIENTAL-S,2020-11-09,2021-04-19,AMBIGUOUS,webbsite_full.sqlite/shortnames,5
webb_ccass,11881,webb:issue:11881,01636;02966,CMRU,2014-02-21,2025-05-20,AMBIGUOUS,webbsite_full.sqlite/shortnames,5
webb_ccass,11882,webb:issue:11882,06288;06299,FAST RETAIL-DRS,2014-03-05,2023-04-06,AMBIGUOUS,webbsite_full.sqlite/shortnames,5
webb_ccass,11889,webb:issue:11889,03199,ICBCCSOP CGPB,2014-02-19,2022-06-01,EXACT,webbsite_full.sqlite/shortnames,4
webb_ccass,11890,webb:issue:11890,83199,ICBCCSOP CGPB-R,2014-02-19,2022-06-01,EXACT,webbsite_full.sqlite/shortnames,4
webb_ccass,11922,webb:issue:11922,01340,HUISHENG INTL,2014-02-28,,EXACT,webbsite_full.sqlite/shortnames,1
webb_ccass,11931,webb:issue:11931,03636,POLY CULTURE,2014-03-06,2023-11-15,EXACT,webbsite_full.sqlite/shortnames,1
webb_ccass,11944,webb:issue:11944,02608,SUNSHINE 100,2014-03-13,,EXACT,webbsite_full.sqlite/shortnames,1
webb_ccass,11945,webb:issue:11945,02811,HT CSI300 ETF,2014-03-07,2025-03-21,EXACT,webbsite_full.sqlite/shortnames,1
webb_ccass,11946,webb:issue:11946,82811,HT CSI300 ETF-R,2014-03-07,2025-03-21,EXACT,webbsite_full.sqlite/shortnames,1
webb_ccass,11954,webb:issue:11954,02255;02975,HAICHANG HLDG,2014-03-13,2022-12-15,AMBIGUOUS,webbsite_full.sqlite/shortnames,5
webb_ccass,12073,webb:issue:12073,02808,EFUND CG BOND,2014-03-14,2019-05-31,EXACT,webbsite_full.sqlite/shortnames,1
webb_ccass,12074,webb:issue:12074,82808,EFUND CG BOND-R,2014-03-14,2019-05-31,EXACT,webbsite_full.sqlite/shortnames,1
webb_ccass,12109,webb:issue:12109,01441,SHK PPT W1604,2014-04-24,2016-04-25,EXACT,webbsite_full.sqlite/shortnames,1
webb_ccass,12114,webb:issue:12114,00798,CEOVU,2014-03-28,2016-11-09,EXACT,webbsite_full.sqlite/shortnames,2
webb_ccass,12123,webb:issue:12123,06138,HARBIN BANK,2014-03-31,,EXACT,webbsite_full.sqlite/shortnames,1
webb_ccass,12141,webb:issue:12141,02100,BAIOO,2014-04-10,,EXACT,webbsite_full.sqlite/shortnames,1
webb_ccass,12171,webb:issue:12171,01400;02909;02914,MOODY TECH HLDG,2014-04-25,2022-04-13,AMBIGUOUS,webbsite_full.sqlite/shortnames,10
webb_ccass,12222,webb:issue:12222,01771,SUNFONDA GP,2014-05-15,,EXACT,webbsite_full.sqlite/shortnames,1
webb_ccass,12223,webb:issue:12223,03132,C-SHS CSI HLC,2014-05-12,2018-12-14,EXACT,webbsite_full.sqlite/shortnames,1
webb_ccass,12224,webb:issue:12224,83132,C-SHS CSI HLC-R,2014-05-12,2018-12-14,EXACT,webbsite_full.sqlite/shortnames,1
webb_ccass,12225,webb:issue:12225,03107,C-SHS CSI STA,2014-05-12,2018-12-14,EXACT,webbsite_full.sqlite/shortnames,1
webb_ccass,12226,webb:issue:12226,83107,C-SHS CSI STA-R,2014-05-12,2018-12-14,EXACT,webbsite_full.sqlite/shortnames,1
webb_ccass,12244,webb:issue:12244,01397,BAGUIO GREEN,2014-05-22,,EXACT,webbsite_full.sqlite/shortnames,1
webb_ccass,12245,webb:issue:12245,06199,CHINA CNR,2014-05-22,2015-05-21,EXACT,webbsite_full.sqlite/shortnames,1
webb_ccass,12249,webb:issue:12249,02111,BEST PACIFIC,2014-05-23,,EXACT,webbsite_full.sqlite/shortnames,1
webb_ccass,12288,webb:issue:12288,00481,GOLDENMED W1507,2014-08-01,2015-07-31,EXACT,webbsite_full.sqlite/shortnames,1
webb_ccass,12301,webb:issue:12301,02303,HENGXING GOLD,2014-05-29,2021-02-02,EXACT,webbsite_full.sqlite/shortnames,1
webb_ccass,12308,webb:issue:12308,06033;08336;08375,TELECOM DIGIT,2014-05-30,2017-05-10,AMBIGUOUS,webbsite_full.sqlite/shortnames,5
webb_ccass,12309,webb:issue:12309,06198,QINGDAO PORT,2014-06-06,,EXACT,webbsite_full.sqlite/shortnames,1
webb_ccass,12323,webb:issue:12323,03085,VANGUARDAXJHY,2014-06-13,2021-10-15,EXACT,webbsite_full.sqlite/shortnames,2
webb_ccass,12324,webb:issue:12324,03126,VANGUARDJAPAN,2014-06-13,2021-08-02,EXACT,webbsite_full.sqlite/shortnames,2
webb_ccass,12325,webb:issue:12325,03101,VANGUARDDVEUR,2014-06-13,2021-08-02,EXACT,webbsite_full.sqlite/shortnames,2
webb_ccass,12326,webb:issue:12326,03903,HANHUA FIN,2014-06-19,,EXACT,webbsite_full.sqlite/shortnames,1
webb_ccass,12346,webb:issue:12346,02014,OZNER WATER,2014-06-17,2022-12-05,EXACT,webbsite_full.sqlite/shortnames,1
webb_ccass,12397,webb:issue:12397,01330,DYNAGREEN ENV,2014-06-19,,EXACT,webbsite_full.sqlite/shortnames,1
webb_ccass,12400,webb:issue:12400,01619,TIANHE CHEM,2014-06-20,2020-06-11,EXACT,webbsite_full.sqlite/shortnames,1
webb_ccass,12404,webb:issue:12404,01375,CC SECURITIES,2014-06-25,,EXACT,webbsite_full.sqlite/shortnames,1
webb_ccass,12405,webb:issue:12405,02956;06128,GRAPHEX GROUP,2014-06-25,2025-05-07,AMBIGUOUS,webbsite_full.sqlite/shortnames,6
webb_ccass,12472,webb:issue:12472,00787;02921,GLOBAL BRANDS,2014-07-09,2022-07-25,AMBIGUOUS,webbsite_full.sqlite/shortnames,5
webb_ccass,12473,webb:issue:12473,06139,JINMAO HOTEL-SS,2014-07-02,2020-10-05,EXACT,webbsite_full.sqlite/shortnames,2
webb_ccass,12474,webb:issue:12474,01321,CHINA NEWCITY,2014-07-10,,EXACT,webbsite_full.sqlite/shortnames,1
webb_ccass,12475,webb:issue:12475,01778,COLOUR LIFE,2014-06-30,,EXACT,webbsite_full.sqlite/shortnames,1
webb_ccass,12483,webb:issue:12483,01588,CHANJET,2014-06-26,,EXACT,webbsite_full.sqlite/shortnames,1
webb_ccass,12486,webb:issue:12486,02298,COSMO LADY,2014-06-26,,EXACT,webbsite_full.sqlite/shortnames,1
webb_ccass,12487,webb:issue:12487,02229,CG DUNXIN,2014-06-26,2019-10-16,EXACT,webbsite_full.sqlite/shortnames,1
webb_ccass,12491,webb:issue:12491,03639,YIDA CHINA,2014-06-27,,EXACT,webbsite_full.sqlite/shortnames,1
webb_ccass,12492,webb:issue:12492,00911;02950;02978;02988;02992,QIANHAI HEALTH,2014-06-27,2024-06-25,AMBIGUOUS,webbsite_full.sqlite/shortnames,18
webb_ccass,12493,webb:issue:12493,02959;03709,EEKA FASHION,2014-06-27,2020-11-24,AMBIGUOUS,webbsite_full.sqlite/shortnames,5
webb_ccass,12495,webb:issue:12495,01626;02988,JIA YAO HLDGS,2014-06-27,2023-12-05,AMBIGUOUS,webbsite_full.sqlite/shortnames,6
webb_ccass,12498,webb:issue:12498,06899,OURGAME,2014-06-30,,EXACT,webbsite_full.sqlite/shortnames,1
webb_ccass,12511,webb:issue:12511,02329,GLORY HEALTH,2014-07-07,2022-08-03,EXACT,webbsite_full.sqlite/shortnames,2
webb_ccass,12512,webb:issue:12512,01446,HUNGFOOKTONG,2014-07-04,,EXACT,webbsite_full.sqlite/shortnames,1
webb_ccass,12518,webb:issue:12518,06136,KANGDA ENV,2014-07-04,,EXACT,webbsite_full.sqlite/shortnames,1
webb_ccass,12519,webb:issue:12519,01450,BE FRIENDS HLDG,2014-07-07,2023-07-11,EXACT,webbsite_full.sqlite/shortnames,2
webb_ccass,12521,webb:issue:12521,01980,TIANGE,2014-07-09,,EXACT,webbsite_full.sqlite/shortnames,1
webb_ccass,12524,webb:issue:12524,01599,UCD,2014-07-08,,EXACT,webbsite_full.sqlite/shortnames,1
webb_ccass,12531,webb:issue:12531,06188,BJ DIGITAL,2014-07-08,,EXACT,webbsite_full.sqlite/shortnames,1
webb_ccass,12562,webb:issue:12562,08237;08379;08596,LINK HOLDINGS,2014-07-07,2025-04-10,AMBIGUOUS,webbsite_full.sqlite/shortnames,9
webb_ccass,12566,webb:issue:12566,08147;08397;08577;08579,MILLENNIUM PG,2014-07-18,2023-08-04,AMBIGUOUS,webbsite_full.sqlite/shortnames,17
webb_ccass,12567,webb:issue:12567,01367,SFUND INTL HLDG,2014-07-11,2022-09-20,EXACT,webbsite_full.sqlite/shortnames,2
webb_ccass,12569,webb:issue:12569,01253;02960;02968,GREEN BROAD,2014-07-21,2025-12-22,AMBIGUOUS,webbsite_full.sqlite/shortnames,11
webb_ccass,12570,webb:issue:12570,01418,SINOMAX GROUP,2014-07-10,,EXACT,webbsite_full.sqlite/shortnames,1
webb_ccass,12572,webb:issue:12572,01856,ERNEST BOREL,2014-07-11,,EXACT,webbsite_full.sqlite/shortnames,1
webb_ccass,12573,webb:issue:12573,01432,CHINA SHENGMU,2014-07-15,,EXACT,webbsite_full.sqlite/shortnames,1
webb_ccass,12574,webb:issue:12574,01848,CALC,2014-07-11,,EXACT,webbsite_full.sqlite/shortnames,1
webb_ccass,12575,webb:issue:12575,02293;02917;08216,BAMBOOSHEALTH,2014-07-08,2022-03-21,AMBIGUOUS,webbsite_full.sqlite/shortnames,5
webb_ccass,12576,webb:issue:12576,02399;02955,CN ANCHU ENERGY,2014-07-16,2022-10-06,AMBIGUOUS,webbsite_full.sqlite/shortnames,6
webb_ccass,12577,webb:issue:12577,06123,YTO INTL EXP,2014-07-11,2022-12-28,EXACT,webbsite_full.sqlite/shortnames,3
webb_ccass,12637,webb:issue:12637,08125;08558;08576;08591,CHINA NEW HLDGS,2014-07-18,2025-03-26,AMBIGUOUS,webbsite_full.sqlite/shortnames,15
webb_ccass,12640,webb:issue:12640,00400,INGDAN,2014-07-18,2022-07-21,EXACT,webbsite_full.sqlite/shortnames,2
webb_ccass,12688,webb:issue:12688,01466;02943;02979;02989,BAIJIN LIFE-32K,2014-10-17,2025-12-08,AMBIGUOUS,webbsite_full.sqlite/shortnames,13
webb_ccass,12694,webb:issue:12694,00288,WH GROUP,2014-08-05,,EXACT,webbsite_full.sqlite/shortnames,1
webb_ccass,12697,webb:issue:12697,08162,LOCO HK,2014-08-05,,EXACT,webbsite_full.sqlite/shortnames,1
webb_ccass,12700,webb:issue:12700,01365,RUNDONG AUTO,2014-08-12,2022-10-31,EXACT,webbsite_full.sqlite/shortnames,3
webb_ccass,12701,webb:issue:12701,08059,GLORY FLAME,2014-08-15,,EXACT,webbsite_full.sqlite/shortnames,1
webb_ccass,12706,webb:issue:12706,06166,CHINA VAST,2014-08-25,2022-12-07,EXACT,webbsite_full.sqlite/shortnames,1
webb_ccass,12707,webb:issue:12707,08315;08390;08551;08553,CEN PLAZA HOTEL,2014-08-20,2024-06-21,AMBIGUOUS,webbsite_full.sqlite/shortnames,16
webb_ccass,12766,webb:issue:12766,02221;02950,NEW CONCEPTS,2014-09-19,2025-11-19,AMBIGUOUS,webbsite_full.sqlite/shortnames,5
webb_ccass,12770,webb:issue:12770,00699,CAR INC,2014-09-19,2021-07-08,EXACT,webbsite_full.sqlite/shortnames,1
webb_ccass,12773,webb:issue:12773,01395,ELL ENV,2014-09-26,,EXACT,webbsite_full.sqlite/shortnames,1
webb_ccass,12774,webb:issue:12774,01285,JIASHILI GP,2014-09-25,,EXACT,webbsite_full.sqlite/shortnames,1
webb_ccass,12797,webb:issue:12797,01403,HKC(HOLD) W1510,2014-10-17,2015-10-16,EXACT,webbsite_full.sqlite/shortnames,1
webb_ccass,12798,webb:issue:12798,01453,CULTURECOMW1609,2014-09-22,2016-09-22,EXACT,webbsite_full.sqlite/shortnames,1
webb_ccass,12802,webb:issue:12802,03127,GX CSI300,2014-09-26,2023-03-22,EXACT,webbsite_full.sqlite/shortnames,3
webb_ccass,12803,webb:issue:12803,83127,GX CSI300-R,2014-09-26,2023-03-22,EXACT,webbsite_full.sqlite/shortnames,3
webb_ccass,12804,webb:issue:12804,01811,CGN NEW ENERGY,2014-10-03,2015-12-07,EXACT,webbsite_full.sqlite/shortnames,2
webb_ccass,12814,webb:issue:12814,08222,E LIGHTING,2014-09-29,,EXACT,webbsite_full.sqlite/shortnames,1
webb_ccass,12824,webb:issue:12824,06116,LA CHAPELLE,2014-10-09,2024-11-14,EXACT,webbsite_full.sqlite/shortnames,1
webb_ccass,12832,webb:issue:12832,02929;02942;03822,SAM WOO CONS,2014-10-16,2025-03-21,AMBIGUOUS,webbsite_full.sqlite/shortnames,9
webb_ccass,12833,webb:issue:12833,06893,HINSANG GROUP,2014-10-16,,EXACT,webbsite_full.sqlite/shortnames,1
webb_ccass,12834,webb:issue:12834,01462;02927,GOLD-FIN HLDG,2014-10-16,2021-03-16,AMBIGUOUS,webbsite_full.sqlite/shortnames,6
webb_ccass,12835,webb:issue:12835,08363,SDM EDUCATION,2014-10-14,2025-11-04,EXACT,webbsite_full.sqlite/shortnames,2
webb_ccass,12850,webb:issue:12850,08195;08386;08387;08585;08590,LEGENDARY EDU,2014-10-10,2023-06-07,AMBIGUOUS,webbsite_full.sqlite/shortnames,19
webb_ccass,12852,webb:issue:12852,01347,HUA HONG SEMI,2014-10-15,,EXACT,webbsite_full.sqlite/shortnames,1
webb_ccass,12870,webb:issue:12870,01291,CHEUKNANG W1511,2014-11-11,2015-11-11,EXACT,webbsite_full.sqlite/shortnames,1
webb_ccass,12884,webb:issue:12884,06118,AUSTAR,2014-11-07,,EXACT,webbsite_full.sqlite/shortnames,1
webb_ccass,12890,webb:issue:12890,01289,SUNLIT SCI,2014-11-11,,EXACT,webbsite_full.sqlite/shortnames,1
webb_ccass,12899,webb:issue:12899,01443,FULUM GP HLDG,2014-11-13,,EXACT,webbsite_full.sqlite/shortnames,1
webb_ccass,12900,webb:issue:12900,01305,WAI CHI HOLD,2014-11-18,,EXACT,webbsite_full.sqlite/shortnames,1
webb_ccass,12907,webb:issue:12907,03141,CAM ASIA IGB,2014-11-13,2021-05-28,EXACT,webbsite_full.sqlite/shortnames,3
webb_ccass,12908,webb:issue:12908,03143,CAM HK BANKS,2014-11-13,2024-03-15,EXACT,webbsite_full.sqlite/shortnames,2
webb_ccass,12909,webb:issue:12909,03145,CAM ASIA HIGHDV,2014-11-13,2021-05-28,EXACT,webbsite_full.sqlite/shortnames,2
webb_ccass,12911,webb:issue:12911,04333,CISCO-T,2010-11-15,,EXACT,webbsite_full.sqlite/shortnames,1
webb_ccass,12930,webb:issue:12930,01407,INT'L STD W1511,2014-11-28,2015-11-27,EXACT,webbsite_full.sqlite/shortnames,1
webb_ccass,12975,webb:issue:12975,03839,CT ENTERPRISE,2015-07-03,,EXACT,webbsite_full.sqlite/shortnames,1
webb_ccass,12986,webb:issue:12986,06882,EGL HOLDINGS,2014-11-28,,EXACT,webbsite_full.sqlite/shortnames,1
webb_ccass,12990,webb:issue:12990,01317;02954,MAPLELEAF EDU,2014-11-28,2018-08-13,AMBIGUOUS,webbsite_full.sqlite/shortnames,5
webb_ccass,12993,webb:issue:12993,01478,Q TECH,2014-12-02,,EXACT,webbsite_full.sqlite/shortnames,1
webb_ccass,12998,webb:issue:12998,01022,FEIYU,2014-12-05,,EXACT,webbsite_full.sqlite/shortnames,1
webb_ccass,13007,webb:issue:13007,06869,YOFC,2014-12-10,,EXACT,webbsite_full.sqlite/shortnames,1
webb_ccass,13009,webb:issue:13009,01480,YAN TAT GROUP,2014-12-08,,EXACT,webbsite_full.sqlite/shortnames,1
webb_ccass,13014,webb:issue:13014,01816,CGN POWER,2014-12-10,,EXACT,webbsite_full.sqlite/shortnames,1
webb_ccass,13023,webb:issue:13023,08170;08575,ALL NATION INTL,2014-12-05,2024-07-19,AMBIGUOUS,webbsite_full.sqlite/shortnames,5
webb_ccass,13024,webb:issue:13024,01669,GIC GROUP,2014-12-12,,EXACT,webbsite_full.sqlite/shortnames,1
webb_ccass,13028,webb:issue:13028,02518,AUTOHOME-S,2021-03-15,,EXACT,webbsite_full.sqlite/shortnames,1
webb_ccass,13037,webb:issue:13037,01438,NIRVANA ASIA,2014-12-17,2016-10-07,EXACT,webbsite_full.sqlite/shortnames,1
webb_ccass,13052,webb:issue:13052,00520,XIABUXIABU,2014-12-17,,EXACT,webbsite_full.sqlite/shortnames,1
webb_ccass,13059,webb:issue:13059,08267,LINEKONG,2014-12-30,,EXACT,webbsite_full.sqlite/shortnames,1
webb_ccass,13065,webb:issue:13065,01958,BAIC MOTOR,2014-12-19,,EXACT,webbsite_full.sqlite/shortnames,1
webb_ccass,13070,webb:issue:13070,03699,WANDA COMM,2014-12-23,2016-09-21,EXACT,webbsite_full.sqlite/shortnames,1
webb_ccass,13086,webb:issue:13086,08307,MEDICSKIN,2014-12-18,,EXACT,webbsite_full.sqlite/shortnames,1
webb_ccass,13113,webb:issue:13113,01381,CANVEST ENV,2014-12-29,2025-06-03,EXACT,webbsite_full.sqlite/shortnames,1
webb_ccass,13114,webb:issue:13114,02277,HUARONG INV,2014-12-29,2020-11-13,EXACT,webbsite_full.sqlite/shortnames,2
webb_ccass,13116,webb:issue:13116,02066,SHENGJINGBANK,2014-12-29,2025-11-21,EXACT,webbsite_full.sqlite/shortnames,1
webb_ccass,13132,webb:issue:13132,01035,BBI LIFE SCI,2014-12-30,2020-06-09,EXACT,webbsite_full.sqlite/shortnames,1
webb_ccass,13186,webb:issue:13186,01392,SKYWAYSEC W1601,2015-01-28,2016-01-27,EXACT,webbsite_full.sqlite/shortnames,2
webb_ccass,13228,webb:issue:13228,08268;08400;08600,SMART CITY DEV,2015-01-08,2021-06-03,AMBIGUOUS,webbsite_full.sqlite/shortnames,10
webb_ccass,13272,webb:issue:13272,02212;02944;02957,FB MINING,2015-01-09,2022-10-11,AMBIGUOUS,webbsite_full.sqlite/shortnames,9
webb_ccass,13308,webb:issue:13308,06866,ZUOLI M-FIN,2015-01-13,,EXACT,webbsite_full.sqlite/shortnames,1
webb_ccass,13324,webb:issue:13324,08067,OUC HOLDINGS,2015-01-16,,EXACT,webbsite_full.sqlite/shortnames,1
webb_ccass,13326,webb:issue:13326,01362,SIS MOBILE,2015-01-15,,EXACT,webbsite_full.sqlite/shortnames,1
webb_ccass,13327,webb:issue:13327,02928;03708,CH SUPPLY CHAIN,2015-01-14,2020-07-28,AMBIGUOUS,webbsite_full.sqlite/shortnames,6
webb_ccass,13344,webb:issue:13344,08139,CHANGAN RH,2015-01-16,,EXACT,webbsite_full.sqlite/shortnames,1
webb_ccass,13346,webb:issue:13346,01993,ASIARAY,2015-01-15,,EXACT,webbsite_full.sqlite/shortnames,1
webb_ccass,13347,webb:issue:13347,06161,TARGET INS,2015-01-15,2023-12-06,EXACT,webbsite_full.sqlite/shortnames,1
webb_ccass,13348,webb:issue:13348,02953;06822,KING'S FLAIR,2015-01-16,2017-05-05,AMBIGUOUS,webbsite_full.sqlite/shortnames,4
webb_ccass,13375,webb:issue:13375,03122,A CSOP RMB MM,2015-01-20,2022-03-07,EXACT,webbsite_full.sqlite/shortnames,3
webb_ccass,13376,webb:issue:13376,83122,A CSOP RMB MM-R,2015-01-20,2022-03-07,EXACT,webbsite_full.sqlite/shortnames,3
webb_ccass,13393,webb:issue:13393,01493,HENGTEN W1702,2015-02-25,2017-02-24,EXACT,webbsite_full.sqlite/shortnames,2
webb_ccass,13394,webb:issue:13394,01436,CH SOFT PWR W16,2015-04-09,2016-04-08,EXACT,webbsite_full.sqlite/shortnames,2
webb_ccass,13444,webb:issue:13444,03021,CSOP MSCI T50,2015-01-28,2018-06-29,EXACT,webbsite_full.sqlite/shortnames,1
webb_ccass,13446,webb:issue:13446,01327;02952;02991,LUXXU GROUP,2015-01-30,2025-04-23,AMBIGUOUS,webbsite_full.sqlite/shortnames,10
webb_ccass,13486,webb:issue:13486,08238;08372;08563;08582,WINTO GROUP,2015-02-16,2025-01-21,AMBIGUOUS,webbsite_full.sqlite/shortnames,13
webb_ccass,13487,webb:issue:13487,01027;02917;02966;02999,CHINA JICHENG,2015-02-13,2020-08-10,AMBIGUOUS,webbsite_full.sqlite/shortnames,18
webb_ccass,13490,webb:issue:13490,08093;08580,WEB3 META,2015-02-12,2025-11-27,AMBIGUOUS,webbsite_full.sqlite/shortnames,7
webb_ccass,13491,webb:issue:13491,03134,F SAM HSIFRF,2015-02-12,2017-09-29,EXACT,webbsite_full.sqlite/shortnames,2
webb_ccass,13492,webb:issue:13492,03124,F SAM HSIF,2015-02-12,2017-09-29,EXACT,webbsite_full.sqlite/shortnames,2
webb_ccass,13501,webb:issue:13501,08277,STEEDORIENTAL,2015-02-23,,EXACT,webbsite_full.sqlite/shortnames,1
webb_ccass,13537,webb:issue:13537,01113,CK ASSET,2015-06-03,2017-09-20,EXACT,webbsite_full.sqlite/shortnames,2
webb_ccass,13611,webb:issue:13611,01858,CHUNLI MEDICAL,2015-03-11,,EXACT,webbsite_full.sqlite/shortnames,1
webb_ccass,13615,webb:issue:13615,01430,SUCHUANG GAS,2015-03-11,2022-08-03,EXACT,webbsite_full.sqlite/shortnames,1
webb_ccass,13618,webb:issue:13618,00442;02903,DOMAINE POWER,2015-03-11,2022-10-03,AMBIGUOUS,webbsite_full.sqlite/shortnames,7
webb_ccass,13619,webb:issue:13619,01310,HKBN,2015-03-12,,EXACT,webbsite_full.sqlite/shortnames,1
webb_ccass,13620,webb:issue:13620,01566,CA CULTURAL,2015-03-12,2020-01-20,EXACT,webbsite_full.sqlite/shortnames,2
webb_ccass,13622,webb:issue:13622,01460;02974;08140;08396,ICO GROUP,2015-03-18,2021-01-14,AMBIGUOUS,webbsite_full.sqlite/shortnames,13
webb_ccass,13630,webb:issue:13630,01539;08105;08392,UNITY GP HLDGS,2015-03-24,2022-10-06,AMBIGUOUS,webbsite_full.sqlite/shortnames,6
webb_ccass,13649,webb:issue:13649,03095,VALUE A SHARE,2015-03-24,2020-12-22,EXACT,webbsite_full.sqlite/shortnames,1
webb_ccass,13650,webb:issue:13650,83095,VALUE A SHARE-R,2015-03-24,2020-12-22,EXACT,webbsite_full.sqlite/shortnames,1
webb_ccass,13651,webb:issue:13651,01415,COWELL,2015-03-31,,EXACT,webbsite_full.sqlite/shortnames,1
webb_ccass,13656,webb:issue:13656,03606,FUYAO GLASS,2015-03-31,,EXACT,webbsite_full.sqlite/shortnames,1
webb_ccass,13679,webb:issue:13679,01559;08305,KWAN ON HLDGS,2015-03-27,2016-08-15,DATE_BOUNDED,webbsite_full.sqlite/shortnames,2
webb_ccass,13682,webb:issue:13682,01245,NIRAKU,2015-04-08,,EXACT,webbsite_full.sqlite/shortnames,1
webb_ccass,13696,webb:issue:13696,01500,INCON,2015-04-16,,EXACT,webbsite_full.sqlite/shortnames,1
webb_ccass,13699,webb:issue:13699,00964,JU TENG W1610,2015-04-16,2016-10-17,EXACT,webbsite_full.sqlite/shortnames,1
webb_ccass,13707,webb:issue:13707,04337;04370,STARBUCKS-T,2010-11-15,2015-05-18,AMBIGUOUS,webbsite_full.sqlite/shortnames,5
webb_ccass,13708,webb:issue:13708,04338,MICROSOFT-T,2010-11-15,,EXACT,webbsite_full.sqlite/shortnames,1
webb_ccass,13709,webb:issue:13709,04336,APPL MATERIAL-T,2010-11-15,,EXACT,webbsite_full.sqlite/shortnames,1
webb_ccass,13710,webb:issue:13710,04335,INTEL-T,2010-11-15,,EXACT,webbsite_full.sqlite/shortnames,1
webb_ccass,13711,webb:issue:13711,04332,AMGEN-T,2010-11-15,,EXACT,webbsite_full.sqlite/shortnames,1
webb_ccass,13744,webb:issue:13744,03161,XIE CHIMER ETF,2015-04-22,2019-07-05,EXACT,webbsite_full.sqlite/shortnames,1
webb_ccass,13776,webb:issue:13776,06826,HAOHAI BIOTEC,2015-04-30,,EXACT,webbsite_full.sqlite/shortnames,1
webb_ccass,13792,webb:issue:13792,08133;08388;08582;08596,JISHENG GP HLDG,2015-04-30,2023-08-21,AMBIGUOUS,webbsite_full.sqlite/shortnames,16
webb_ccass,13808,webb:issue:13808,01470,PROSPER ONE,2015-05-12,2017-11-28,EXACT,webbsite_full.sqlite/shortnames,2
webb_ccass,13945,webb:issue:13945,03150,HGI CSI500,2015-05-21,2019-12-09,EXACT,webbsite_full.sqlite/shortnames,1
webb_ccass,13946,webb:issue:13946,83150,HGI CSI500-R,2015-05-21,2019-12-09,EXACT,webbsite_full.sqlite/shortnames,1
webb_ccass,13991,webb:issue:13991,03147,X CSOPCHINEXT,2015-05-15,2023-08-14,EXACT,webbsite_full.sqlite/shortnames,2
webb_ccass,13992,webb:issue:13992,83147,X CSOPCHINEXT-R,2015-05-15,2023-08-14,EXACT,webbsite_full.sqlite/shortnames,2
webb_ccass,13993,webb:issue:13993,03140,VANGUARDSP500,2015-05-21,2021-08-02,EXACT,webbsite_full.sqlite/shortnames,2
webb_ccass,13994,webb:issue:13994,06839,YUNNAN WATER,2015-05-27,,EXACT,webbsite_full.sqlite/shortnames,1
webb_ccass,14009,webb:issue:14009,01402;08355,I-CONTROL,2015-05-27,2019-12-18,DATE_BOUNDED,webbsite_full.sqlite/shortnames,2
webb_ccass,14011,webb:issue:14011,01301,D&G TECH,2015-05-27,,EXACT,webbsite_full.sqlite/shortnames,1
webb_ccass,14087,webb:issue:14087,08121;08566;08580,GUOEN HOLDINGS,2015-05-29,2024-06-04,AMBIGUOUS,webbsite_full.sqlite/shortnames,10
webb_ccass,14121,webb:issue:14121,01635,DZUG,2016-12-05,,EXACT,webbsite_full.sqlite/shortnames,1
webb_ccass,14124,webb:issue:14124,00804;02923;02969;08097;08395,PINESTONE,2015-06-12,2025-09-22,AMBIGUOUS,webbsite_full.sqlite/shortnames,14
webb_ccass,14130,webb:issue:14130,02972;03919;08038,GOLDENPOWER,2015-06-05,2025-06-17,AMBIGUOUS,webbsite_full.sqlite/shortnames,6
webb_ccass,14137,webb:issue:14137,01530,3SBIO,2015-06-11,,EXACT,webbsite_full.sqlite/shortnames,1
webb_ccass,14145,webb:issue:14145,06183,CH GREENFRESH,2015-06-18,2022-04-04,EXACT,webbsite_full.sqlite/shortnames,1
webb_ccass,14148,webb:issue:14148,00574,PASHUN INT'L,2015-06-19,2017-07-07,EXACT,webbsite_full.sqlite/shortnames,2
webb_ccass,14157,webb:issue:14157,02686,AAG ENERGY,2015-06-23,2023-07-12,EXACT,webbsite_full.sqlite/shortnames,1
webb_ccass,14207,webb:issue:14207,08151,LUXEYINTL W1607,2015-07-14,2016-07-13,EXACT,webbsite_full.sqlite/shortnames,1
webb_ccass,14244,webb:issue:14244,01528,RS MACALLINE,2015-06-26,,EXACT,webbsite_full.sqlite/shortnames,1
webb_ccass,14245,webb:issue:14245,03396,LEGENDHOLDING,2015-06-29,,EXACT,webbsite_full.sqlite/shortnames,1
webb_ccass,14281,webb:issue:14281,06133,VITAL INNO,2015-06-26,2019-08-08,EXACT,webbsite_full.sqlite/shortnames,2
webb_ccass,14282,webb:issue:14282,03882,SKYLIGHT HLDG,2015-07-02,,EXACT,webbsite_full.sqlite/shortnames,1
webb_ccass,14283,webb:issue:14283,02193,MAN KING HOLD,2015-07-03,,EXACT,webbsite_full.sqlite/shortnames,1
webb_ccass,14303,webb:issue:14303,01437,MIRAMARHOTELW18,2015-07-21,2018-01-22,EXACT,webbsite_full.sqlite/shortnames,1
webb_ccass,14411,webb:issue:14411,02286,CHEN XING,2015-07-03,,EXACT,webbsite_full.sqlite/shortnames,1
webb_ccass,14412,webb:issue:14412,01498,PURAPHARM,2015-07-08,,EXACT,webbsite_full.sqlite/shortnames,1
webb_ccass,14413,webb:issue:14413,01509,HARMONICARE,2015-07-07,2021-03-25,EXACT,webbsite_full.sqlite/shortnames,1
webb_ccass,14414,webb:issue:14414,02666,UNI MEDICAL,2015-07-08,,EXACT,webbsite_full.sqlite/shortnames,1
webb_ccass,14415,webb:issue:14415,06836,AMRITA GLOBAL,2015-07-07,2025-01-09,EXACT,webbsite_full.sqlite/shortnames,2
webb_ccass,14416,webb:issue:14416,02699;02967,XINMING CHINA,2015-07-06,2025-06-30,AMBIGUOUS,webbsite_full.sqlite/shortnames,5
webb_ccass,14417,webb:issue:14417,01986,TSAKER NE,2015-07-03,2022-07-12,EXACT,webbsite_full.sqlite/shortnames,2
webb_ccass,14418,webb:issue:14418,01456,GLMS SEC,2015-07-06,2025-03-21,EXACT,webbsite_full.sqlite/shortnames,2
webb_ccass,14420,webb:issue:14420,01461,ZHONGTAIFUTURES,2015-07-07,2022-05-23,EXACT,webbsite_full.sqlite/shortnames,2
webb_ccass,14566,webb:issue:14566,01736;02952;02969;08361,PARENTING NET,2015-07-08,2025-06-17,AMBIGUOUS,webbsite_full.sqlite/shortnames,10
webb_ccass,14598,webb:issue:14598,03737,ZHONGZHIPHARM,2015-07-13,,EXACT,webbsite_full.sqlite/shortnames,1
webb_ccass,14599,webb:issue:14599,06896,GOLDEN THROAT,2015-07-15,,EXACT,webbsite_full.sqlite/shortnames,1
webb_ccass,14600,webb:issue:14600,08027;08393;08558,KPM HOLDING,2015-07-10,2020-08-25,AMBIGUOUS,webbsite_full.sqlite/shortnames,9
webb_ccass,14627,webb:issue:14627,01570,WEIYE HOLDINGS,2016-04-06,,EXACT,webbsite_full.sqlite/shortnames,1
webb_ccass,14874,webb:issue:14874,03156,GFI MSCI A I,2015-07-29,2019-11-29,EXACT,webbsite_full.sqlite/shortnames,1
webb_ccass,14875,webb:issue:14875,83156,GFI MSCI A I-R,2015-07-29,2019-11-29,EXACT,webbsite_full.sqlite/shortnames,1
webb_ccass,14968,webb:issue:14968,01718;02990,WAN KEI GROUP,2015-08-11,2023-12-29,AMBIGUOUS,webbsite_full.sqlite/shortnames,5
webb_ccass,14988,webb:issue:14988,03969,CHINA CRSC,2015-08-07,,EXACT,webbsite_full.sqlite/shortnames,1
webb_ccass,14989,webb:issue:14989,08316;08586,CHINA HONGBAO,2015-08-10,2023-08-08,AMBIGUOUS,webbsite_full.sqlite/shortnames,6
webb_ccass,15007,webb:issue:15007,02985;06686,NOAH HOLDINGS,2022-07-13,2023-12-04,DATE_BOUNDED,webbsite_full.sqlite/shortnames,5
webb_ccass,15271,webb:issue:15271,01535,STYLAND W1611,2015-11-06,2016-11-07,EXACT,webbsite_full.sqlite/shortnames,1
webb_ccass,15274,webb:issue:15274,02669,CHINA OVS PPT,2015-10-23,,EXACT,webbsite_full.sqlite/shortnames,1
webb_ccass,15354,webb:issue:15354,01499;02951,OKG TECH,2015-09-02,2020-03-03,AMBIGUOUS,webbsite_full.sqlite/shortnames,6
webb_ccass,15356,webb:issue:15356,01683;02912,HOPE LIFE INT,2015-09-08,2023-03-23,AMBIGUOUS,webbsite_full.sqlite/shortnames,7
webb_ccass,15532,webb:issue:15532,82833,HS HSI ETF-R,2015-09-04,2022-09-13,EXACT,webbsite_full.sqlite/shortnames,1
webb_ccass,15533,webb:issue:15533,82828,HSCEI ETF-R,2015-09-04,2018-03-05,EXACT,webbsite_full.sqlite/shortnames,2
webb_ccass,15580,webb:issue:15580,00974,SKL,2015-09-10,,EXACT,webbsite_full.sqlite/shortnames,1
webb_ccass,15847,webb:issue:15847,01556,CHINNEY KW,2015-11-11,,EXACT,webbsite_full.sqlite/shortnames,1
webb_ccass,15873,webb:issue:15873,01631;08177,REF HOLDINGS,2015-09-25,2017-06-20,DATE_BOUNDED,webbsite_full.sqlite/shortnames,2
webb_ccass,15947,webb:issue:15947,01690;08369,LAP KEI ENGRG,2015-09-25,2018-02-12,DATE_BOUNDED,webbsite_full.sqlite/shortnames,2
webb_ccass,15949,webb:issue:15949,08245;08563;08589;08590,CANOPY SKYFIRE,2015-09-30,2025-11-24,AMBIGUOUS,webbsite_full.sqlite/shortnames,16
webb_ccass,15971,webb:issue:15971,01826;08248,FDB HOLDINGS,2015-09-30,2022-04-12,DATE_BOUNDED,webbsite_full.sqlite/shortnames,5
webb_ccass,15998,webb:issue:15998,01527,TENGY ENV,2015-10-12,,EXACT,webbsite_full.sqlite/shortnames,1
webb_ccass,16001,webb:issue:16001,02199,REGINA MIRACLE,2015-10-08,,EXACT,webbsite_full.sqlite/shortnames,1
webb_ccass,16006,webb:issue:16006,01970,IMAX CHINA,2015-10-08,,EXACT,webbsite_full.sqlite/shortnames,1
webb_ccass,16060,webb:issue:16060,08290,AHSAY BACKUP,2015-10-08,,EXACT,webbsite_full.sqlite/shortnames,1
webb_ccass,16095,webb:issue:16095,01709;08127;08558,DL HOLDINGS GP,2015-10-07,2020-03-26,AMBIGUOUS,webbsite_full.sqlite/shortnames,6
webb_ccass,16109,webb:issue:16109,08057;08557;08559,MADISON HLDG,2015-10-08,2022-03-01,AMBIGUOUS,webbsite_full.sqlite/shortnames,10
webb_ccass,16111,webb:issue:16111,01532,CHINA PARTYTIME,2015-10-16,,EXACT,webbsite_full.sqlite/shortnames,1
webb_ccass,16116,webb:issue:16116,01546;08122,THELLOY DEV,2015-10-09,2017-10-26,DATE_BOUNDED,webbsite_full.sqlite/shortnames,2
webb_ccass,16122,webb:issue:16122,01476,FIN STREET SEC,2015-10-15,2025-10-28,EXACT,webbsite_full.sqlite/shortnames,2
webb_ccass,16124,webb:issue:16124,01533,ZHUANGYUAN PA,2015-10-15,2022-08-30,EXACT,webbsite_full.sqlite/shortnames,1
webb_ccass,16174,webb:issue:16174,02203;08327,BRAINHOLE TECH,2015-10-09,2019-04-09,DATE_BOUNDED,webbsite_full.sqlite/shortnames,3
webb_ccass,16178,webb:issue:16178,02663;08141,KPA-BM HLDGS,2015-10-08,2017-10-24,DATE_BOUNDED,webbsite_full.sqlite/shortnames,2
webb_ccass,16372,webb:issue:16372,01508,CHINA RE,2015-10-26,,EXACT,webbsite_full.sqlite/shortnames,1
webb_ccass,16464,webb:issue:16464,01425,INT'L STD W1611,2015-12-01,2016-12-01,EXACT,webbsite_full.sqlite/shortnames,1
webb_ccass,16475,webb:issue:16475,03157,CAM SCSMALLCAP,2015-10-26,2022-08-31,EXACT,webbsite_full.sqlite/shortnames,2
webb_ccass,16476,webb:issue:16476,03129,CSOP 300SMART,2015-10-23,2019-12-27,EXACT,webbsite_full.sqlite/shortnames,1
webb_ccass,16477,webb:issue:16477,83129,CSOP 300SMART-R,2015-10-23,2019-12-27,EXACT,webbsite_full.sqlite/shortnames,1
webb_ccass,16482,webb:issue:16482,02799,CITIC FAMC,2015-10-30,2024-03-05,EXACT,webbsite_full.sqlite/shortnames,2
webb_ccass,16565,webb:issue:16565,08366,ZJ UNITED INV,2015-11-02,2017-09-26,EXACT,webbsite_full.sqlite/shortnames,2
webb_ccass,16635,webb:issue:16635,03908,CICC,2015-11-09,,EXACT,webbsite_full.sqlite/shortnames,1
webb_ccass,16661,webb:issue:16661,01495;02992,JIYI HOLDINGS,2015-11-06,2023-01-20,AMBIGUOUS,webbsite_full.sqlite/shortnames,6
webb_ccass,16688,webb:issue:16688,02611,GTHT,2017-04-11,2025-04-30,EXACT,webbsite_full.sqlite/shortnames,2
webb_ccass,16766,webb:issue:16766,08182,CHINA CANDY,2015-11-11,2019-12-31,EXACT,webbsite_full.sqlite/shortnames,1
webb_ccass,16770,webb:issue:16770,01452,DENOX ENV,2015-11-12,,EXACT,webbsite_full.sqlite/shortnames,1
webb_ccass,16842,webb:issue:16842,03102,XIE GARY ETF,2015-11-11,2018-12-07,EXACT,webbsite_full.sqlite/shortnames,1
webb_ccass,16954,webb:issue:16954,02120,KN HOSPITAL,2015-11-20,,EXACT,webbsite_full.sqlite/shortnames,1
webb_ccass,16969,webb:issue:16969,03799,DALI FOODS,2015-11-20,2023-09-04,EXACT,webbsite_full.sqlite/shortnames,1
webb_ccass,17024,webb:issue:17024,08368;08397;08565,CREATIVE CHINA,2015-11-18,2021-08-19,AMBIGUOUS,webbsite_full.sqlite/shortnames,8
webb_ccass,17084,webb:issue:17084,01538,ZHONG AO HOME,2015-11-25,,EXACT,webbsite_full.sqlite/shortnames,1
webb_ccass,17145,webb:issue:17145,06865,FLAT GLASS,2015-11-26,,EXACT,webbsite_full.sqlite/shortnames,1
webb_ccass,17186,webb:issue:17186,00722,UMP,2015-11-27,,EXACT,webbsite_full.sqlite/shortnames,1
webb_ccass,17191,webb:issue:17191,01561,PAN ASIA DATA H,2015-12-01,2019-12-20,EXACT,webbsite_full.sqlite/shortnames,2
webb_ccass,17346,webb:issue:17346,03866,BQD,2015-12-03,,EXACT,webbsite_full.sqlite/shortnames,1
webb_ccass,17364,webb:issue:17364,01492,ZHONGDI DAIRY,2015-12-02,2021-06-28,EXACT,webbsite_full.sqlite/shortnames,1
webb_ccass,17380,webb:issue:17380,03149,CSOP MSCI,2015-11-26,2023-03-24,EXACT,webbsite_full.sqlite/shortnames,2
webb_ccass,17381,webb:issue:17381,83149,CSOP MSCI-R,2015-11-26,2023-03-24,EXACT,webbsite_full.sqlite/shortnames,2
webb_ccass,17482,webb:issue:17482,00416,BANKOFJINZHOU,2015-12-07,2024-04-16,EXACT,webbsite_full.sqlite/shortnames,1
webb_ccass,17529,webb:issue:17529,00331,FSE LIFESTYLE,2015-12-10,2021-05-07,EXACT,webbsite_full.sqlite/shortnames,3
webb_ccass,17609,webb:issue:17609,03996,CH ENERGY ENG,2015-12-10,,EXACT,webbsite_full.sqlite/shortnames,1
webb_ccass,17643,webb:issue:17643,01979,TEN PAO GROUP,2015-12-11,,EXACT,webbsite_full.sqlite/shortnames,1
webb_ccass,17657,webb:issue:17657,01341,HAO TIAN INTL,2015-12-10,2017-06-01,EXACT,webbsite_full.sqlite/shortnames,2
webb_ccass,17661,webb:issue:17661,08196;08580,FUTIAN HOLDINGS,2015-12-09,2025-01-15,AMBIGUOUS,webbsite_full.sqlite/shortnames,7
webb_ccass,17672,webb:issue:17672,02289,CHARMACY PHAR,2015-12-14,2016-07-13,EXACT,webbsite_full.sqlite/shortnames,2
webb_ccass,17721,webb:issue:17721,03600,MODERN DENTAL,2015-12-15,,EXACT,webbsite_full.sqlite/shortnames,1
webb_ccass,17722,webb:issue:17722,01786,CRCCE,2015-12-16,,EXACT,webbsite_full.sqlite/shortnames,1
webb_ccass,17856,webb:issue:17856,01662;02941,YEE HOP HLDGS,2015-12-18,2025-03-06,AMBIGUOUS,webbsite_full.sqlite/shortnames,4
webb_ccass,17857,webb:issue:17857,01197,CHINA HENGSHI,2015-12-21,2019-07-05,EXACT,webbsite_full.sqlite/shortnames,1
webb_ccass,17956,webb:issue:17956,01543,JOIN-SHARE,2015-12-23,,EXACT,webbsite_full.sqlite/shortnames,1
webb_ccass,17976,webb:issue:17976,06196,BANKOFZHENGZHOU,2015-12-23,,EXACT,webbsite_full.sqlite/shortnames,1
webb_ccass,17978,webb:issue:17978,01568,SUNDART HLDGS,2015-12-29,,EXACT,webbsite_full.sqlite/shortnames,1
webb_ccass,18038,webb:issue:18038,01558,HEC CJ PHARM,2015-12-29,2025-08-06,EXACT,webbsite_full.sqlite/shortnames,2
webb_ccass,18079,webb:issue:18079,01562,CYBERNAUT W1707,2016-01-14,2017-07-13,EXACT,webbsite_full.sqlite/shortnames,2
webb_ccass,18080,webb:issue:18080,01469,GET NICE FIN,2016-04-08,2025-03-28,EXACT,webbsite_full.sqlite/shortnames,1
webb_ccass,18109,webb:issue:18109,03678,HOLLY FUTURES,2015-12-30,,EXACT,webbsite_full.sqlite/shortnames,1
webb_ccass,18157,webb:issue:18157,01799,XINTE ENERGY,2015-12-30,,EXACT,webbsite_full.sqlite/shortnames,1
webb_ccass,18172,webb:issue:18172,01548,GENSCRIPT BIO,2015-12-30,,EXACT,webbsite_full.sqlite/shortnames,1
webb_ccass,18208,webb:issue:18208,08331;08591,P.B. GROUP,2015-12-29,2021-12-02,AMBIGUOUS,webbsite_full.sqlite/shortnames,7
webb_ccass,18249,webb:issue:18249,08230,CHINA YU TIAN,2015-12-29,2020-10-29,EXACT,webbsite_full.sqlite/shortnames,1
webb_ccass,18273,webb:issue:18273,02929;06083;08012,WORLD-LINK LOG,2015-12-29,2018-03-05,AMBIGUOUS,webbsite_full.sqlite/shortnames,5
webb_ccass,18284,webb:issue:18284,02990;03326,PERFECT GROUP,2016-01-04,2025-11-03,AMBIGUOUS,webbsite_full.sqlite/shortnames,5
webb_ccass,18343,webb:issue:18343,08113;08558,V&V TECH,2016-01-07,2025-06-26,AMBIGUOUS,webbsite_full.sqlite/shortnames,6
webb_ccass,18360,webb:issue:18360,03773,YS DIGIFAVOR,2016-01-07,2023-07-27,EXACT,webbsite_full.sqlite/shortnames,2
webb_ccass,18471,webb:issue:18471,01459,JUJIANG CONS,2016-01-12,,EXACT,webbsite_full.sqlite/shortnames,1
webb_ccass,18543,webb:issue:18543,08282;08561,GAMEONE,2016-01-13,2024-01-25,AMBIGUOUS,webbsite_full.sqlite/shortnames,5
webb_ccass,18546,webb:issue:18546,03301,RONSHINECHINA,2016-01-13,,EXACT,webbsite_full.sqlite/shortnames,1
webb_ccass,18588,webb:issue:18588,01565,VIRSCEND EDU,2016-01-15,,EXACT,webbsite_full.sqlite/shortnames,1
webb_ccass,18890,webb:issue:18890,01153,SKYWAYSEC W1702,2016-02-15,2017-02-14,EXACT,webbsite_full.sqlite/shortnames,1
webb_ccass,18891,webb:issue:18891,08328,XY ELEC STORAGE,2016-07-11,2021-02-10,EXACT,webbsite_full.sqlite/shortnames,2
webb_ccass,18904,webb:issue:18904,03963,RONGZHONG FIN,2016-01-28,,EXACT,webbsite_full.sqlite/shortnames,1
webb_ccass,18989,webb:issue:18989,03162,ISHARESMSCIAI,2016-01-28,2018-06-01,EXACT,webbsite_full.sqlite/shortnames,1
webb_ccass,18990,webb:issue:18990,83162,ISHARESMSCIAI-R,2016-01-28,2018-06-01,EXACT,webbsite_full.sqlite/shortnames,1
webb_ccass,19053,webb:issue:19053,01909;02915;02933;02960;08345,FIRE ROCK,2016-02-18,2025-05-12,AMBIGUOUS,webbsite_full.sqlite/shortnames,14
webb_ccass,19062,webb:issue:19062,03160,CAM JAPAN HDG,2016-02-18,2021-05-28,EXACT,webbsite_full.sqlite/shortnames,2
webb_ccass,19063,webb:issue:19063,03165,CAM EU QLTY HDG,2016-02-18,2021-05-28,EXACT,webbsite_full.sqlite/shortnames,2
webb_ccass,19064,webb:issue:19064,03121,CAM AP REAL EST,2016-02-18,2023-08-18,EXACT,webbsite_full.sqlite/shortnames,2
webb_ccass,19065,webb:issue:19065,03086,CAM NASDAQ100,2016-02-18,2021-05-28,EXACT,webbsite_full.sqlite/shortnames,2
webb_ccass,19075,webb:issue:19075,08070,KEEN OCEAN,2016-02-24,,EXACT,webbsite_full.sqlite/shortnames,1
webb_ccass,19130,webb:issue:19130,02768,JIAYUAN INTL,2016-03-08,2024-10-29,EXACT,webbsite_full.sqlite/shortnames,1
webb_ccass,19173,webb:issue:19173,06833,SINCO PHARMA,2016-03-10,,EXACT,webbsite_full.sqlite/shortnames,1
webb_ccass,19199,webb:issue:19199,02138,EC HEALTHCARE,2016-03-11,2021-04-28,EXACT,webbsite_full.sqlite/shortnames,2
webb_ccass,19305,webb:issue:19305,01557,K.H. GP HLDGS,2016-03-18,,EXACT,webbsite_full.sqlite/shortnames,1
webb_ccass,19390,webb:issue:19390,08015,CH TRENDS W2103,2016-03-30,2021-03-30,EXACT,webbsite_full.sqlite/shortnames,1
webb_ccass,19394,webb:issue:19394,01578,BANK OF TIANJIN,2016-03-30,,EXACT,webbsite_full.sqlite/shortnames,1
webb_ccass,19405,webb:issue:19405,01457,CHEUKNANG W1704,2016-04-25,2017-04-24,EXACT,webbsite_full.sqlite/shortnames,1
webb_ccass,19409,webb:issue:19409,02239,SMIT,2016-03-30,,EXACT,webbsite_full.sqlite/shortnames,1
webb_ccass,19428,webb:issue:19428,02016,CZBANK,2016-03-30,,EXACT,webbsite_full.sqlite/shortnames,1
webb_ccass,19444,webb:issue:19444,08262,SUPER STRONG,2016-03-30,,EXACT,webbsite_full.sqlite/shortnames,1
webb_ccass,19447,webb:issue:19447,01419,HUMAN HEALTH,2016-04-01,,EXACT,webbsite_full.sqlite/shortnames,1
webb_ccass,19534,webb:issue:19534,03728;08318,CHING LEE,2016-03-29,2017-09-18,DATE_BOUNDED,webbsite_full.sqlite/shortnames,2
webb_ccass,19585,webb:issue:19585,01496,AP RENTALS,2016-04-08,,EXACT,webbsite_full.sqlite/shortnames,1
webb_ccass,19650,webb:issue:19650,01243;02924,WANG ON PPT,2016-04-12,2017-01-16,AMBIGUOUS,webbsite_full.sqlite/shortnames,5
webb_ccass,19651,webb:issue:19651,08319,EXPERT SYS,2016-04-12,,EXACT,webbsite_full.sqlite/shortnames,1
webb_ccass,19661,webb:issue:19661,01982,NAMESON HLDGS,2016-04-12,,EXACT,webbsite_full.sqlite/shortnames,1
webb_ccass,19662,webb:issue:19662,00150;02925;02958;02968;08359,HYPEBEAST,2016-04-11,2022-09-26,AMBIGUOUS,webbsite_full.sqlite/shortnames,11
webb_ccass,19663,webb:issue:19663,08217;08580;08593,JU FU TANG BIOT,2016-04-12,2025-12-08,AMBIGUOUS,webbsite_full.sqlite/shortnames,11
webb_ccass,19664,webb:issue:19664,01841;08251,A.PLUS GROUP,2016-04-19,2019-01-11,DATE_BOUNDED,webbsite_full.sqlite/shortnames,2
webb_ccass,19671,webb:issue:19671,03012,AMUNDI HK35,2016-04-12,,EXACT,webbsite_full.sqlite/shortnames,1
webb_ccass,19672,webb:issue:19672,83012,AMUNDI HK35-R,2016-04-12,,EXACT,webbsite_full.sqlite/shortnames,1
webb_ccass,19700,webb:issue:19700,02738,HUAJIN INTL,2016-04-15,,EXACT,webbsite_full.sqlite/shortnames,1
webb_ccass,19797,webb:issue:19797,01537,SYMPHONY W1907,2016-07-07,2019-07-08,EXACT,webbsite_full.sqlite/shortnames,1
webb_ccass,19819,webb:issue:19819,01479,ORIENTVIC W1705,2016-05-05,2017-05-04,EXACT,webbsite_full.sqlite/shortnames,1
webb_ccass,19887,webb:issue:19887,03175,F SAMSUNG OIL,2016-04-29,,EXACT,webbsite_full.sqlite/shortnames,1
webb_ccass,19995,webb:issue:19995,03626,HSSP INTL,2016-05-18,,EXACT,webbsite_full.sqlite/shortnames,1
webb_ccass,19997,webb:issue:19997,08346,TEM HOLDINGS,2016-05-18,2021-01-13,EXACT,webbsite_full.sqlite/shortnames,1
webb_ccass,20037,webb:issue:20037,01585,YADEA,2016-05-19,,EXACT,webbsite_full.sqlite/shortnames,1
webb_ccass,20047,webb:issue:20047,03135,F CSOP OIL ETF,2016-05-12,2019-10-08,EXACT,webbsite_full.sqlite/shortnames,1
webb_ccass,20115,webb:issue:20115,03171,COMSTAGE DAX,2016-05-18,2020-03-13,EXACT,webbsite_full.sqlite/shortnames,1
webb_ccass,20116,webb:issue:20116,03177,COMSTAGE DIVDAX,2016-05-18,2020-03-13,EXACT,webbsite_full.sqlite/shortnames,1
webb_ccass,20180,webb:issue:20180,02588,BOC AVIATION,2016-06-01,,EXACT,webbsite_full.sqlite/shortnames,1
webb_ccass,20189,webb:issue:20189,08187;08570,JIMU GROUP,2016-05-30,2023-04-28,AMBIGUOUS,webbsite_full.sqlite/shortnames,6
webb_ccass,20203,webb:issue:20203,02285,CHERVON,2021-12-30,,EXACT,webbsite_full.sqlite/shortnames,1
webb_ccass,20217,webb:issue:20217,08161;08592,MEDINET GROUP,2016-05-31,2022-09-20,AMBIGUOUS,webbsite_full.sqlite/shortnames,5
webb_ccass,20220,webb:issue:20220,01420,CHUAN HOLDING,2016-06-08,,EXACT,webbsite_full.sqlite/shortnames,1
webb_ccass,20388,webb:issue:20388,07250,FL2 SAMSUNGK200,2016-06-13,2017-09-29,EXACT,webbsite_full.sqlite/shortnames,1
webb_ccass,20389,webb:issue:20389,07326,FI SAMSUNGK200,2016-06-13,2017-09-29,EXACT,webbsite_full.sqlite/shortnames,1
webb_ccass,20390,webb:issue:20390,07255,FL2SAMSUNGTOPIX,2016-06-13,2017-09-29,EXACT,webbsite_full.sqlite/shortnames,1
webb_ccass,20391,webb:issue:20391,07311,FI SAMSUNGTOPIX,2016-06-13,2017-09-29,EXACT,webbsite_full.sqlite/shortnames,1
webb_ccass,20413,webb:issue:20413,03097,F GX OIL,2016-06-16,2019-11-01,EXACT,webbsite_full.sqlite/shortnames,3
webb_ccass,20441,webb:issue:20441,08280,CDV HOLDINGS,2016-06-27,,EXACT,webbsite_full.sqlite/shortnames,1
webb_ccass,20526,webb:issue:20526,03170,ISHARESKS200,2016-06-29,2021-08-18,EXACT,webbsite_full.sqlite/shortnames,1
webb_ccass,20527,webb:issue:20527,83170,ISHARESKS200-R,2016-06-29,2021-08-18,EXACT,webbsite_full.sqlite/shortnames,1
webb_ccass,20528,webb:issue:20528,09170,ISHARESKS200-U,2016-06-29,2021-08-18,EXACT,webbsite_full.sqlite/shortnames,1
webb_ccass,20529,webb:issue:20529,03074,ISHARESMSCITW,2016-06-29,,EXACT,webbsite_full.sqlite/shortnames,1
webb_ccass,20530,webb:issue:20530,83074,ISHARESMSCITW-R,2016-06-29,2021-08-24,EXACT,webbsite_full.sqlite/shortnames,1
webb_ccass,20531,webb:issue:20531,09074,ISHARESMSCITW-U,2016-06-29,,EXACT,webbsite_full.sqlite/shortnames,1
webb_ccass,20532,webb:issue:20532,03146,ISHARESDAX,2016-06-29,2020-01-29,EXACT,webbsite_full.sqlite/shortnames,1
webb_ccass,20533,webb:issue:20533,83146,ISHARESDAX-R,2016-06-29,2020-01-29,EXACT,webbsite_full.sqlite/shortnames,1
webb_ccass,20534,webb:issue:20534,09146,ISHARESDAX-U,2016-06-29,2020-01-29,EXACT,webbsite_full.sqlite/shortnames,1
webb_ccass,20535,webb:issue:20535,03155,ISHARESES50,2016-06-29,2020-01-29,EXACT,webbsite_full.sqlite/shortnames,1
webb_ccass,20536,webb:issue:20536,83155,ISHARESES50-R,2016-06-29,2020-01-29,EXACT,webbsite_full.sqlite/shortnames,1
webb_ccass,20537,webb:issue:20537,09155,ISHARESES50-U,2016-06-29,2020-01-29,EXACT,webbsite_full.sqlite/shortnames,1
webb_ccass,20538,webb:issue:20538,02847,ISHARESFS100,2016-06-29,2020-01-29,EXACT,webbsite_full.sqlite/shortnames,1
webb_ccass,20539,webb:issue:20539,82847,ISHARESFS100-R,2016-06-29,2020-01-29,EXACT,webbsite_full.sqlite/shortnames,1
webb_ccass,20540,webb:issue:20540,09847,ISHARESFS100-U,2016-06-29,2020-01-29,EXACT,webbsite_full.sqlite/shortnames,1
webb_ccass,20541,webb:issue:20541,02834,ISHARESND100,2016-06-29,,EXACT,webbsite_full.sqlite/shortnames,1
webb_ccass,20542,webb:issue:20542,82834,ISHARESND100-R,2016-06-29,2021-08-24,EXACT,webbsite_full.sqlite/shortnames,1
webb_ccass,20543,webb:issue:20543,09834,ISHARESND100-U,2016-06-29,,EXACT,webbsite_full.sqlite/shortnames,1
webb_ccass,20547,webb:issue:20547,01549,EVER HARVEST GP,2016-07-06,,EXACT,webbsite_full.sqlite/shortnames,1
webb_ccass,20556,webb:issue:20556,03958,DFZQ,2016-07-08,,EXACT,webbsite_full.sqlite/shortnames,1
webb_ccass,20567,webb:issue:20567,01583,QINQIN FOODS,2016-07-08,,EXACT,webbsite_full.sqlite/shortnames,1
webb_ccass,20578,webb:issue:20578,01869;08102,KAFELAKU COFFEE,2016-06-30,2024-03-26,DATE_BOUNDED,webbsite_full.sqlite/shortnames,3
webb_ccass,20587,webb:issue:20587,01606,CDB LEASING,2016-07-11,,EXACT,webbsite_full.sqlite/shortnames,1
webb_ccass,20589,webb:issue:20589,08292;08585,VSING,2016-07-06,2025-10-31,AMBIGUOUS,webbsite_full.sqlite/shortnames,6
webb_ccass,20590,webb:issue:20590,02869,GREENTOWN SER,2016-07-12,,EXACT,webbsite_full.sqlite/shortnames,1
webb_ccass,20607,webb:issue:20607,02136,LIFESTYLE CHI,2016-07-15,,EXACT,webbsite_full.sqlite/shortnames,1
webb_ccass,20631,webb:issue:20631,08360;08573,BASIC H NEWLIFE,2016-07-12,2024-12-20,AMBIGUOUS,webbsite_full.sqlite/shortnames,6
webb_ccass,20632,webb:issue:20632,01586,LEON INSPECTION,2016-07-12,2021-07-22,EXACT,webbsite_full.sqlite/shortnames,2
webb_ccass,20636,webb:issue:20636,08229,FUTURE DATA,2016-07-08,,EXACT,webbsite_full.sqlite/shortnames,1
webb_ccass,20637,webb:issue:20637,01573,SOUTHERN ENERGY,2016-07-13,2021-11-02,EXACT,webbsite_full.sqlite/shortnames,2
webb_ccass,20643,webb:issue:20643,06816,PROSPER CONS,2016-07-20,,EXACT,webbsite_full.sqlite/shortnames,1
webb_ccass,20646,webb:issue:20646,01560,STAR GROUP ASIA,2016-07-13,2024-06-21,EXACT,webbsite_full.sqlite/shortnames,3
webb_ccass,20647,webb:issue:20647,08232;08597,CLASSIFIED GP,2016-07-11,2023-10-13,AMBIGUOUS,webbsite_full.sqlite/shortnames,5
webb_ccass,20650,webb:issue:20650,01612,VINCENT MED,2016-07-13,,EXACT,webbsite_full.sqlite/shortnames,1
webb_ccass,20651,webb:issue:20651,01589,CNLP,2016-07-15,2022-07-15,EXACT,webbsite_full.sqlite/shortnames,1
webb_ccass,20652,webb:issue:20652,08281,CH GOLD CLASSIC,2016-07-08,,EXACT,webbsite_full.sqlite/shortnames,1
webb_ccass,20656,webb:issue:20656,01523;02994,PLOVER BAY TECH,2016-07-13,2024-11-11,AMBIGUOUS,webbsite_full.sqlite/shortnames,4
webb_ccass,20658,webb:issue:20658,08333;08560,ASTRUM FIN,2016-07-14,2023-02-02,AMBIGUOUS,webbsite_full.sqlite/shortnames,7
webb_ccass,20664,webb:issue:20664,02278,HAILAN HLDGS,2016-07-15,2023-11-21,EXACT,webbsite_full.sqlite/shortnames,1
webb_ccass,20665,webb:issue:20665,01579,YIHAI INTL,2016-07-13,,EXACT,webbsite_full.sqlite/shortnames,1
webb_ccass,20678,webb:issue:20678,08293;08596,SINGASIA HLDG,2016-07-15,2023-10-16,AMBIGUOUS,webbsite_full.sqlite/shortnames,9
webb_ccass,20750,webb:issue:20750,07202,FL2CSOP NIFTY50,2016-07-20,2018-08-08,EXACT,webbsite_full.sqlite/shortnames,1
webb_ccass,20751,webb:issue:20751,07335,FICSOP NIFTY50,2016-07-20,2018-08-08,EXACT,webbsite_full.sqlite/shortnames,1
webb_ccass,20796,webb:issue:20796,08056;08559,LIFE CONCEPTS,2016-08-05,2024-10-10,AMBIGUOUS,webbsite_full.sqlite/shortnames,6
webb_ccass,20805,webb:issue:20805,02031,AUSUPREME,2016-09-12,,EXACT,webbsite_full.sqlite/shortnames,1
webb_ccass,20854,webb:issue:20854,08300,JIN MI FANG GP,2016-08-08,2024-02-19,EXACT,webbsite_full.sqlite/shortnames,3
webb_ccass,20905,webb:issue:20905,06178,EB SECURITIES,2016-08-18,,EXACT,webbsite_full.sqlite/shortnames,1
webb_ccass,21117,webb:issue:21117,02953;02967;03893,CROSSTEC,2016-09-12,2022-09-28,AMBIGUOUS,webbsite_full.sqlite/shortnames,9
webb_ccass,21176,webb:issue:21176,02633,JACOBSON PHARMA,2016-09-21,,EXACT,webbsite_full.sqlite/shortnames,1
webb_ccass,21194,webb:issue:21194,01591;02983,SHUN WO GROUP,2016-09-28,2024-10-25,AMBIGUOUS,webbsite_full.sqlite/shortnames,5
webb_ccass,21218,webb:issue:21218,01658,PSBC,2016-09-28,,EXACT,webbsite_full.sqlite/shortnames,1
webb_ccass,21243,webb:issue:21243,02363;02931,TONGDA HONG TAI,2018-03-16,2024-04-26,AMBIGUOUS,webbsite_full.sqlite/shortnames,5
webb_ccass,21270,webb:issue:21270,01577,HUIXIN CREDIT,2016-09-30,,EXACT,webbsite_full.sqlite/shortnames,1
webb_ccass,21299,webb:issue:21299,06858,HONMAGOLF,2016-10-06,,EXACT,webbsite_full.sqlite/shortnames,1
webb_ccass,21315,webb:issue:21315,01526,RICI HEALTH,2016-10-06,,EXACT,webbsite_full.sqlite/shortnames,1
webb_ccass,21323,webb:issue:21323,07261,FL2CAMNDQ100,2016-09-28,2021-09-08,EXACT,webbsite_full.sqlite/shortnames,2
webb_ccass,21324,webb:issue:21324,07331,FICAMNDQ100,2016-09-28,2024-07-09,EXACT,webbsite_full.sqlite/shortnames,2
webb_ccass,21346,webb:issue:21346,02166,SMART-CORE,2016-10-07,,EXACT,webbsite_full.sqlite/shortnames,1
webb_ccass,21358,webb:issue:21358,01547,IBI GROUP HLDGS,2016-10-14,,EXACT,webbsite_full.sqlite/shortnames,1
webb_ccass,21376,webb:issue:21376,08149,ALTUS HLDGS,2016-10-17,,EXACT,webbsite_full.sqlite/shortnames,1
webb_ccass,21377,webb:issue:21377,08231;08555,PFC DEVICE,2016-10-07,2022-03-28,AMBIGUOUS,webbsite_full.sqlite/shortnames,5
webb_ccass,21378,webb:issue:21378,08023,KWONG MAN KEE,2016-10-13,,EXACT,webbsite_full.sqlite/shortnames,1
webb_ccass,21380,webb:issue:21380,01609;02955,CHONG KIN GP,2016-10-17,2024-04-02,AMBIGUOUS,webbsite_full.sqlite/shortnames,4
webb_ccass,21381,webb:issue:21381,06058;08407,CISI FIN,2016-10-20,2019-01-03,DATE_BOUNDED,webbsite_full.sqlite/shortnames,2
webb_ccass,21423,webb:issue:21423,08320;08593,AEC GROUP,2016-10-17,2021-04-19,AMBIGUOUS,webbsite_full.sqlite/shortnames,5
webb_ccass,21441,webb:issue:21441,02113,CENTURY GP INTL,2016-10-17,2019-03-08,EXACT,webbsite_full.sqlite/shortnames,2
webb_ccass,21442,webb:issue:21442,08035,JANCO HOLDINGS,2016-10-07,,EXACT,webbsite_full.sqlite/shortnames,1
webb_ccass,21444,webb:issue:21444,01854;08240,CHINA WANTIAN,2016-10-13,2021-12-22,DATE_BOUNDED,webbsite_full.sqlite/shortnames,3
webb_ccass,21467,webb:issue:21467,07322,XI GX S&P500,2016-10-11,2023-01-13,EXACT,webbsite_full.sqlite/shortnames,2
webb_ccass,21468,webb:issue:21468,07222,XL2 MR S&P500,2016-10-11,2018-07-24,EXACT,webbsite_full.sqlite/shortnames,1
webb_ccass,21469,webb:issue:21469,07315,FI MR TOPIX,2016-10-11,2018-07-24,EXACT,webbsite_full.sqlite/shortnames,1
webb_ccass,21470,webb:issue:21470,07225,FL2 MR TOPIX,2016-10-11,2018-07-24,EXACT,webbsite_full.sqlite/shortnames,1
webb_ccass,21542,webb:issue:21542,83010,ISHARES AXJ-R,2016-10-14,,EXACT,webbsite_full.sqlite/shortnames,1
webb_ccass,21543,webb:issue:21543,09010,ISHARES AXJ-U,2016-10-14,,EXACT,webbsite_full.sqlite/shortnames,1
webb_ccass,21544,webb:issue:21544,82836,ISHARES INDIA-R,2016-10-14,2021-08-24,EXACT,webbsite_full.sqlite/shortnames,1
webb_ccass,21545,webb:issue:21545,09836,ISHARES INDIA-U,2016-10-14,,EXACT,webbsite_full.sqlite/shortnames,1
webb_ccass,21603,webb:issue:21603,03320,CHINARES PHARMA,2016-10-28,,EXACT,webbsite_full.sqlite/shortnames,1
webb_ccass,21637,webb:issue:21637,03306,JNBY,2016-10-31,,EXACT,webbsite_full.sqlite/shortnames,1
webb_ccass,21639,webb:issue:21639,01610,COFCO JOYCOME,2016-11-01,2020-10-27,EXACT,webbsite_full.sqlite/shortnames,2
webb_ccass,21642,webb:issue:21642,08321;08557,TAI KAM HLDGS,2016-10-28,2020-08-19,AMBIGUOUS,webbsite_full.sqlite/shortnames,5
webb_ccass,21717,webb:issue:21717,02843,AMUNDI A50,2016-10-31,,EXACT,webbsite_full.sqlite/shortnames,1
webb_ccass,21718,webb:issue:21718,82843,AMUNDI A50-R,2016-10-31,,EXACT,webbsite_full.sqlite/shortnames,1
webb_ccass,21734,webb:issue:21734,01572,CHINA ART FIN,2016-11-08,,EXACT,webbsite_full.sqlite/shortnames,1
webb_ccass,21735,webb:issue:21735,03689,KANGHUA HEALTH,2016-11-08,,EXACT,webbsite_full.sqlite/shortnames,1
webb_ccass,21741,webb:issue:21741,08052;08581,LUK HING ENT,2016-11-11,2023-08-08,AMBIGUOUS,webbsite_full.sqlite/shortnames,5
webb_ccass,21742,webb:issue:21742,03686,CLIFFORDML,2016-11-08,,EXACT,webbsite_full.sqlite/shortnames,1
webb_ccass,21764,webb:issue:21764,08283;08569;08592,ZHONGSHI MINAN,2016-11-08,2025-03-27,AMBIGUOUS,webbsite_full.sqlite/shortnames,10
webb_ccass,21767,webb:issue:21767,06163,GEMILANG INTL,2016-11-11,,EXACT,webbsite_full.sqlite/shortnames,1
webb_ccass,21768,webb:issue:21768,01633,SHEUNG YUE GP,2016-11-11,,EXACT,webbsite_full.sqlite/shortnames,1
webb_ccass,21794,webb:issue:21794,01458,ZHOU HEI YA,2016-11-11,,EXACT,webbsite_full.sqlite/shortnames,1
webb_ccass,21819,webb:issue:21819,01272,DATANG ENVIRO,2016-11-15,,EXACT,webbsite_full.sqlite/shortnames,1
webb_ccass,21876,webb:issue:21876,01611;02911,SINOHOPE TECH,2016-11-21,2023-10-16,AMBIGUOUS,webbsite_full.sqlite/shortnames,7
webb_ccass,21894,webb:issue:21894,03116,XIE GOLD MINERS,2016-11-18,2019-07-05,EXACT,webbsite_full.sqlite/shortnames,1
webb_ccass,21903,webb:issue:21903,01608,VPOWER GROUP,2016-11-24,,EXACT,webbsite_full.sqlite/shortnames,1
webb_ccass,21911,webb:issue:21911,06189,ADWAY,2016-11-25,,EXACT,webbsite_full.sqlite/shortnames,1
webb_ccass,21913,webb:issue:21913,01629,CHAMP ALLI INTL,2016-11-25,2019-03-20,EXACT,webbsite_full.sqlite/shortnames,2
webb_ccass,21928,webb:issue:21928,08160;08557;08587,GOLDWAY EDU,2016-12-02,2024-07-25,AMBIGUOUS,webbsite_full.sqlite/shortnames,9
webb_ccass,21931,webb:issue:21931,01632;02971,MSCTECH,2016-11-29,2018-10-12,AMBIGUOUS,webbsite_full.sqlite/shortnames,6
webb_ccass,21933,webb:issue:21933,03115,ISHARESHSI,2016-11-23,,EXACT,webbsite_full.sqlite/shortnames,1
webb_ccass,21934,webb:issue:21934,83115,ISHARESHSI-R,2016-11-23,,EXACT,webbsite_full.sqlite/shortnames,1
webb_ccass,21935,webb:issue:21935,09115,ISHARESHSI-U,2016-11-23,,EXACT,webbsite_full.sqlite/shortnames,1
webb_ccass,22072,webb:issue:22072,03153,MR A HEALTH ETF,2016-11-30,2017-12-29,EXACT,webbsite_full.sqlite/shortnames,1
webb_ccass,22075,webb:issue:22075,01792;02991;08278,CMON,2016-12-02,2025-12-11,DATE_BOUNDED,webbsite_full.sqlite/shortnames,3
webb_ccass,22086,webb:issue:22086,08308,GUDOU HLDGS,2016-12-09,,EXACT,webbsite_full.sqlite/shortnames,1
webb_ccass,22087,webb:issue:22087,01617,NANFANG COMM,2016-12-12,,EXACT,webbsite_full.sqlite/shortnames,1
webb_ccass,22088,webb:issue:22088,08353,ANACLE,2016-12-16,2025-06-11,EXACT,webbsite_full.sqlite/shortnames,1
webb_ccass,22089,webb:issue:22089,01782;08342,IB DIGITAL TECH,2016-12-15,2023-07-12,DATE_BOUNDED,webbsite_full.sqlite/shortnames,3
webb_ccass,22090,webb:issue:22090,08039,CHINA COME RIDE,2016-12-12,2022-10-31,EXACT,webbsite_full.sqlite/shortnames,2
webb_ccass,22091,webb:issue:22091,01751;02929;08352,KINGLAND GROUP,2016-12-16,2023-06-27,AMBIGUOUS,webbsite_full.sqlite/shortnames,7
webb_ccass,22092,webb:issue:22092,06066,CSC,2016-12-09,,EXACT,webbsite_full.sqlite/shortnames,1
webb_ccass,22093,webb:issue:22093,08411,K W NELSON GP,2016-12-08,,EXACT,webbsite_full.sqlite/shortnames,1
webb_ccass,22094,webb:issue:22094,01581;02949,PROGRESSIVE P,2016-12-08,2022-09-19,AMBIGUOUS,webbsite_full.sqlite/shortnames,5
webb_ccass,22108,webb:issue:22108,03167,ICBCCSOPCHINA,2016-12-08,2018-06-01,EXACT,webbsite_full.sqlite/shortnames,3
webb_ccass,22111,webb:issue:22111,01357,MEITU,2016-12-15,,EXACT,webbsite_full.sqlite/shortnames,1
webb_ccass,22112,webb:issue:22112,08062,EFT SOLUTIONS,2016-12-15,,EXACT,webbsite_full.sqlite/shortnames,1
webb_ccass,22113,webb:issue:22113,01580;02983,DA SEN HLDGS,2016-12-19,2023-11-28,AMBIGUOUS,webbsite_full.sqlite/shortnames,5
webb_ccass,22119,webb:issue:22119,01596,YICHEN IND,2016-12-21,,EXACT,webbsite_full.sqlite/shortnames,1
webb_ccass,22121,webb:issue:22121,08221;08556,GAOYU FINANCE,2017-01-06,2025-05-28,AMBIGUOUS,webbsite_full.sqlite/shortnames,6
webb_ccass,22195,webb:issue:22195,02963;06908;08343,HG SEMI,2016-12-30,2021-10-12,AMBIGUOUS,webbsite_full.sqlite/shortnames,6
webb_ccass,22196,webb:issue:22196,01637,SH GROUP HLDG,2017-01-03,,EXACT,webbsite_full.sqlite/shortnames,1
webb_ccass,22197,webb:issue:22197,01482,STYLAND W1802,2017-02-15,2018-02-14,EXACT,webbsite_full.sqlite/shortnames,1
webb_ccass,22218,webb:issue:22218,08091,OOH HOLDINGS,2017-01-05,,EXACT,webbsite_full.sqlite/shortnames,1
webb_ccass,22221,webb:issue:22221,08416,HM INTL HLDGS,2017-01-11,,EXACT,webbsite_full.sqlite/shortnames,1
webb_ccass,22222,webb:issue:22222,08349,GUIXIN GROUP,2017-01-13,2021-10-12,EXACT,webbsite_full.sqlite/shortnames,2
webb_ccass,22274,webb:issue:22274,01867;08415,STD DEV GROUP,2017-01-12,2021-09-16,DATE_BOUNDED,webbsite_full.sqlite/shortnames,3
webb_ccass,22283,webb:issue:22283,01827;08358,MIRICOR,2017-01-10,2019-02-18,DATE_BOUNDED,webbsite_full.sqlite/shortnames,2
webb_ccass,22285,webb:issue:22285,01656,ISDN HOLDINGS,2017-01-12,,EXACT,webbsite_full.sqlite/shortnames,1
webb_ccass,22293,webb:issue:22293,08432,BAR PACIFIC,2017-01-11,,EXACT,webbsite_full.sqlite/shortnames,1
webb_ccass,22294,webb:issue:22294,01518,NC HEALTHCARE,2017-01-18,,EXACT,webbsite_full.sqlite/shortnames,1
webb_ccass,22326,webb:issue:22326,06122,JIUTAI RCB,2017-01-12,2025-11-25,EXACT,webbsite_full.sqlite/shortnames,1
webb_ccass,22327,webb:issue:22327,08069,FLYDOO TECH,2017-01-12,2023-12-27,EXACT,webbsite_full.sqlite/shortnames,2
webb_ccass,22328,webb:issue:22328,01575,REGAL PARTNERS,2017-01-12,2024-08-16,EXACT,webbsite_full.sqlite/shortnames,3
webb_ccass,22330,webb:issue:22330,08341;08572,AESO HOLDING,2017-01-13,2022-05-18,AMBIGUOUS,webbsite_full.sqlite/shortnames,5
webb_ccass,22332,webb:issue:22332,01536,YUK WING GP,2017-01-11,,EXACT,webbsite_full.sqlite/shortnames,1
webb_ccass,22335,webb:issue:22335,08370;08573;08589,ZHI SHENG GP,2017-01-20,2025-03-03,AMBIGUOUS,webbsite_full.sqlite/shortnames,8
webb_ccass,22412,webb:issue:22412,06068,WISDOM EDU INTL,2017-01-26,,EXACT,webbsite_full.sqlite/shortnames,1
webb_ccass,22469,webb:issue:22469,03789,ROYAL DELUXE,2017-02-08,,EXACT,webbsite_full.sqlite/shortnames,1
webb_ccass,22499,webb:issue:22499,08297;08590,OCEAN STAR TECH,2017-07-13,2021-11-18,AMBIGUOUS,webbsite_full.sqlite/shortnames,5
webb_ccass,22500,webb:issue:22500,01627,ABLE ENG HLDGS,2017-02-20,,EXACT,webbsite_full.sqlite/shortnames,1
webb_ccass,22501,webb:issue:22501,08417,DADI EDU,2017-02-16,,EXACT,webbsite_full.sqlite/shortnames,1
webb_ccass,22604,webb:issue:22604,03860;08183,EPS HEALTH TECH,2017-05-31,2021-08-18,DATE_BOUNDED,webbsite_full.sqlite/shortnames,3
webb_ccass,22605,webb:issue:22605,08428;08570;08587,CBK HOLDINGS,2017-02-15,2022-08-24,AMBIGUOUS,webbsite_full.sqlite/shortnames,9
webb_ccass,22606,webb:issue:22606,01660;02954,SEVEN ELEMENTS,2017-02-10,2025-11-14,AMBIGUOUS,webbsite_full.sqlite/shortnames,8
webb_ccass,22607,webb:issue:22607,02266,LAI SI ENT,2017-02-10,,EXACT,webbsite_full.sqlite/shortnames,1
webb_ccass,22609,webb:issue:22609,08431;08557;08567,HAO BAI INTL,2017-05-26,2025-06-05,AMBIGUOUS,webbsite_full.sqlite/shortnames,9
webb_ccass,22610,webb:issue:22610,01989;02969,PINE CARE GP,2017-02-15,2024-03-01,AMBIGUOUS,webbsite_full.sqlite/shortnames,4
webb_ccass,22651,webb:issue:22651,07210,XL2 XIE CHIMER,2017-02-08,2019-07-05,EXACT,webbsite_full.sqlite/shortnames,1
webb_ccass,22915,webb:issue:22915,08188,GME GROUP,2017-02-22,,EXACT,webbsite_full.sqlite/shortnames,1
webb_ccass,22970,webb:issue:22970,06169,YUHUA EDU,2017-02-28,,EXACT,webbsite_full.sqlite/shortnames,1
webb_ccass,23033,webb:issue:23033,01732;08157,XIANGXING INT,2017-07-07,2019-09-06,DATE_BOUNDED,webbsite_full.sqlite/shortnames,2
webb_ccass,23118,webb:issue:23118,82846,ISHARESCSI300-R,2017-02-28,,EXACT,webbsite_full.sqlite/shortnames,1
webb_ccass,23119,webb:issue:23119,09846,ISHARESCSI300-U,2017-02-28,,EXACT,webbsite_full.sqlite/shortnames,1
webb_ccass,23122,webb:issue:23122,01985,MICROWARE,2017-03-08,,EXACT,webbsite_full.sqlite/shortnames,1
webb_ccass,23154,webb:issue:23154,08013,ECI TECH,2017-03-10,,EXACT,webbsite_full.sqlite/shortnames,1
webb_ccass,23169,webb:issue:23169,08423,CHI HO DEV,2017-03-13,,EXACT,webbsite_full.sqlite/shortnames,1
webb_ccass,23187,webb:issue:23187,03395,JX ENERGY,2017-03-10,2022-08-01,EXACT,webbsite_full.sqlite/shortnames,2
webb_ccass,23190,webb:issue:23190,03869,HOSPITAL CORP,2017-03-16,,EXACT,webbsite_full.sqlite/shortnames,1
webb_ccass,23192,webb:issue:23192,08425,HING MING HLDGS,2017-03-15,,EXACT,webbsite_full.sqlite/shortnames,1
webb_ccass,23196,webb:issue:23196,06812;08421,WINSON HLDGS HK,2017-03-16,2020-06-11,DATE_BOUNDED,webbsite_full.sqlite/shortnames,2
webb_ccass,23197,webb:issue:23197,01657;08442,SG GROUP HLDGS,2017-03-21,2020-03-20,DATE_BOUNDED,webbsite_full.sqlite/shortnames,2
webb_ccass,23464,webb:issue:23464,07230,FL2 GX HSCEI,2017-03-14,2023-01-13,EXACT,webbsite_full.sqlite/shortnames,2
webb_ccass,23465,webb:issue:23465,07362,FI GX HSCEI,2017-03-14,2023-01-13,EXACT,webbsite_full.sqlite/shortnames,2
webb_ccass,23466,webb:issue:23466,07231,FL2 GX HSI,2017-03-14,2023-01-13,EXACT,webbsite_full.sqlite/shortnames,2
webb_ccass,23467,webb:issue:23467,07336,FI GX HSI,2017-03-14,2023-01-13,EXACT,webbsite_full.sqlite/shortnames,2
webb_ccass,23468,webb:issue:23468,07328,FISAMSUNGHSCEI,2017-03-14,2021-03-18,EXACT,webbsite_full.sqlite/shortnames,1
webb_ccass,23469,webb:issue:23469,07228,FL2SAMSUNGHSCEI,2017-03-14,2021-03-18,EXACT,webbsite_full.sqlite/shortnames,1
webb_ccass,23470,webb:issue:23470,07312,FISAMSUNGHSI,2017-03-14,2021-03-18,EXACT,webbsite_full.sqlite/shortnames,1
webb_ccass,23471,webb:issue:23471,07205,FL2SAMSUNGHSI,2017-03-14,2021-03-18,EXACT,webbsite_full.sqlite/shortnames,1
webb_ccass,23473,webb:issue:23473,07200,FL2 CSOP HSI,2017-03-14,,EXACT,webbsite_full.sqlite/shortnames,1
webb_ccass,23475,webb:issue:23475,07300,FI CSOP HSI,2017-03-14,,EXACT,webbsite_full.sqlite/shortnames,1
webb_ccass,23476,webb:issue:23476,07288,FL2 CSOP HSCEI,2017-03-14,,EXACT,webbsite_full.sqlite/shortnames,1
webb_ccass,23477,webb:issue:23477,07388;07588,FI2 CSOP HSCEI,2017-03-14,2019-06-25,DATE_BOUNDED,webbsite_full.sqlite/shortnames,2
webb_ccass,23492,webb:issue:23492,01569,MINSHENG EDU,2017-03-22,,EXACT,webbsite_full.sqlite/shortnames,1
webb_ccass,23532,webb:issue:23532,07267,FL2CAMDXNHSCEI,2017-03-14,2020-11-02,EXACT,webbsite_full.sqlite/shortnames,1
webb_ccass,23533,webb:issue:23533,07341,FICAMDXNHSCEI,2017-03-14,2020-11-02,EXACT,webbsite_full.sqlite/shortnames,1
webb_ccass,23534,webb:issue:23534,07321,FICAMHSI,2017-03-14,2021-04-19,EXACT,webbsite_full.sqlite/shortnames,2
webb_ccass,23535,webb:issue:23535,07221,FL2CAMHSI,2017-03-14,2021-04-19,EXACT,webbsite_full.sqlite/shortnames,2
webb_ccass,23639,webb:issue:23639,08439,SOMERLEY CAP,2017-03-28,,EXACT,webbsite_full.sqlite/shortnames,1
webb_ccass,23754,webb:issue:23754,07302,FI EFUND YT HSI,2017-03-20,2020-11-09,EXACT,webbsite_full.sqlite/shortnames,1
webb_ccass,23858,webb:issue:23858,01647,GRANDSHORES,2017-03-30,2018-09-17,EXACT,webbsite_full.sqlite/shortnames,2
webb_ccass,23859,webb:issue:23859,02281,XINGLU WATER,2017-03-31,,EXACT,webbsite_full.sqlite/shortnames,1
webb_ccass,23913,webb:issue:23913,02017,CHANHIGH,2017-03-31,,EXACT,webbsite_full.sqlite/shortnames,1
webb_ccass,23951,webb:issue:23951,01667,DIMMI LIFE HLDG,2017-04-07,2023-04-17,EXACT,webbsite_full.sqlite/shortnames,2
webb_ccass,24069,webb:issue:24069,08412;08557,NEW AMANTE,2017-04-07,2022-12-21,AMBIGUOUS,webbsite_full.sqlite/shortnames,5
webb_ccass,24070,webb:issue:24070,03768,DCWT,2017-04-06,,EXACT,webbsite_full.sqlite/shortnames,1
webb_ccass,24200,webb:issue:24200,09081,VALUEGOLD ETF-U,2017-03-31,,EXACT,webbsite_full.sqlite/shortnames,1
webb_ccass,24218,webb:issue:24218,08347;08580,F8 ENT,2017-04-12,2022-08-04,AMBIGUOUS,webbsite_full.sqlite/shortnames,5
webb_ccass,24269,webb:issue:24269,08309,MANSHING GLOBAL,2017-04-13,,EXACT,webbsite_full.sqlite/shortnames,1
webb_ccass,24299,webb:issue:24299,01850;02928;02973;08409,HSC RESOURCES,2017-04-18,2025-09-09,AMBIGUOUS,webbsite_full.sqlite/shortnames,11
webb_ccass,24303,webb:issue:24303,08413,ASIA GROCERY,2017-04-13,,EXACT,webbsite_full.sqlite/shortnames,1
webb_ccass,24305,webb:issue:24305,08455,LAI GROUP,2017-04-12,,EXACT,webbsite_full.sqlite/shortnames,1
webb_ccass,24306,webb:issue:24306,01410;08410,EDVANCE INTL,2017-04-19,2019-12-24,DATE_BOUNDED,webbsite_full.sqlite/shortnames,2
webb_ccass,24349,webb:issue:24349,02001,NEW HIGHER EDU,2017-04-19,,EXACT,webbsite_full.sqlite/shortnames,1
webb_ccass,24578,webb:issue:24578,01487,INT'L STD W1805,2017-05-12,2018-05-11,EXACT,webbsite_full.sqlite/shortnames,1
webb_ccass,24707,webb:issue:24707,01677,CH RENEW EN W18,2017-05-22,2018-05-21,EXACT,webbsite_full.sqlite/shortnames,1
webb_ccass,24709,webb:issue:24709,01257,CEB GREENTECH,2017-05-08,,EXACT,webbsite_full.sqlite/shortnames,1
webb_ccass,24753,webb:issue:24753,01915;08252,TAIHE M-FIN,2017-05-08,2019-07-17,DATE_BOUNDED,webbsite_full.sqlite/shortnames,2
webb_ccass,24794,webb:issue:24794,01655,OKURA HOLDINGS,2017-05-15,,EXACT,webbsite_full.sqlite/shortnames,1
webb_ccass,24910,webb:issue:24910,08452,FY FINANCIAL,2017-05-23,,EXACT,webbsite_full.sqlite/shortnames,1
webb_ccass,24914,webb:issue:24914,08365;08566,HATCHER GROUP,2017-05-26,2024-02-09,AMBIGUOUS,webbsite_full.sqlite/shortnames,6
webb_ccass,24950,webb:issue:24950,06038,G & M HLDGS,2017-06-13,,EXACT,webbsite_full.sqlite/shortnames,1
webb_ccass,24951,webb:issue:24951,01679;02925;02955,RISECOMM GP,2017-06-09,2025-09-23,AMBIGUOUS,webbsite_full.sqlite/shortnames,9
webb_ccass,24954,webb:issue:24954,01590,CHEUKNANG W1806,2017-06-22,2018-06-22,EXACT,webbsite_full.sqlite/shortnames,1
webb_ccass,24973,webb:issue:24973,08446;08591,BRIGHTSTAR TECH,2017-06-14,2023-08-01,AMBIGUOUS,webbsite_full.sqlite/shortnames,5
webb_ccass,24979,webb:issue:24979,02269;02963,WUXI BIO,2017-06-13,2020-12-21,AMBIGUOUS,webbsite_full.sqlite/shortnames,5
webb_ccass,24980,webb:issue:24980,01630,KIN SHING HLDGS,2017-06-16,,EXACT,webbsite_full.sqlite/shortnames,1
webb_ccass,24981,webb:issue:24981,08420,NEXION TECH,2017-06-16,,EXACT,webbsite_full.sqlite/shortnames,1
webb_ccass,24991,webb:issue:24991,01551,GRCB,2017-06-20,,EXACT,webbsite_full.sqlite/shortnames,1
webb_ccass,25018,webb:issue:25018,08460;08582,BASETROPHY GP,2017-06-27,2022-08-15,AMBIGUOUS,webbsite_full.sqlite/shortnames,5
webb_ccass,25023,webb:issue:25023,01571,XIN POINT HOLD,2017-06-28,,EXACT,webbsite_full.sqlite/shortnames,1
webb_ccass,25044,webb:issue:25044,08362,WINNING TOWER,2017-06-30,,EXACT,webbsite_full.sqlite/shortnames,1
webb_ccass,25045,webb:issue:25045,01932,CPM GROUP,2017-07-10,,EXACT,webbsite_full.sqlite/shortnames,1
webb_ccass,25046,webb:issue:25046,06113,BITSTRAT HLDGS,2017-07-12,2025-08-01,EXACT,webbsite_full.sqlite/shortnames,2
webb_ccass,25050,webb:issue:25050,02935;06069;08469,SY HOLDINGS,2017-07-06,2022-01-24,AMBIGUOUS,webbsite_full.sqlite/shortnames,6
webb_ccass,25052,webb:issue:25052,03848,HAOSEN FINTECH,2017-07-21,2023-09-04,EXACT,webbsite_full.sqlite/shortnames,2
webb_ccass,25053,webb:issue:25053,08405,HANG CHI HLDG,2017-07-12,2025-03-05,EXACT,webbsite_full.sqlite/shortnames,1
webb_ccass,25054,webb:issue:25054,08462,OMNIBRIDGE HLDG,2017-07-17,,EXACT,webbsite_full.sqlite/shortnames,1
webb_ccass,25055,webb:issue:25055,01702,DONGGUANG CHEM,2017-07-11,,EXACT,webbsite_full.sqlite/shortnames,1
webb_ccass,25056,webb:issue:25056,08291;08569;08598,HK ENT INTL,2017-07-18,2025-10-23,AMBIGUOUS,webbsite_full.sqlite/shortnames,14
webb_ccass,25057,webb:issue:25057,06088,FIT HON TENG,2017-07-13,,EXACT,webbsite_full.sqlite/shortnames,1
webb_ccass,25058,webb:issue:25058,01962,EVERGREEN PG,2017-07-12,,EXACT,webbsite_full.sqlite/shortnames,1
webb_ccass,25065,webb:issue:25065,82823,ISHARES A50-R,2017-07-07,,EXACT,webbsite_full.sqlite/shortnames,1
webb_ccass,25066,webb:issue:25066,01695,S&P INTL HLDG,2017-07-11,,EXACT,webbsite_full.sqlite/shortnames,1
webb_ccass,25067,webb:issue:25067,08406,CHINA ORAL IND,2017-12-07,2022-03-30,EXACT,webbsite_full.sqlite/shortnames,2
webb_ccass,25072,webb:issue:25072,08402,PLATEAU TL,2017-11-17,2023-10-04,EXACT,webbsite_full.sqlite/shortnames,2
webb_ccass,25073,webb:issue:25073,08481,SHENGLONG INTL,2017-07-17,,EXACT,webbsite_full.sqlite/shortnames,1
webb_ccass,25075,webb:issue:25075,06928;08463,TOMO HOLDINGS,2017-07-13,2019-12-23,DATE_BOUNDED,webbsite_full.sqlite/shortnames,2
webb_ccass,25076,webb:issue:25076,08465;09963,TRANSTECH,2017-07-20,2020-11-05,DATE_BOUNDED,webbsite_full.sqlite/shortnames,2
webb_ccass,25077,webb:issue:25077,01649,IMEEI,2017-07-18,2021-09-08,EXACT,webbsite_full.sqlite/shortnames,1
webb_ccass,25079,webb:issue:25079,08471,REACH NEW HLDGS,2017-07-21,,EXACT,webbsite_full.sqlite/shortnames,1
webb_ccass,25084,webb:issue:25084,01216,ZYBANK,2017-07-19,,EXACT,webbsite_full.sqlite/shortnames,1
webb_ccass,25086,webb:issue:25086,08472;08589,LAPCO HOLDINGS,2017-07-18,2023-09-05,AMBIGUOUS,webbsite_full.sqlite/shortnames,5
webb_ccass,25087,webb:issue:25087,08152,M&L HOLDINGS,2017-07-21,,EXACT,webbsite_full.sqlite/shortnames,1
webb_ccass,25088,webb:issue:25088,08073,SFSY NEW MAT,2017-07-21,2024-07-31,EXACT,webbsite_full.sqlite/shortnames,2
webb_ccass,25089,webb:issue:25089,08257,GENES TECH,2017-07-14,,EXACT,webbsite_full.sqlite/shortnames,1
webb_ccass,25090,webb:issue:25090,00994,CT VISION,2017-07-17,2025-12-22,EXACT,webbsite_full.sqlite/shortnames,4
webb_ccass,25096,webb:issue:25096,01676;02907,GAODI HOLDINGS,2017-07-18,2024-03-27,AMBIGUOUS,webbsite_full.sqlite/shortnames,7
webb_ccass,25097,webb:issue:25097,08427;08552;08566;08575,WS-SK TARGET,2017-07-19,2025-09-12,AMBIGUOUS,webbsite_full.sqlite/shortnames,13
webb_ccass,25133,webb:issue:25133,02102;08142,TAK LEE MACH,2017-07-27,2020-10-06,DATE_BOUNDED,webbsite_full.sqlite/shortnames,2
webb_ccass,25139,webb:issue:25139,02863,GOLDEN FAITH GP,2017-08-11,,EXACT,webbsite_full.sqlite/shortnames,1
webb_ccass,25141,webb:issue:25141,01693;02970,BGMC,2017-08-09,2024-09-16,AMBIGUOUS,webbsite_full.sqlite/shortnames,5
webb_ccass,25180,webb:issue:25180,07242,FL2EFUND YT HSI,2017-08-25,2020-11-09,EXACT,webbsite_full.sqlite/shortnames,1
webb_ccass,25197,webb:issue:25197,01552,BHCC HOLDING,2017-09-12,,EXACT,webbsite_full.sqlite/shortnames,1
webb_ccass,25203,webb:issue:25203,08383,LINOCRAFT HLDGS,2017-09-15,2025-01-23,EXACT,webbsite_full.sqlite/shortnames,1
webb_ccass,25208,webb:issue:25208,01696,SISRAM MED,2017-09-19,,EXACT,webbsite_full.sqlite/shortnames,1
webb_ccass,25213,webb:issue:25213,03830,KIDDIELAND,2017-09-21,,EXACT,webbsite_full.sqlite/shortnames,1
webb_ccass,25216,webb:issue:25216,01651,TSUGAMI CHINA,2017-09-25,,EXACT,webbsite_full.sqlite/shortnames,1
webb_ccass,25217,webb:issue:25217,08491;08568,COOL LINK,2017-09-22,2021-08-23,AMBIGUOUS,webbsite_full.sqlite/shortnames,5
webb_ccass,25221,webb:issue:25221,06966;08199,C WAN TONG YUAN,2017-09-27,2019-12-17,DATE_BOUNDED,webbsite_full.sqlite/shortnames,2
webb_ccass,25244,webb:issue:25244,06060,ZA ONLINE,2017-09-28,,EXACT,webbsite_full.sqlite/shortnames,1
webb_ccass,25246,webb:issue:25246,08445;08552,NOBLE ENG GP,2017-09-29,2021-06-07,AMBIGUOUS,webbsite_full.sqlite/shortnames,5
webb_ccass,25280,webb:issue:25280,06885,JINMA ENERGY,2017-10-10,,EXACT,webbsite_full.sqlite/shortnames,1
webb_ccass,25282,webb:issue:25282,01707,GEOTECH HLDGS,2017-10-12,,EXACT,webbsite_full.sqlite/shortnames,1
webb_ccass,25284,webb:issue:25284,08275;08568;08591,CHINA NEW CONS,2017-10-16,2023-06-14,AMBIGUOUS,webbsite_full.sqlite/shortnames,11
webb_ccass,25285,webb:issue:25285,08437;08570,RMH HOLDINGS,2017-10-13,2025-01-03,AMBIGUOUS,webbsite_full.sqlite/shortnames,5
webb_ccass,25286,webb:issue:25286,08065,KML TECH,2017-10-16,,EXACT,webbsite_full.sqlite/shortnames,1
webb_ccass,25287,webb:issue:25287,08476;09876,OCEAN ONE HLDG,2017-10-19,2025-11-03,DATE_BOUNDED,webbsite_full.sqlite/shortnames,2
webb_ccass,25293,webb:issue:25293,02337,UNITED STRENGTH,2017-10-16,,EXACT,webbsite_full.sqlite/shortnames,1
webb_ccass,25297,webb:issue:25297,08480,FURNIWEB,2017-10-16,,EXACT,webbsite_full.sqlite/shortnames,1
webb_ccass,25298,webb:issue:25298,06080,WING CHI HLDGS,2017-10-20,,EXACT,webbsite_full.sqlite/shortnames,1
webb_ccass,25299,webb:issue:25299,08392,SATU HOLDINGS,2017-10-16,,EXACT,webbsite_full.sqlite/shortnames,1
webb_ccass,25300,webb:issue:25300,01529;02904;08457,YUES INTL HLDG,2017-10-18,2024-12-13,AMBIGUOUS,webbsite_full.sqlite/shortnames,7
webb_ccass,25301,webb:issue:25301,01162;08470,LUMINA GROUP,2017-10-25,2020-04-20,DATE_BOUNDED,webbsite_full.sqlite/shortnames,2
webb_ccass,25302,webb:issue:25302,02225;02921,JINHAI MED TECH,2017-10-17,2025-01-21,AMBIGUOUS,webbsite_full.sqlite/shortnames,7
webb_ccass,25304,webb:issue:25304,08430;08559,C&N HOLDINGS,2017-10-18,2023-02-13,AMBIGUOUS,webbsite_full.sqlite/shortnames,5
webb_ccass,25306,webb:issue:25306,08436,TAKBO GROUP,2017-10-27,,EXACT,webbsite_full.sqlite/shortnames,1
webb_ccass,25377,webb:issue:25377,02803,PP BEDROCK,2017-10-24,2019-08-29,EXACT,webbsite_full.sqlite/shortnames,2
webb_ccass,25378,webb:issue:25378,03173,PP CN NEWECON,2017-10-24,2019-08-29,EXACT,webbsite_full.sqlite/shortnames,2
webb_ccass,25389,webb:issue:25389,02232,CRYSTAL INTL,2017-11-03,,EXACT,webbsite_full.sqlite/shortnames,1
webb_ccass,25390,webb:issue:25390,01720,PUTIAN COMM,2017-11-09,,EXACT,webbsite_full.sqlite/shortnames,1
webb_ccass,25391,webb:issue:25391,00772,CHINA LIT,2017-11-08,,EXACT,webbsite_full.sqlite/shortnames,1
webb_ccass,25398,webb:issue:25398,01706,SHUANG YUN HLDG,2017-11-15,2025-03-24,EXACT,webbsite_full.sqlite/shortnames,1
webb_ccass,25399,webb:issue:25399,08375;08555,DATA UNION CAP,2017-11-13,2025-06-18,AMBIGUOUS,webbsite_full.sqlite/shortnames,6
webb_ccass,25400,webb:issue:25400,08426,MODERN LIVING,2017-11-10,,EXACT,webbsite_full.sqlite/shortnames,1
webb_ccass,25401,webb:issue:25401,08400,ASIA PIONEER,2017-11-15,,EXACT,webbsite_full.sqlite/shortnames,1
webb_ccass,25402,webb:issue:25402,08376;09978,FINELAND LIVING,2017-11-15,2021-06-30,DATE_BOUNDED,webbsite_full.sqlite/shortnames,3
webb_ccass,25403,webb:issue:25403,02122,KIDSLAND INTL,2017-11-10,,EXACT,webbsite_full.sqlite/shortnames,1
webb_ccass,25404,webb:issue:25404,08118,BORTEX GLOBAL,2017-11-16,,EXACT,webbsite_full.sqlite/shortnames,1
webb_ccass,25405,webb:issue:25405,08373;08579,INDIGO STAR,2017-11-16,2025-01-09,AMBIGUOUS,webbsite_full.sqlite/shortnames,5
webb_ccass,25419,webb:issue:25419,01337,RAZER,2017-11-13,2022-05-13,EXACT,webbsite_full.sqlite/shortnames,1
webb_ccass,25420,webb:issue:25420,01975,SUN HING PRINT,2017-11-16,,EXACT,webbsite_full.sqlite/shortnames,1
webb_ccass,25421,webb:issue:25421,01997,WHARF REIC,2017-11-23,,EXACT,webbsite_full.sqlite/shortnames,1
webb_ccass,25448,webb:issue:25448,01710,TRIO IND ELEC,2017-11-23,,EXACT,webbsite_full.sqlite/shortnames,1
webb_ccass,25450,webb:issue:25450,03358,BESTWAY GLOBAL,2017-11-16,2021-10-12,EXACT,webbsite_full.sqlite/shortnames,1
webb_ccass,25453,webb:issue:25453,02858,YIXIN,2017-11-16,,EXACT,webbsite_full.sqlite/shortnames,1
webb_ccass,25477,webb:issue:25477,08495,1957 & CO.,2017-12-05,,EXACT,webbsite_full.sqlite/shortnames,1
webb_ccass,25481,webb:issue:25481,08429,SV VISION,2017-12-08,2022-09-01,EXACT,webbsite_full.sqlite/shortnames,2
webb_ccass,25485,webb:issue:25485,02227,SOLIS HOLDINGS,2017-12-11,,EXACT,webbsite_full.sqlite/shortnames,1
webb_ccass,25486,webb:issue:25486,01417,RIVERINE CHINA,2017-12-11,,EXACT,webbsite_full.sqlite/shortnames,1
webb_ccass,25490,webb:issue:25490,01697;02992,SDITC,2017-12-08,2019-01-30,AMBIGUOUS,webbsite_full.sqlite/shortnames,4
webb_ccass,25493,webb:issue:25493,06090,CENTURION CORP,2017-12-12,2023-11-02,EXACT,webbsite_full.sqlite/shortnames,1
webb_ccass,25498,webb:issue:25498,08385;08595,PROSPEROUSPRINT,2017-12-13,2023-10-04,AMBIGUOUS,webbsite_full.sqlite/shortnames,5
webb_ccass,25502,webb:issue:25502,01475,NISSIN FOODS,2017-12-11,,EXACT,webbsite_full.sqlite/shortnames,1
webb_ccass,25505,webb:issue:25505,08377;08566,HARBOUR EQUINE,2017-12-15,2022-11-21,AMBIGUOUS,webbsite_full.sqlite/shortnames,6
webb_ccass,25506,webb:issue:25506,01722,KIN PANG HLDGS,2017-12-15,,EXACT,webbsite_full.sqlite/shortnames,1
webb_ccass,25515,webb:issue:25515,02022,DIGIT HOLLYWOOD,2017-12-15,,EXACT,webbsite_full.sqlite/shortnames,1
webb_ccass,25520,webb:issue:25520,00839,CHINA EDU GROUP,2017-12-15,,EXACT,webbsite_full.sqlite/shortnames,1
webb_ccass,25521,webb:issue:25521,01727,HEBEI CONS,2017-12-15,,EXACT,webbsite_full.sqlite/shortnames,1
webb_ccass,25532,webb:issue:25532,01789,AK MEDICAL,2017-12-20,,EXACT,webbsite_full.sqlite/shortnames,1
webb_ccass,25590,webb:issue:25590,01815,EVEREST GOLD,2018-03-13,2025-04-29,EXACT,webbsite_full.sqlite/shortnames,2
webb_ccass,25604,webb:issue:25604,08419,AV PROMOTIONS,2017-12-21,,EXACT,webbsite_full.sqlite/shortnames,1
webb_ccass,25605,webb:issue:25605,03878,VICON HOLDINGS,2017-12-22,,EXACT,webbsite_full.sqlite/shortnames,1
webb_ccass,25629,webb:issue:25629,00784,LING YUI,2017-12-28,,EXACT,webbsite_full.sqlite/shortnames,1
webb_ccass,25647,webb:issue:25647,01481;08485,SMART GLOBE,2017-12-28,2020-12-11,DATE_BOUNDED,webbsite_full.sqlite/shortnames,2
webb_ccass,25651,webb:issue:25651,08422;08573,WT GROUP,2017-12-28,2022-05-23,AMBIGUOUS,webbsite_full.sqlite/shortnames,5
webb_ccass,25654,webb:issue:25654,02708,IBO TECH,2017-12-28,2025-12-08,EXACT,webbsite_full.sqlite/shortnames,1
webb_ccass,25681,webb:issue:25681,08501,SANBASE CORP,2018-01-04,,EXACT,webbsite_full.sqlite/shortnames,1
webb_ccass,25682,webb:issue:25682,01730,LHN,2017-12-29,2025-11-05,EXACT,webbsite_full.sqlite/shortnames,1
webb_ccass,25688,webb:issue:25688,02025,RUIFENG POWER,2018-01-05,,EXACT,webbsite_full.sqlite/shortnames,1
webb_ccass,25689,webb:issue:25689,02951;03738,VOBILE GROUP,2018-01-04,2021-08-19,AMBIGUOUS,webbsite_full.sqlite/shortnames,5
webb_ccass,25699,webb:issue:25699,08506,S&S INTERVALUE,2018-01-04,2022-06-07,EXACT,webbsite_full.sqlite/shortnames,2
webb_ccass,25750,webb:issue:25750,02292,THING ON ENT,2018-01-16,2025-09-19,EXACT,webbsite_full.sqlite/shortnames,1
webb_ccass,25752,webb:issue:25752,08287,META Y-TECH,2018-01-18,2023-12-04,EXACT,webbsite_full.sqlite/shortnames,2
webb_ccass,25753,webb:issue:25753,03080,PING AN CGB,2017-12-29,2023-12-01,EXACT,webbsite_full.sqlite/shortnames,1
webb_ccass,25754,webb:issue:25754,08313,ZACD,2018-01-16,,EXACT,webbsite_full.sqlite/shortnames,1
webb_ccass,25757,webb:issue:25757,06158,ZHENRO PPT,2018-01-16,,EXACT,webbsite_full.sqlite/shortnames,1
webb_ccass,25758,webb:issue:25758,02448;02948,SPACE GROUP,2018-01-16,2024-06-13,AMBIGUOUS,webbsite_full.sqlite/shortnames,5
webb_ccass,25794,webb:issue:25794,08043,ATLINKS,2018-01-19,,EXACT,webbsite_full.sqlite/shortnames,1
webb_ccass,25797,webb:issue:25797,02139,BANK OF GANSU,2018-01-18,,EXACT,webbsite_full.sqlite/shortnames,1
webb_ccass,25800,webb:issue:25800,01990,XINGHUA PORT,2018-02-12,2020-11-20,EXACT,webbsite_full.sqlite/shortnames,1
webb_ccass,25808,webb:issue:25808,01665;02945,PENTAMASTER,2018-01-19,2025-03-20,AMBIGUOUS,webbsite_full.sqlite/shortnames,4
webb_ccass,25809,webb:issue:25809,06182,TWINTEK,2018-01-17,,EXACT,webbsite_full.sqlite/shortnames,1
webb_ccass,25810,webb:issue:25810,08479;09689,JTF INTL,2018-01-17,2023-05-17,DATE_BOUNDED,webbsite_full.sqlite/shortnames,2
webb_ccass,25811,webb:issue:25811,08513,MAXWIN INT HLDG,2018-01-19,2024-02-08,EXACT,webbsite_full.sqlite/shortnames,2
webb_ccass,25812,webb:issue:25812,08285,SLING GROUP,2018-01-16,,EXACT,webbsite_full.sqlite/shortnames,1
webb_ccass,25816,webb:issue:25816,08493;08556,DRAGON KING GP,2018-01-16,2021-07-08,AMBIGUOUS,webbsite_full.sqlite/shortnames,5
webb_ccass,25817,webb:issue:25817,08371,TASTEGOURMET GP,2018-01-17,,EXACT,webbsite_full.sqlite/shortnames,1
webb_ccass,25818,webb:issue:25818,03699,EB GRAND CHINA,2018-01-16,,EXACT,webbsite_full.sqlite/shortnames,1
webb_ccass,25819,webb:issue:25819,08350,WELL LINK SEC,2018-01-12,2024-02-05,EXACT,webbsite_full.sqlite/shortnames,2
webb_ccass,25822,webb:issue:25822,03309,C-MER MEDICAL,2018-01-15,2024-06-27,EXACT,webbsite_full.sqlite/shortnames,2
webb_ccass,25823,webb:issue:25823,08487;08590,ISP GLOBAL,2018-01-16,2021-03-16,AMBIGUOUS,webbsite_full.sqlite/shortnames,4
webb_ccass,25824,webb:issue:25824,08509,WINE'S LINK,2018-01-12,,EXACT,webbsite_full.sqlite/shortnames,1
webb_ccass,25833,webb:issue:25833,02683,WAHSUN HANDBAGS,2018-01-22,,EXACT,webbsite_full.sqlite/shortnames,1
webb_ccass,25837,webb:issue:25837,08136,IMS GROUP,2018-01-25,,EXACT,webbsite_full.sqlite/shortnames,1
webb_ccass,25838,webb:issue:25838,08395,ZXZN QI-HOUSE,2018-01-25,2024-10-16,EXACT,webbsite_full.sqlite/shortnames,3
webb_ccass,25839,webb:issue:25839,08456;08559;08597,MANSION INTL,2018-01-26,2025-04-14,AMBIGUOUS,webbsite_full.sqlite/shortnames,9
webb_ccass,25896,webb:issue:25896,01711,ULFERTS,2018-01-29,,EXACT,webbsite_full.sqlite/shortnames,1
webb_ccass,25907,webb:issue:25907,08450,EDICO HOLDINGS,2018-02-02,,EXACT,webbsite_full.sqlite/shortnames,1
webb_ccass,25909,webb:issue:25909,02909;06829,DRAGON RISE GP,2018-02-08,2024-12-19,AMBIGUOUS,webbsite_full.sqlite/shortnames,5
webb_ccass,25913,webb:issue:25913,08519;08578;08579,XINXIANG ERA,2018-02-08,2025-11-25,AMBIGUOUS,webbsite_full.sqlite/shortnames,10
webb_ccass,25915,webb:issue:25915,03319,A-LIVING,2018-02-09,,EXACT,webbsite_full.sqlite/shortnames,1
webb_ccass,25920,webb:issue:25920,03197,CAM MSCI AINC,2018-02-07,2022-01-19,EXACT,webbsite_full.sqlite/shortnames,1
webb_ccass,25921,webb:issue:25921,83197,CAM MSCI AINC-R,2018-02-07,2022-01-19,EXACT,webbsite_full.sqlite/shortnames,1
webb_ccass,25923,webb:issue:25923,01621,VICO INTL HLDGS,2018-03-05,,EXACT,webbsite_full.sqlite/shortnames,1
webb_ccass,25925,webb:issue:25925,02926;08522;09900,ZCLOUD TECH CON,2018-02-13,2025-09-23,AMBIGUOUS,webbsite_full.sqlite/shortnames,7
webb_ccass,25926,webb:issue:25926,08473,MI MING MART,2018-02-12,,EXACT,webbsite_full.sqlite/shortnames,1
webb_ccass,25928,webb:issue:25928,01729;02963,TIME INTERCON,2018-02-13,2025-05-02,AMBIGUOUS,webbsite_full.sqlite/shortnames,4
webb_ccass,25929,webb:issue:25929,08379,PRIME INTEL,2018-02-14,,EXACT,webbsite_full.sqlite/shortnames,1
webb_ccass,25934,webb:issue:25934,09898,WB-SW,2021-12-08,,EXACT,webbsite_full.sqlite/shortnames,1
webb_ccass,25935,webb:issue:25935,08040,COOLPOINT INNO,2018-02-14,2022-09-06,EXACT,webbsite_full.sqlite/shortnames,2
webb_ccass,25936,webb:issue:25936,08535,VISTAR HOLDINGS,2018-02-12,,EXACT,webbsite_full.sqlite/shortnames,1
webb_ccass,25937,webb:issue:25937,08523,SHEUNG MOON,2018-02-12,2025-07-28,EXACT,webbsite_full.sqlite/shortnames,1
webb_ccass,25938,webb:issue:25938,08510;08569,TOPSTANDARDCORP,2018-02-13,2024-02-26,AMBIGUOUS,webbsite_full.sqlite/shortnames,5
webb_ccass,25939,webb:issue:25939,08532,POLYFAIR HLDGS,2018-02-23,,EXACT,webbsite_full.sqlite/shortnames,1
webb_ccass,25943,webb:issue:25943,01183,MECOM POWER,2018-02-13,,EXACT,webbsite_full.sqlite/shortnames,1
webb_ccass,25958,webb:issue:25958,08367;08585,SIMPLICITY HLDG,2018-02-26,2025-02-14,AMBIGUOUS,webbsite_full.sqlite/shortnames,5
webb_ccass,26017,webb:issue:26017,01933,ONEFORCE HLDGS,2018-03-02,,EXACT,webbsite_full.sqlite/shortnames,1
webb_ccass,26018,webb:issue:26018,08526;08560,WING FUNG GROUP,2018-02-27,2022-03-02,AMBIGUOUS,webbsite_full.sqlite/shortnames,5
webb_ccass,26020,webb:issue:26020,02182,TIAN CHANG GP,2018-03-08,,EXACT,webbsite_full.sqlite/shortnames,1
webb_ccass,26034,webb:issue:26034,08483,MAX SIGHT GROUP,2018-02-28,,EXACT,webbsite_full.sqlite/shortnames,1
webb_ccass,26078,webb:issue:26078,01705,B & S INTL HLDG,2018-03-14,,EXACT,webbsite_full.sqlite/shortnames,1
webb_ccass,26085,webb:issue:26085,02377,BOQI ENV,2018-03-16,,EXACT,webbsite_full.sqlite/shortnames,1
webb_ccass,26086,webb:issue:26086,06036,APEX ACE HLDG,2018-03-16,,EXACT,webbsite_full.sqlite/shortnames,1
webb_ccass,26087,webb:issue:26087,01737,A & S GROUP,2018-03-14,,EXACT,webbsite_full.sqlite/shortnames,1
webb_ccass,26094,webb:issue:26094,08168,AMASSE CAPITAL,2018-03-22,,EXACT,webbsite_full.sqlite/shortnames,1
webb_ccass,26124,webb:issue:26124,08448;08562;08599,UNI PRINTSHOP,2018-03-28,2025-04-25,AMBIGUOUS,webbsite_full.sqlite/shortnames,9
webb_ccass,26127,webb:issue:26127,02779,CH XINHUA EDU,2018-03-26,,EXACT,webbsite_full.sqlite/shortnames,1
webb_ccass,26130,webb:issue:26130,08401,STREAM IDEAS,2018-03-28,,EXACT,webbsite_full.sqlite/shortnames,1
webb_ccass,26131,webb:issue:26131,01716,MOST KWAI CHUNG,2018-03-28,,EXACT,webbsite_full.sqlite/shortnames,1
webb_ccass,26133,webb:issue:26133,08372,GBG HOLDINGS,2018-03-29,,EXACT,webbsite_full.sqlite/shortnames,1
webb_ccass,26135,webb:issue:26135,01735;02901;02925;02989,CENTRAL NEW EGY,2018-03-29,2024-01-31,AMBIGUOUS,webbsite_full.sqlite/shortnames,14
webb_ccass,26138,webb:issue:26138,02116,JS INNOV,2018-03-28,,EXACT,webbsite_full.sqlite/shortnames,1
webb_ccass,26142,webb:issue:26142,08241,YING KEE TEA,2018-04-16,,EXACT,webbsite_full.sqlite/shortnames,1
webb_ccass,26156,webb:issue:26156,83167,ICBCCSOPCHINA-R,2018-04-03,2018-06-01,EXACT,webbsite_full.sqlite/shortnames,2
webb_ccass,26157,webb:issue:26157,09167,ICBCCSOPCHINA-U,2018-04-03,2018-06-01,EXACT,webbsite_full.sqlite/shortnames,2
webb_ccass,26158,webb:issue:26158,09199,CSOP CTPBBOND-U,2018-04-03,2020-03-31,EXACT,webbsite_full.sqlite/shortnames,2
webb_ccass,26159,webb:issue:26159,08451,SUNLIGHT HLDGS,2018-04-16,,EXACT,webbsite_full.sqlite/shortnames,1
webb_ccass,26161,webb:issue:26161,01726,HKE HOLDINGS,2018-04-18,,EXACT,webbsite_full.sqlite/shortnames,1
webb_ccass,26168,webb:issue:26168,82805,VANGUARDASXJP-R,2018-04-09,2021-10-15,EXACT,webbsite_full.sqlite/shortnames,1
webb_ccass,26169,webb:issue:26169,09805,VANGUARDASXJP-U,2018-04-09,2021-10-15,EXACT,webbsite_full.sqlite/shortnames,1
webb_ccass,26170,webb:issue:26170,83101,VANGUARDDVEUR-R,2018-04-09,2021-08-02,EXACT,webbsite_full.sqlite/shortnames,1
webb_ccass,26171,webb:issue:26171,09101,VANGUARDDVEUR-U,2018-04-09,2021-08-02,EXACT,webbsite_full.sqlite/shortnames,1
webb_ccass,26172,webb:issue:26172,83126,VANGUARDJAPAN-R,2018-04-09,2021-08-02,EXACT,webbsite_full.sqlite/shortnames,1
webb_ccass,26173,webb:issue:26173,09126,VANGUARDJAPAN-U,2018-04-09,2021-08-02,EXACT,webbsite_full.sqlite/shortnames,1
webb_ccass,26174,webb:issue:26174,83085,VANGUARDAXJHY-R,2018-04-09,2021-10-15,EXACT,webbsite_full.sqlite/shortnames,1
webb_ccass,26175,webb:issue:26175,09085,VANGUARDAXJHY-U,2018-04-09,2021-10-15,EXACT,webbsite_full.sqlite/shortnames,1
webb_ccass,26176,webb:issue:26176,83140,VANGUARDSP500-R,2018-04-09,2021-08-02,EXACT,webbsite_full.sqlite/shortnames,1
webb_ccass,26177,webb:issue:26177,09140,VANGUARDSP500-U,2018-04-09,2021-08-02,EXACT,webbsite_full.sqlite/shortnames,1
webb_ccass,26178,webb:issue:26178,03186,CICCKRANECNET,2018-04-10,2023-04-21,EXACT,webbsite_full.sqlite/shortnames,1
webb_ccass,26179,webb:issue:26179,83186,CICCKRANECNET-R,2018-04-10,2023-04-21,EXACT,webbsite_full.sqlite/shortnames,1
webb_ccass,26180,webb:issue:26180,09186,CICCKRANECNET-U,2018-04-10,2023-04-21,EXACT,webbsite_full.sqlite/shortnames,1
webb_ccass,26181,webb:issue:26181,08447,MS CONCEPT,2018-04-16,,EXACT,webbsite_full.sqlite/shortnames,1
webb_ccass,26183,webb:issue:26183,08511;08565,MIN FU INTL,2018-04-20,2024-11-08,AMBIGUOUS,webbsite_full.sqlite/shortnames,6
webb_ccass,26184,webb:issue:26184,08507,I.CENTURY HLDG,2018-04-16,,EXACT,webbsite_full.sqlite/shortnames,1
webb_ccass,26207,webb:issue:26207,08151,BAO SHEN HLDGS,2018-04-23,2024-04-29,EXACT,webbsite_full.sqlite/shortnames,1
webb_ccass,26272,webb:issue:26272,01671,TIANBAO ENERGY,2018-04-27,,EXACT,webbsite_full.sqlite/shortnames,1
webb_ccass,26287,webb:issue:26287,08527,JLOGO HLDGS,2018-05-09,,EXACT,webbsite_full.sqlite/shortnames,1
webb_ccass,26291,webb:issue:26291,08107;08560;08598,FICUS TECH,2018-05-04,2024-08-30,AMBIGUOUS,webbsite_full.sqlite/shortnames,11
webb_ccass,26292,webb:issue:26292,01833,PA GOODDOCTOR,2018-05-04,,EXACT,webbsite_full.sqlite/shortnames,1
webb_ccass,26324,webb:issue:26324,01752,TOP EDUCATION,2018-05-11,,EXACT,webbsite_full.sqlite/shortnames,1
webb_ccass,26329,webb:issue:26329,01742,HPC HOLDINGS,2018-05-11,,EXACT,webbsite_full.sqlite/shortnames,1
webb_ccass,26330,webb:issue:26330,01750,REM GROUP HLDGS,2018-05-11,,EXACT,webbsite_full.sqlite/shortnames,1
webb_ccass,26331,webb:issue:26331,08391,CORNERSTONE TEC,2018-05-11,2020-10-22,EXACT,webbsite_full.sqlite/shortnames,2
webb_ccass,26334,webb:issue:26334,08105,KINGSLEY EDU,2018-05-16,2020-07-24,EXACT,webbsite_full.sqlite/shortnames,1
webb_ccass,26335,webb:issue:26335,08521,WEBX INTL HLDGS,2018-05-16,2024-08-01,EXACT,webbsite_full.sqlite/shortnames,2
webb_ccass,26337,webb:issue:26337,03169,VANGUARDCHINA,2018-05-10,2021-10-15,EXACT,webbsite_full.sqlite/shortnames,1
webb_ccass,26338,webb:issue:26338,83169,VANGUARDCHINA-R,2018-05-10,2021-10-15,EXACT,webbsite_full.sqlite/shortnames,1
webb_ccass,26339,webb:issue:26339,09169,VANGUARDCHINA-U,2018-05-10,2021-10-15,EXACT,webbsite_full.sqlite/shortnames,1
webb_ccass,26340,webb:issue:26340,08536;08569,TL NATURAL GAS,2018-05-18,2021-08-24,AMBIGUOUS,webbsite_full.sqlite/shortnames,5
webb_ccass,26464,webb:issue:26464,01598,21CENTURY EDU,2018-05-29,,EXACT,webbsite_full.sqlite/shortnames,1
webb_ccass,26465,webb:issue:26465,01978,LH GROUP,2018-05-30,,EXACT,webbsite_full.sqlite/shortnames,1
webb_ccass,26467,webb:issue:26467,08490,NICHE-TECH SEMI,2018-05-30,2022-10-07,EXACT,webbsite_full.sqlite/shortnames,2
webb_ccass,26469,webb:issue:26469,06119,TIAN YUAN GP,2018-06-01,,EXACT,webbsite_full.sqlite/shortnames,1
webb_ccass,26470,webb:issue:26470,08545,AMUSE GROUP,2018-05-31,,EXACT,webbsite_full.sqlite/shortnames,1
webb_ccass,26473,webb:issue:26473,01451,MS GROUP HLDGS,2018-06-01,,EXACT,webbsite_full.sqlite/shortnames,1
webb_ccass,26488,webb:issue:26488,01757,AFFLUENT FDN,2018-06-07,,EXACT,webbsite_full.sqlite/shortnames,1
webb_ccass,26525,webb:issue:26525,02813,CAM CTPB BOND,2018-06-06,2024-07-18,EXACT,webbsite_full.sqlite/shortnames,1
webb_ccass,26526,webb:issue:26526,82813,CAM CTPB BOND-R,2018-06-06,2024-07-18,EXACT,webbsite_full.sqlite/shortnames,1
webb_ccass,26527,webb:issue:26527,08403;08553;08577,DOWWAY,2018-06-12,2024-09-09,AMBIGUOUS,webbsite_full.sqlite/shortnames,8
webb_ccass,26530,webb:issue:26530,02003,VCREDIT,2018-06-21,,EXACT,webbsite_full.sqlite/shortnames,1
webb_ccass,26535,webb:issue:26535,06098,CG SERVICES,2018-06-19,,EXACT,webbsite_full.sqlite/shortnames,1
webb_ccass,26538,webb:issue:26538,01806,HUIFU PAYMENT,2018-06-15,2021-03-29,EXACT,webbsite_full.sqlite/shortnames,1
webb_ccass,26540,webb:issue:26540,08357,REPUBLIC HC,2018-06-15,,EXACT,webbsite_full.sqlite/shortnames,1
webb_ccass,26576,webb:issue:26576,01749,SHANSHAN,2018-06-27,,EXACT,webbsite_full.sqlite/shortnames,1
webb_ccass,26578,webb:issue:26578,08146,GRACEWINE,2018-06-27,,EXACT,webbsite_full.sqlite/shortnames,1
webb_ccass,26579,webb:issue:26579,02812,SAMSUNGCDGN,2018-06-20,2020-06-16,EXACT,webbsite_full.sqlite/shortnames,2
webb_ccass,26591,webb:issue:26591,01916,JIANGXI BANK,2018-06-26,,EXACT,webbsite_full.sqlite/shortnames,1
webb_ccass,26593,webb:issue:26593,01587,SHINEROAD INTL,2018-06-27,,EXACT,webbsite_full.sqlite/shortnames,1
webb_ccass,26595,webb:issue:26595,01620,CINESE INTL,2018-06-28,2021-11-18,EXACT,webbsite_full.sqlite/shortnames,2
webb_ccass,26602,webb:issue:26602,06100,TONGDAO LIEPIN,2018-06-29,2020-07-31,EXACT,webbsite_full.sqlite/shortnames,2
webb_ccass,26603,webb:issue:26603,01592;02957,ANCHORSTONE,2018-07-04,2025-12-01,AMBIGUOUS,webbsite_full.sqlite/shortnames,5
webb_ccass,26604,webb:issue:26604,08305,ST HLDGS,2018-07-04,2025-03-17,EXACT,webbsite_full.sqlite/shortnames,3
webb_ccass,26610,webb:issue:26610,01739,QEEKA HOME,2018-07-12,,EXACT,webbsite_full.sqlite/shortnames,1
webb_ccass,26620,webb:issue:26620,01763,CIRC,2018-07-06,,EXACT,webbsite_full.sqlite/shortnames,1
webb_ccass,26622,webb:issue:26622,02262,SLD GROUP,2018-07-05,,EXACT,webbsite_full.sqlite/shortnames,1
webb_ccass,26628,webb:issue:26628,01810,XIAOMI-W,2018-07-09,,EXACT,webbsite_full.sqlite/shortnames,1
webb_ccass,26630,webb:issue:26630,08223,ZYY,2018-07-09,,EXACT,webbsite_full.sqlite/shortnames,1
webb_ccass,26633,webb:issue:26633,06190,BANKOFJIUJIANG,2018-07-10,,EXACT,webbsite_full.sqlite/shortnames,1
webb_ccass,26654,webb:issue:26654,06860,FINGERTANGO,2018-07-12,,EXACT,webbsite_full.sqlite/shortnames,1
webb_ccass,26656,webb:issue:26656,08502,OCEAN LINE PORT,2018-07-10,,EXACT,webbsite_full.sqlite/shortnames,1
webb_ccass,26658,webb:issue:26658,01746,MAN SHUN GP,2018-07-11,,EXACT,webbsite_full.sqlite/shortnames,1
webb_ccass,26659,webb:issue:26659,01773,TIANLI INT HLDG,2018-07-12,2022-06-22,EXACT,webbsite_full.sqlite/shortnames,2
webb_ccass,26660,webb:issue:26660,08140,BOSATECH,2018-07-12,,EXACT,webbsite_full.sqlite/shortnames,1
webb_ccass,26662,webb:issue:26662,01652,FUSEN PHARM,2018-07-11,,EXACT,webbsite_full.sqlite/shortnames,1
webb_ccass,26663,webb:issue:26663,03053,A CSOP HKD MM,2018-07-18,2022-02-11,EXACT,webbsite_full.sqlite/shortnames,2
webb_ccass,26664,webb:issue:26664,83053,A CSOP HKD MM-R,2018-07-18,2022-02-11,EXACT,webbsite_full.sqlite/shortnames,2
webb_ccass,26666,webb:issue:26666,03700,INKEVERSE,2018-07-12,2022-08-12,EXACT,webbsite_full.sqlite/shortnames,2
webb_ccass,26667,webb:issue:26667,01743,CANGNAN INST,2019-01-04,2021-07-05,EXACT,webbsite_full.sqlite/shortnames,1
webb_ccass,26669,webb:issue:26669,08219;08597,HANVEY GROUP,2018-07-12,2021-12-24,AMBIGUOUS,webbsite_full.sqlite/shortnames,5
webb_ccass,26670,webb:issue:26670,01968,HINGTEX HLDGS,2018-07-16,,EXACT,webbsite_full.sqlite/shortnames,1
webb_ccass,26671,webb:issue:26671,01996,RSUN PPT,2018-07-12,,EXACT,webbsite_full.sqlite/shortnames,1
webb_ccass,26672,webb:issue:26672,01760,INTRON TECH,2018-07-12,,EXACT,webbsite_full.sqlite/shortnames,1
webb_ccass,26673,webb:issue:26673,08606,KINETIX SYSTEMS,2018-07-16,,EXACT,webbsite_full.sqlite/shortnames,1
webb_ccass,26677,webb:issue:26677,08525,BAIYING HOLDING,2018-07-18,2020-08-07,EXACT,webbsite_full.sqlite/shortnames,2
webb_ccass,26678,webb:issue:26678,01775,BEXCELLENT GP,2018-07-13,,EXACT,webbsite_full.sqlite/shortnames,1
webb_ccass,26681,webb:issue:26681,03302,KINERGY,2018-07-18,,EXACT,webbsite_full.sqlite/shortnames,1
webb_ccass,26687,webb:issue:26687,08036,EBROKER GROUP,2019-02-19,,EXACT,webbsite_full.sqlite/shortnames,1
webb_ccass,26688,webb:issue:26688,08540;08587,VICTORY SEC-2K,2018-07-16,2025-12-19,AMBIGUOUS,webbsite_full.sqlite/shortnames,3
webb_ccass,26689,webb:issue:26689,08547;08588,PACIFIC LEGEND,2018-07-18,2023-09-04,AMBIGUOUS,webbsite_full.sqlite/shortnames,5
webb_ccass,26692,webb:issue:26692,01576,QILU EXPRESSWAY,2018-07-19,,EXACT,webbsite_full.sqlite/shortnames,1
webb_ccass,26694,webb:issue:26694,00797,7ROAD,2018-07-18,,EXACT,webbsite_full.sqlite/shortnames,1
webb_ccass,26695,webb:issue:26695,01721,FSM HOLDINGS,2018-07-16,,EXACT,webbsite_full.sqlite/shortnames,1
webb_ccass,26696,webb:issue:26696,01715;02933,AI HEALTH TECH,2018-07-16,2025-08-13,AMBIGUOUS,webbsite_full.sqlite/shortnames,7
webb_ccass,26697,webb:issue:26697,02051,VALA,2018-07-13,2025-08-08,EXACT,webbsite_full.sqlite/shortnames,2
webb_ccass,26698,webb:issue:26698,08512,HYFUSIN GROUP,2018-07-19,,EXACT,webbsite_full.sqlite/shortnames,1
webb_ccass,26699,webb:issue:26699,01731,PROSPEROUS IND,2018-07-13,,EXACT,webbsite_full.sqlite/shortnames,1
webb_ccass,26705,webb:issue:26705,02048,E-HOUSE ENT,2018-07-20,,EXACT,webbsite_full.sqlite/shortnames,1
webb_ccass,26711,webb:issue:26711,01758,BOJUN EDU,2018-07-31,,EXACT,webbsite_full.sqlite/shortnames,1
webb_ccass,26712,webb:issue:26712,01672,ASCLETIS-B,2018-08-01,,EXACT,webbsite_full.sqlite/shortnames,1
webb_ccass,26713,webb:issue:26713,01765,XJ INTL HLDGS,2018-08-03,2024-02-08,EXACT,webbsite_full.sqlite/shortnames,2
webb_ccass,26715,webb:issue:26715,00788;02943,CHINA TOWER,2018-08-08,2025-03-27,AMBIGUOUS,webbsite_full.sqlite/shortnames,5
webb_ccass,26727,webb:issue:26727,06160,BEONE MEDICINES,2018-08-08,2025-10-22,EXACT,webbsite_full.sqlite/shortnames,3
webb_ccass,26729,webb:issue:26729,03181,PREMIAASIATEC,2018-08-06,,EXACT,webbsite_full.sqlite/shortnames,1
webb_ccass,26730,webb:issue:26730,09181,PREMIAASIATEC-U,2018-08-06,,EXACT,webbsite_full.sqlite/shortnames,1
webb_ccass,26731,webb:issue:26731,02810,PREMIAEMASEAN,2018-08-06,,EXACT,webbsite_full.sqlite/shortnames,1
webb_ccass,26732,webb:issue:26732,09810,PREMIAEMASEAN-U,2018-08-06,,EXACT,webbsite_full.sqlite/shortnames,1
webb_ccass,26737,webb:issue:26737,08475;08553,E-STATION GTECH,2018-08-13,2024-04-03,AMBIGUOUS,webbsite_full.sqlite/shortnames,6
webb_ccass,26745,webb:issue:26745,01725;02921,C STRATEGIC TEC,2018-08-16,2025-12-03,AMBIGUOUS,webbsite_full.sqlite/shortnames,7
webb_ccass,26747,webb:issue:26747,01783;02934;02945,ENVISION GREEN,2018-08-22,2025-10-31,AMBIGUOUS,webbsite_full.sqlite/shortnames,9
webb_ccass,26769,webb:issue:26769,08210,DLC ASIA,2018-08-27,,EXACT,webbsite_full.sqlite/shortnames,1
webb_ccass,26774,webb:issue:26774,08609,EGGRICULTURE,2018-09-07,2025-01-07,EXACT,webbsite_full.sqlite/shortnames,1
webb_ccass,26775,webb:issue:26775,08482;08587,WAN LEADER,2018-09-05,2025-02-26,AMBIGUOUS,webbsite_full.sqlite/shortnames,5
webb_ccass,26783,webb:issue:26783,01615,AB BUILDERS,2018-09-10,,EXACT,webbsite_full.sqlite/shortnames,1
webb_ccass,26784,webb:issue:26784,08601,BOLTEK,2018-09-13,,EXACT,webbsite_full.sqlite/shortnames,1
webb_ccass,26786,webb:issue:26786,01969,CHINA CHUNLAI,2018-09-13,,EXACT,webbsite_full.sqlite/shortnames,1
webb_ccass,26787,webb:issue:26787,08561;08588;08619,NIU HOLDINGS,2018-09-17,2025-08-18,AMBIGUOUS,webbsite_full.sqlite/shortnames,10
webb_ccass,26798,webb:issue:26798,02680;02998,INNOVAX HLDGS,2018-09-14,2024-11-29,AMBIGUOUS,webbsite_full.sqlite/shortnames,5
webb_ccass,26813,webb:issue:26813,02552,HUA MEDICINE-B,2018-09-14,,EXACT,webbsite_full.sqlite/shortnames,1
webb_ccass,26817,webb:issue:26817,03182,WISE NEWECONESG,2018-09-12,2024-05-20,EXACT,webbsite_full.sqlite/shortnames,2
webb_ccass,26818,webb:issue:26818,09618,JD-SW,2020-06-18,,EXACT,webbsite_full.sqlite/shortnames,1
webb_ccass,26823,webb:issue:26823,03690,MEITUAN-W,2018-09-20,,EXACT,webbsite_full.sqlite/shortnames,1
webb_ccass,26848,webb:issue:26848,01748,XIN YUAN ENT,2018-09-26,,EXACT,webbsite_full.sqlite/shortnames,1
webb_ccass,26849,webb:issue:26849,01723,MOON INC,2018-09-27,2025-06-12,EXACT,webbsite_full.sqlite/shortnames,2
webb_ccass,26852,webb:issue:26852,01595,STYLAND W1911,2018-11-07,2019-11-06,EXACT,webbsite_full.sqlite/shortnames,1
webb_ccass,26864,webb:issue:26864,06862,HAIDILAO,2018-09-26,,EXACT,webbsite_full.sqlite/shortnames,1
webb_ccass,26868,webb:issue:26868,01787,SD GOLD,2018-09-28,,EXACT,webbsite_full.sqlite/shortnames,1
webb_ccass,26870,webb:issue:26870,01911,CR HOLDINGS,2018-09-27,,EXACT,webbsite_full.sqlite/shortnames,1
webb_ccass,26872,webb:issue:26872,08017,TRADEGO,2018-09-28,,EXACT,webbsite_full.sqlite/shortnames,1
webb_ccass,26884,webb:issue:26884,01781,SC CREATIVE DEV,2018-10-04,2022-05-23,EXACT,webbsite_full.sqlite/shortnames,1
webb_ccass,26885,webb:issue:26885,01809,PRINX CHENGSHAN,2018-10-09,,EXACT,webbsite_full.sqlite/shortnames,1
webb_ccass,26886,webb:issue:26886,01540,LEFTFIELD PRINT,2018-10-08,,EXACT,webbsite_full.sqlite/shortnames,1
webb_ccass,26889,webb:issue:26889,01772,GANFENGLITHIUM,2018-10-11,,EXACT,webbsite_full.sqlite/shortnames,1
webb_ccass,26895,webb:issue:26895,08613,ORIENTAL PAY,2018-10-16,,EXACT,webbsite_full.sqlite/shortnames,1
webb_ccass,26896,webb:issue:26896,01939,SHANGSHAN GOLD,2018-10-11,2025-08-26,EXACT,webbsite_full.sqlite/shortnames,2
webb_ccass,26932,webb:issue:26932,08588;08603,FAMEGLOW-1K,2018-10-15,2025-12-18,AMBIGUOUS,webbsite_full.sqlite/shortnames,3
webb_ccass,26943,webb:issue:26943,08537;08582,CHONG FAI JEWEL,2019-03-27,2024-07-04,AMBIGUOUS,webbsite_full.sqlite/shortnames,6
webb_ccass,26944,webb:issue:26944,08516;08553;08565;08590,GRAND TALENTS,2018-10-15,2025-08-29,AMBIGUOUS,webbsite_full.sqlite/shortnames,12
webb_ccass,26950,webb:issue:26950,01825;02944,STERLING GP,2018-10-19,2021-08-10,AMBIGUOUS,webbsite_full.sqlite/shortnames,5
webb_ccass,26953,webb:issue:26953,01741,SHING CHI HLDGS,2018-10-16,2024-08-28,EXACT,webbsite_full.sqlite/shortnames,3
webb_ccass,26958,webb:issue:26958,03990,MIDEA REAL EST,2018-10-11,,EXACT,webbsite_full.sqlite/shortnames,1
webb_ccass,26962,webb:issue:26962,01894,HANG YICK HLDGS,2018-10-12,,EXACT,webbsite_full.sqlite/shortnames,1
webb_ccass,26963,webb:issue:26963,01653;02939,MOS HOUSE,2018-10-19,2020-10-14,AMBIGUOUS,webbsite_full.sqlite/shortnames,5
webb_ccass,26969,webb:issue:26969,06111,DAFA PPT,2018-10-11,2024-10-29,EXACT,webbsite_full.sqlite/shortnames,1
webb_ccass,26970,webb:issue:26970,08042,KOS INTL,2018-10-12,,EXACT,webbsite_full.sqlite/shortnames,1
webb_ccass,26971,webb:issue:26971,02682,YUN LEE MARINE,2019-03-18,,EXACT,webbsite_full.sqlite/shortnames,1
webb_ccass,26976,webb:issue:26976,08611,MINDTELL TECH,2018-10-22,,EXACT,webbsite_full.sqlite/shortnames,1
webb_ccass,27099,webb:issue:27099,01861,PRECIOUS DRAGON,2019-06-21,,EXACT,webbsite_full.sqlite/shortnames,1
webb_ccass,27129,webb:issue:27129,01034,FULLWEALTH,2018-10-30,2025-10-15,EXACT,webbsite_full.sqlite/shortnames,1
webb_ccass,27208,webb:issue:27208,02925;09688,ZAI LAB,2020-09-28,2022-11-11,AMBIGUOUS,webbsite_full.sqlite/shortnames,7
webb_ccass,27209,webb:issue:27209,01801,INNOVENT BIO,2018-10-31,2020-06-29,EXACT,webbsite_full.sqlite/shortnames,2
webb_ccass,27215,webb:issue:27215,01712,DRAGON MINING,2018-11-05,,EXACT,webbsite_full.sqlite/shortnames,1
webb_ccass,27216,webb:issue:27216,08259,HON CORP,2018-11-07,2022-06-22,EXACT,webbsite_full.sqlite/shortnames,1
webb_ccass,27220,webb:issue:27220,01755,S-ENJOY SERVICE,2018-11-06,2019-07-04,EXACT,webbsite_full.sqlite/shortnames,2
webb_ccass,27224,webb:issue:27224,03616,EVER REACH GP,2018-11-12,,EXACT,webbsite_full.sqlite/shortnames,1
webb_ccass,27228,webb:issue:27228,02258,WATTS INT'L,2018-11-19,,EXACT,webbsite_full.sqlite/shortnames,1
webb_ccass,27230,webb:issue:27230,06890,KANGLI INT HLDG,2018-11-19,,EXACT,webbsite_full.sqlite/shortnames,1
webb_ccass,27234,webb:issue:27234,01790,TIL ENVIRO,2018-11-29,,EXACT,webbsite_full.sqlite/shortnames,1
webb_ccass,27236,webb:issue:27236,01179;02943,HWORLD-S,2020-09-22,2022-08-05,AMBIGUOUS,webbsite_full.sqlite/shortnames,6
webb_ccass,27237,webb:issue:27237,01835,REALWAY CAPITAL,2018-11-13,,EXACT,webbsite_full.sqlite/shortnames,1
webb_ccass,27282,webb:issue:27282,00780,TONGCHENGTRAVEL,2018-11-26,2021-12-22,EXACT,webbsite_full.sqlite/shortnames,2
webb_ccass,27289,webb:issue:27289,01761,BABYTREE GROUP,2018-11-27,2024-12-09,EXACT,webbsite_full.sqlite/shortnames,1
webb_ccass,27308,webb:issue:27308,03166,PA QLTY FACTOR,2018-11-30,2023-12-01,EXACT,webbsite_full.sqlite/shortnames,1
webb_ccass,27309,webb:issue:27309,03163,PA MULTI-FACTOR,2018-11-30,2023-12-01,EXACT,webbsite_full.sqlite/shortnames,1
webb_ccass,27320,webb:issue:27320,02168,KAISA PROSPER,2018-12-06,2019-07-18,EXACT,webbsite_full.sqlite/shortnames,2
webb_ccass,27321,webb:issue:27321,09991,BAOZUN-W,2020-09-29,2022-11-01,EXACT,webbsite_full.sqlite/shortnames,2
webb_ccass,27322,webb:issue:27322,09698,GDS-SW,2020-11-02,,EXACT,webbsite_full.sqlite/shortnames,1
webb_ccass,27331,webb:issue:27331,01119,IDREAMSKY,2018-12-06,,EXACT,webbsite_full.sqlite/shortnames,1
webb_ccass,27332,webb:issue:27332,02798,PER ENERGY,2018-12-12,,EXACT,webbsite_full.sqlite/shortnames,1
webb_ccass,27334,webb:issue:27334,03093,CICCSELECT100,2018-12-05,2023-04-03,EXACT,webbsite_full.sqlite/shortnames,1
webb_ccass,27335,webb:issue:27335,83093,CICCSELECT100-R,2018-12-05,2023-04-03,EXACT,webbsite_full.sqlite/shortnames,1
webb_ccass,27336,webb:issue:27336,03992,CREATIVE HLDGS,2018-12-11,2021-10-07,EXACT,webbsite_full.sqlite/shortnames,1
webb_ccass,27337,webb:issue:27337,01837,NATURAL FOOD IH,2018-12-12,,EXACT,webbsite_full.sqlite/shortnames,1
webb_ccass,27341,webb:issue:27341,08622,HUAKANG BIOMED,2018-12-13,,EXACT,webbsite_full.sqlite/shortnames,1
webb_ccass,27342,webb:issue:27342,08621,METROPOLIS CAP,2018-12-12,,EXACT,webbsite_full.sqlite/shortnames,1
webb_ccass,27343,webb:issue:27343,01992,FOSUN TOURISM,2018-12-14,2025-03-20,EXACT,webbsite_full.sqlite/shortnames,1
webb_ccass,27346,webb:issue:27346,01860,MOBVISTA,2018-12-12,,EXACT,webbsite_full.sqlite/shortnames,1
webb_ccass,27347,webb:issue:27347,03198,PING AN 5HANDL,2018-12-07,2023-12-01,EXACT,webbsite_full.sqlite/shortnames,1
webb_ccass,27348,webb:issue:27348,03023,PA AI&ROBOTICS,2018-12-07,2023-12-01,EXACT,webbsite_full.sqlite/shortnames,1
webb_ccass,27349,webb:issue:27349,02359,WUXI APPTEC,2018-12-13,,EXACT,webbsite_full.sqlite/shortnames,1
webb_ccass,27358,webb:issue:27358,01983,LUZHOU BANK,2018-12-17,,EXACT,webbsite_full.sqlite/shortnames,1
webb_ccass,27360,webb:issue:27360,01995,ES SERVICES,2018-12-17,2024-04-18,EXACT,webbsite_full.sqlite/shortnames,3
webb_ccass,27361,webb:issue:27361,03079,CICC CGB,2018-12-12,2024-03-21,EXACT,webbsite_full.sqlite/shortnames,1
webb_ccass,27362,webb:issue:27362,83079,CICC CGB-R,2018-12-12,2024-03-21,EXACT,webbsite_full.sqlite/shortnames,1
webb_ccass,27364,webb:issue:27364,01675,ASIAINFO TECH,2018-12-19,,EXACT,webbsite_full.sqlite/shortnames,1
webb_ccass,27407,webb:issue:27407,01820,PM PACKAGING,2018-12-21,,EXACT,webbsite_full.sqlite/shortnames,1
webb_ccass,27408,webb:issue:27408,01762,WANKA ONLINE,2018-12-21,,EXACT,webbsite_full.sqlite/shortnames,1
webb_ccass,27409,webb:issue:27409,02892,MILLION CITIES,2018-12-20,,EXACT,webbsite_full.sqlite/shortnames,1
webb_ccass,27410,webb:issue:27410,03868,XINYI ENERGY,2019-05-28,,EXACT,webbsite_full.sqlite/shortnames,1
webb_ccass,27413,webb:issue:27413,01877;02950,JUNSHI BIO,2018-12-24,2020-07-15,AMBIGUOUS,webbsite_full.sqlite/shortnames,5
webb_ccass,27416,webb:issue:27416,03978,BESTSTUDY EDU,2018-12-27,,EXACT,webbsite_full.sqlite/shortnames,1
webb_ccass,27418,webb:issue:27418,01713,SICHUAN EN INV,2018-12-28,,EXACT,webbsite_full.sqlite/shortnames,1
webb_ccass,27448,webb:issue:27448,01796,METASPACEX,2018-12-31,2024-08-27,EXACT,webbsite_full.sqlite/shortnames,2
webb_ccass,27449,webb:issue:27449,01759,SINO GAS HLDGS,2018-12-28,,EXACT,webbsite_full.sqlite/shortnames,1
webb_ccass,27458,webb:issue:27458,01845,WG ENV TECH,2019-01-03,,EXACT,webbsite_full.sqlite/shortnames,1
webb_ccass,27461,webb:issue:27461,01851,GINGKO EDU,2019-01-18,,EXACT,webbsite_full.sqlite/shortnames,1
webb_ccass,27462,webb:issue:27462,08575;08631,YUFENGCHANG HLD,2019-01-08,2025-02-18,AMBIGUOUS,webbsite_full.sqlite/shortnames,6
webb_ccass,27464,webb:issue:27464,01698,TME-SW,2022-09-21,,EXACT,webbsite_full.sqlite/shortnames,1
webb_ccass,27466,webb:issue:27466,01785,CHENGDU EXPWAY,2019-01-15,,EXACT,webbsite_full.sqlite/shortnames,1
webb_ccass,27468,webb:issue:27468,02360,BEST MART 360,2019-01-11,,EXACT,webbsite_full.sqlite/shortnames,1
webb_ccass,27469,webb:issue:27469,02885,PEIPORT HOLD,2019-01-11,,EXACT,webbsite_full.sqlite/shortnames,1
webb_ccass,27470,webb:issue:27470,06162,TR INTERIORS,2019-01-15,,EXACT,webbsite_full.sqlite/shortnames,1
webb_ccass,27471,webb:issue:27471,02013,WEIMOB INC,2019-01-15,,EXACT,webbsite_full.sqlite/shortnames,1
webb_ccass,27472,webb:issue:27472,01767,TS WONDERS,2019-01-14,,EXACT,webbsite_full.sqlite/shortnames,1
webb_ccass,27496,webb:issue:27496,01890,CHINA KEPEI,2019-01-25,,EXACT,webbsite_full.sqlite/shortnames,1
webb_ccass,27499,webb:issue:27499,03096,A CSOP USD MM,2019-01-25,2022-02-11,EXACT,webbsite_full.sqlite/shortnames,2
webb_ccass,27500,webb:issue:27500,09096,A CSOP USD MM-U,2019-01-25,2022-02-11,EXACT,webbsite_full.sqlite/shortnames,2
webb_ccass,27514,webb:issue:27514,01896,MAOYAN ENT,2019-02-04,,EXACT,webbsite_full.sqlite/shortnames,1
webb_ccass,27519,webb:issue:27519,01793,WECON HOLDINGS,2019-02-27,,EXACT,webbsite_full.sqlite/shortnames,1
webb_ccass,27521,webb:issue:27521,01703,WELIFE TECH,2019-02-15,2022-12-29,EXACT,webbsite_full.sqlite/shortnames,2
webb_ccass,27654,webb:issue:27654,08607,NARNIA GROUP,2019-02-26,2025-05-08,EXACT,webbsite_full.sqlite/shortnames,1
webb_ccass,27655,webb:issue:27655,01872;02954,GUAN CHAO HLDGS,2019-02-28,2024-07-03,AMBIGUOUS,webbsite_full.sqlite/shortnames,5
webb_ccass,27662,webb:issue:27662,02616,CSTONE PHARMA-B,2019-02-26,,EXACT,webbsite_full.sqlite/shortnames,1
webb_ccass,27664,webb:issue:27664,02019,DEXIN CHINA,2019-02-26,,EXACT,webbsite_full.sqlite/shortnames,1
webb_ccass,27665,webb:issue:27665,01025;02999,KNT HOLDINGS,2019-02-28,2024-12-05,AMBIGUOUS,webbsite_full.sqlite/shortnames,5
webb_ccass,27681,webb:issue:27681,02108,K2 F&B,2019-03-06,,EXACT,webbsite_full.sqlite/shortnames,1
webb_ccass,27684,webb:issue:27684,01902,YINCHENG INTL,2019-03-06,2025-03-31,EXACT,webbsite_full.sqlite/shortnames,1
webb_ccass,27691,webb:issue:27691,01158,NC HOTEL,2019-03-11,2021-05-24,EXACT,webbsite_full.sqlite/shortnames,1
webb_ccass,27693,webb:issue:27693,08096;08590,TASTY CONCEPTS,2019-03-15,2022-09-15,AMBIGUOUS,webbsite_full.sqlite/shortnames,5
webb_ccass,27694,webb:issue:27694,01891,HENG HUP,2019-03-15,,EXACT,webbsite_full.sqlite/shortnames,1
webb_ccass,27695,webb:issue:27695,01897,MILLIONHOPE IND,2019-03-19,,EXACT,webbsite_full.sqlite/shortnames,1
webb_ccass,27698,webb:issue:27698,01917,DOUMOB,2019-03-14,,EXACT,webbsite_full.sqlite/shortnames,1
webb_ccass,27703,webb:issue:27703,03316,BINJIANG SER,2019-03-15,,EXACT,webbsite_full.sqlite/shortnames,1
webb_ccass,27704,webb:issue:27704,01563;02911,ALLI INTL ED LE,2019-03-15,2023-03-22,AMBIGUOUS,webbsite_full.sqlite/shortnames,5
webb_ccass,27707,webb:issue:27707,01907,CHINA RISUN GP,2019-03-15,,EXACT,webbsite_full.sqlite/shortnames,1
webb_ccass,27708,webb:issue:27708,03662,STARJOY W&T,2019-03-18,2024-01-23,EXACT,webbsite_full.sqlite/shortnames,2
webb_ccass,27732,webb:issue:27732,09141,CAM ASIA IGB-U,2019-03-11,2021-05-28,EXACT,webbsite_full.sqlite/shortnames,2
webb_ccass,27733,webb:issue:27733,09086,CAM NASDAQ100-U,2019-03-11,2021-05-28,EXACT,webbsite_full.sqlite/shortnames,2
webb_ccass,27782,webb:issue:27782,02718,DONGZHENG AFC,2019-04-03,2024-04-29,EXACT,webbsite_full.sqlite/shortnames,1
webb_ccass,27787,webb:issue:27787,01865;02981,PENGO HLDG GP,2019-03-27,2025-05-16,AMBIGUOUS,webbsite_full.sqlite/shortnames,7
webb_ccass,27789,webb:issue:27789,01797,EAST BUY,2019-03-28,2023-03-14,EXACT,webbsite_full.sqlite/shortnames,2
webb_ccass,27799,webb:issue:27799,06185,CANSINOBIO,2019-03-28,2022-05-31,EXACT,webbsite_full.sqlite/shortnames,2
webb_ccass,27803,webb:issue:27803,06819,INTELLICENTRICS,2019-03-27,2024-05-08,EXACT,webbsite_full.sqlite/shortnames,1
webb_ccass,27871,webb:issue:27871,01839,CIMC VEHICLES,2019-07-11,2024-06-04,EXACT,webbsite_full.sqlite/shortnames,1
webb_ccass,27872,webb:issue:27872,02660,ZENGAME,2019-04-16,,EXACT,webbsite_full.sqlite/shortnames,1
webb_ccass,27882,webb:issue:27882,03321,WAI HUNG GROUP,2019-04-23,,EXACT,webbsite_full.sqlite/shortnames,1
webb_ccass,27886,webb:issue:27886,01545,DESIGN CAPITAL,2019-04-25,,EXACT,webbsite_full.sqlite/shortnames,1
webb_ccass,27896,webb:issue:27896,01906,BONNY HLDG,2019-04-26,,EXACT,webbsite_full.sqlite/shortnames,1
webb_ccass,27897,webb:issue:27897,06806,SWHY,2019-04-26,,EXACT,webbsite_full.sqlite/shortnames,1
webb_ccass,27899,webb:issue:27899,01780,RONGZUN INT'L H,2019-04-30,2024-05-16,EXACT,webbsite_full.sqlite/shortnames,2
webb_ccass,27900,webb:issue:27900,08635,ELEPHANT HLDGS,2019-05-02,2025-06-25,EXACT,webbsite_full.sqlite/shortnames,2
webb_ccass,27922,webb:issue:27922,01753,DUIBA,2019-05-07,,EXACT,webbsite_full.sqlite/shortnames,1
webb_ccass,27925,webb:issue:27925,01903,JBB BUILDERS,2019-05-10,,EXACT,webbsite_full.sqlite/shortnames,1
webb_ccass,27929,webb:issue:27929,01873,VIVA BIOTECH,2019-05-09,,EXACT,webbsite_full.sqlite/shortnames,1
webb_ccass,27931,webb:issue:27931,02346,UNIVERSAL STAR,2019-05-16,2024-01-26,EXACT,webbsite_full.sqlite/shortnames,1
webb_ccass,27932,webb:issue:27932,02230,MEDIALINK GROUP,2019-05-21,,EXACT,webbsite_full.sqlite/shortnames,1
webb_ccass,27933,webb:issue:27933,01832,SAI LEISURE,2019-05-16,,EXACT,webbsite_full.sqlite/shortnames,1
webb_ccass,27964,webb:issue:27964,01905,HAITONG UT,2019-06-03,,EXACT,webbsite_full.sqlite/shortnames,1
webb_ccass,27974,webb:issue:27974,01817,MULSANNE GROUP,2019-05-27,,EXACT,webbsite_full.sqlite/shortnames,1
webb_ccass,27986,webb:issue:27986,01521,FRONTAGE,2019-05-30,,EXACT,webbsite_full.sqlite/shortnames,1
webb_ccass,27988,webb:issue:27988,02060,PUJIANG INTL,2019-05-28,2025-10-27,EXACT,webbsite_full.sqlite/shortnames,1
webb_ccass,27993,webb:issue:27993,02181,MABPHARM-B,2019-05-31,,EXACT,webbsite_full.sqlite/shortnames,1
webb_ccass,28005,webb:issue:28005,07500,FI2 CSOP HSI,2019-05-28,,EXACT,webbsite_full.sqlite/shortnames,1
webb_ccass,28009,webb:issue:28009,06055,CTIHK,2019-06-12,,EXACT,webbsite_full.sqlite/shortnames,1
webb_ccass,28010,webb:issue:28010,03877,CSSC SHIPPING,2019-06-17,,EXACT,webbsite_full.sqlite/shortnames,1
webb_ccass,28028,webb:issue:28028,06811,TAI HING GROUP,2019-06-13,,EXACT,webbsite_full.sqlite/shortnames,1
webb_ccass,28030,webb:issue:28030,00667,CHINA EAST EDU,2019-06-12,,EXACT,webbsite_full.sqlite/shortnames,1
webb_ccass,28031,webb:issue:28031,02189,KATO (HK) HLDGS,2019-06-13,,EXACT,webbsite_full.sqlite/shortnames,1
webb_ccass,28062,webb:issue:28062,01935,JH EDUCATION,2019-06-18,,EXACT,webbsite_full.sqlite/shortnames,1
webb_ccass,28065,webb:issue:28065,06117,RIZHAO PORT JR,2019-06-19,,EXACT,webbsite_full.sqlite/shortnames,1
webb_ccass,28070,webb:issue:28070,03692,HANSOH PHARMA,2019-06-14,,EXACT,webbsite_full.sqlite/shortnames,1
webb_ccass,28123,webb:issue:28123,01821,ESR,2019-11-01,2025-07-04,EXACT,webbsite_full.sqlite/shortnames,1
webb_ccass,28126,webb:issue:28126,01769,SCHOLAR EDU,2019-06-21,,EXACT,webbsite_full.sqlite/shortnames,1
webb_ccass,28127,webb:issue:28127,03011,A ICBCCICCUSD,2019-06-18,,EXACT,webbsite_full.sqlite/shortnames,1
webb_ccass,28128,webb:issue:28128,09011,A ICBCCICCUSD-U,2019-06-18,,EXACT,webbsite_full.sqlite/shortnames,1
webb_ccass,28129,webb:issue:28129,01849,AM GROUP,2019-06-26,,EXACT,webbsite_full.sqlite/shortnames,1
webb_ccass,28133,webb:issue:28133,01951;02966,JXR,2019-06-25,2021-09-17,AMBIGUOUS,webbsite_full.sqlite/shortnames,4
webb_ccass,28134,webb:issue:28134,01842,GROWN UP GROUP,2019-06-28,,EXACT,webbsite_full.sqlite/shortnames,1
webb_ccass,28135,webb:issue:28135,01930,SHINELONG,2019-06-28,,EXACT,webbsite_full.sqlite/shortnames,1
webb_ccass,28136,webb:issue:28136,01286,IMPRO PRECISION,2019-06-28,,EXACT,webbsite_full.sqlite/shortnames,1
webb_ccass,28137,webb:issue:28137,01701,TU YI HLDG,2019-06-28,,EXACT,webbsite_full.sqlite/shortnames,1
webb_ccass,28140,webb:issue:28140,01901,FEIYANG GROUP,2019-06-28,,EXACT,webbsite_full.sqlite/shortnames,1
webb_ccass,28141,webb:issue:28141,03798,HOMELAND ITL,2019-07-04,,EXACT,webbsite_full.sqlite/shortnames,1
webb_ccass,28142,webb:issue:28142,01943,KING'S STONE,2019-06-28,2024-09-25,EXACT,webbsite_full.sqlite/shortnames,2
webb_ccass,28149,webb:issue:28149,00924,KHOON GROUP,2019-07-05,,EXACT,webbsite_full.sqlite/shortnames,1
webb_ccass,28152,webb:issue:28152,08572;08612,WORLD SUPER,2019-07-12,2025-01-03,AMBIGUOUS,webbsite_full.sqlite/shortnames,5
webb_ccass,28156,webb:issue:28156,02772,ZHONGLIANG HLDG,2019-07-16,,EXACT,webbsite_full.sqlite/shortnames,1
webb_ccass,28161,webb:issue:28161,02180,MANPOWER GRC,2019-07-10,,EXACT,webbsite_full.sqlite/shortnames,1
webb_ccass,28206,webb:issue:28206,06093,HEVOL SERVICES,2019-07-12,,EXACT,webbsite_full.sqlite/shortnames,1
webb_ccass,28207,webb:issue:28207,06805,KIMOU ENVIRON,2019-07-16,,EXACT,webbsite_full.sqlite/shortnames,1
webb_ccass,28208,webb:issue:28208,01931,IVD MEDICAL,2019-07-12,,EXACT,webbsite_full.sqlite/shortnames,1
webb_ccass,28209,webb:issue:28209,01134,KELFRED,2019-07-16,,EXACT,webbsite_full.sqlite/shortnames,1
webb_ccass,28210,webb:issue:28210,01977,ANALOGUE HLDGS,2019-07-12,,EXACT,webbsite_full.sqlite/shortnames,1
webb_ccass,28212,webb:issue:28212,01949;02985,PLATT NERA-OLD,2019-07-16,2025-12-19,AMBIGUOUS,webbsite_full.sqlite/shortnames,4
webb_ccass,28219,webb:issue:28219,02558,JINSHANG BANK,2019-07-18,,EXACT,webbsite_full.sqlite/shortnames,1
webb_ccass,28221,webb:issue:28221,08208,WMCH GLOBAL,2019-11-29,,EXACT,webbsite_full.sqlite/shortnames,1
webb_ccass,28222,webb:issue:28222,01912;02972,CONTEL-OLD,2019-07-16,2025-12-05,AMBIGUOUS,webbsite_full.sqlite/shortnames,4
webb_ccass,28224,webb:issue:28224,00382,EDVANTAGE GROUP,2019-07-16,,EXACT,webbsite_full.sqlite/shortnames,1
webb_ccass,28227,webb:issue:28227,02804,PREMIA VIET,2019-07-18,,EXACT,webbsite_full.sqlite/shortnames,1
webb_ccass,28228,webb:issue:28228,09804,PREMIA VIET-U,2019-07-18,,EXACT,webbsite_full.sqlite/shortnames,1
webb_ccass,28229,webb:issue:28229,03077,PREMIA UST,2019-07-18,2019-10-21,EXACT,webbsite_full.sqlite/shortnames,2
webb_ccass,28230,webb:issue:28230,09077,PREMIA UST-U,2019-07-18,2019-10-21,EXACT,webbsite_full.sqlite/shortnames,2
webb_ccass,28233,webb:issue:28233,01876,BUD APAC,2019-09-30,,EXACT,webbsite_full.sqlite/shortnames,1
webb_ccass,28237,webb:issue:28237,01807,GOLDENCEN W2010,2019-10-17,2020-10-16,EXACT,webbsite_full.sqlite/shortnames,2
webb_ccass,28244,webb:issue:28244,02826,GX CN CLOUD,2019-07-25,2019-11-01,EXACT,webbsite_full.sqlite/shortnames,2
webb_ccass,28245,webb:issue:28245,09826,GX CN CLOUD-U,2019-07-25,2019-11-01,EXACT,webbsite_full.sqlite/shortnames,2
webb_ccass,28246,webb:issue:28246,02820,GX CN BIOTECH,2019-07-25,2019-11-01,EXACT,webbsite_full.sqlite/shortnames,2
webb_ccass,28247,webb:issue:28247,09820,GX CN BIOTECH-U,2019-07-25,2019-11-01,EXACT,webbsite_full.sqlite/shortnames,2
webb_ccass,28253,webb:issue:28253,01920;02964,CHINA WACAN,2019-08-16,2024-12-13,AMBIGUOUS,webbsite_full.sqlite/shortnames,6
webb_ccass,28317,webb:issue:28317,01435,STYLAND W2011,2019-11-19,2020-11-18,EXACT,webbsite_full.sqlite/shortnames,1
webb_ccass,28321,webb:issue:28321,09803,PP BEDROCK-U,2019-08-29,,EXACT,webbsite_full.sqlite/shortnames,1
webb_ccass,28322,webb:issue:28322,09173,PP CN NEWECON-U,2019-08-29,,EXACT,webbsite_full.sqlite/shortnames,1
webb_ccass,28336,webb:issue:28336,03928,CHINA NEXT-GEN,2019-09-19,2024-12-31,EXACT,webbsite_full.sqlite/shortnames,2
webb_ccass,28347,webb:issue:28347,07522,FI2CAMNDQ100,2019-09-06,2021-09-08,EXACT,webbsite_full.sqlite/shortnames,2
webb_ccass,28366,webb:issue:28366,02696,HENLIUS,2019-09-25,2021-04-23,EXACT,webbsite_full.sqlite/shortnames,2
webb_ccass,28371,webb:issue:28371,08668,YING HAI GROUP,2019-09-26,,EXACT,webbsite_full.sqlite/shortnames,1
webb_ccass,28402,webb:issue:28402,07568,FI2CSOPNASDAQ,2019-09-19,,EXACT,webbsite_full.sqlite/shortnames,1
webb_ccass,28405,webb:issue:28405,01960,TBKS HLDGS,2019-09-30,,EXACT,webbsite_full.sqlite/shortnames,1
webb_ccass,28407,webb:issue:28407,03938,LFG INV HLDGS,2019-09-30,,EXACT,webbsite_full.sqlite/shortnames,1
webb_ccass,28411,webb:issue:28411,09078,PREMIA UST A-U,2019-09-27,,EXACT,webbsite_full.sqlite/shortnames,1
webb_ccass,28416,webb:issue:28416,06820,FRIENDTIMES,2019-10-08,,EXACT,webbsite_full.sqlite/shortnames,1
webb_ccass,28419,webb:issue:28419,01895,XINYUAN PM,2019-10-11,,EXACT,webbsite_full.sqlite/shortnames,1
webb_ccass,28420,webb:issue:28420,03601,LUDASHI,2019-10-10,,EXACT,webbsite_full.sqlite/shortnames,1
webb_ccass,28423,webb:issue:28423,06110,TOPSPORTS,2019-10-10,,EXACT,webbsite_full.sqlite/shortnames,1
webb_ccass,28430,webb:issue:28430,01283,ACCEL GROUP,2019-10-18,,EXACT,webbsite_full.sqlite/shortnames,1
webb_ccass,28431,webb:issue:28431,08418;08582,OPTIMA AUTO,2019-10-11,2021-10-20,AMBIGUOUS,webbsite_full.sqlite/shortnames,4
webb_ccass,28432,webb:issue:28432,01582,CR CONSTRUCTION,2019-10-16,,EXACT,webbsite_full.sqlite/shortnames,1
webb_ccass,28436,webb:issue:28436,01955,JOHNSON HLDGS,2019-10-16,,EXACT,webbsite_full.sqlite/shortnames,1
webb_ccass,28437,webb:issue:28437,01853,CHUNCHENG HEAT,2019-10-24,,EXACT,webbsite_full.sqlite/shortnames,1
webb_ccass,28439,webb:issue:28439,01967;02905,CONFIDENCE IN,2019-10-18,2023-01-27,AMBIGUOUS,webbsite_full.sqlite/shortnames,4
webb_ccass,28440,webb:issue:28440,06663;08441,IWS GROUP,2019-10-22,2022-03-07,DATE_BOUNDED,webbsite_full.sqlite/shortnames,2
webb_ccass,28452,webb:issue:28452,01959,CENT UNIT HLDG,2019-10-18,,EXACT,webbsite_full.sqlite/shortnames,1
webb_ccass,28454,webb:issue:28454,01843,SNACK EMPIRE,2019-10-23,,EXACT,webbsite_full.sqlite/shortnames,1
webb_ccass,28458,webb:issue:28458,01846,EUROEYES,2019-10-15,,EXACT,webbsite_full.sqlite/shortnames,1
webb_ccass,28460,webb:issue:28460,01084,GREEN FRESH BIO,2019-10-17,2025-07-22,EXACT,webbsite_full.sqlite/shortnames,2
webb_ccass,28463,webb:issue:28463,02606,LANGUANGJUSTBON,2019-10-18,2021-08-20,EXACT,webbsite_full.sqlite/shortnames,1
webb_ccass,28468,webb:issue:28468,01871,CHINA ORIENTED,2019-10-24,,EXACT,webbsite_full.sqlite/shortnames,1
webb_ccass,28537,webb:issue:28537,01692,TOWNRAY HLDGS,2019-10-25,,EXACT,webbsite_full.sqlite/shortnames,1
webb_ccass,28539,webb:issue:28539,06855,ASCENTAGE-B,2019-10-28,,EXACT,webbsite_full.sqlite/shortnames,1
webb_ccass,28540,webb:issue:28540,03072,AMOVA INET,2019-10-24,2025-09-01,EXACT,webbsite_full.sqlite/shortnames,2
webb_ccass,28541,webb:issue:28541,09072,AMOVA INET-U,2019-10-24,2025-09-01,EXACT,webbsite_full.sqlite/shortnames,2
webb_ccass,28542,webb:issue:28542,00302,CMGE,2019-10-31,,EXACT,webbsite_full.sqlite/shortnames,1
webb_ccass,28546,webb:issue:28546,01847,GHPC,2019-10-31,,EXACT,webbsite_full.sqlite/shortnames,1
webb_ccass,28548,webb:issue:28548,01691,JS GLOBAL LIFE,2019-12-18,,EXACT,webbsite_full.sqlite/shortnames,1
webb_ccass,28549,webb:issue:28549,01987,BENG SOON MACH,2019-11-08,,EXACT,webbsite_full.sqlite/shortnames,1
webb_ccass,28555,webb:issue:28555,02163,BROAD HOMES,2019-11-06,,EXACT,webbsite_full.sqlite/shortnames,1
webb_ccass,28566,webb:issue:28566,01922,RUISEN LIFE SER,2019-11-06,2024-08-09,EXACT,webbsite_full.sqlite/shortnames,2
webb_ccass,28567,webb:issue:28567,01870,ACME INTL HLDGS,2019-11-08,,EXACT,webbsite_full.sqlite/shortnames,1
webb_ccass,28568,webb:issue:28568,01379,WENLING MCT,2020-12-30,,EXACT,webbsite_full.sqlite/shortnames,1
webb_ccass,28575,webb:issue:28575,03603,XINJI SHAXI,2019-11-08,,EXACT,webbsite_full.sqlite/shortnames,1
webb_ccass,28576,webb:issue:28576,01921,DALIPAL HLDG,2019-11-08,,EXACT,webbsite_full.sqlite/shortnames,1
webb_ccass,28580,webb:issue:28580,01501,INT MEDICAL,2019-11-08,2024-01-19,EXACT,webbsite_full.sqlite/shortnames,2
webb_ccass,28590,webb:issue:28590,01875,BIODLINK-B,2019-11-08,2025-07-30,EXACT,webbsite_full.sqlite/shortnames,2
webb_ccass,28593,webb:issue:28593,01401;02982,FUTURE MACH LTD,2019-11-13,2025-07-21,AMBIGUOUS,webbsite_full.sqlite/shortnames,5
webb_ccass,28595,webb:issue:28595,08627,ORANGE TOUR,2019-11-14,,EXACT,webbsite_full.sqlite/shortnames,1
webb_ccass,28596,webb:issue:28596,02103,SINIC HOLDINGS,2019-11-15,2023-04-13,EXACT,webbsite_full.sqlite/shortnames,1
webb_ccass,28601,webb:issue:28601,01427,CH TIANBAO GP,2019-11-11,,EXACT,webbsite_full.sqlite/shortnames,1
webb_ccass,28608,webb:issue:28608,06186,CHINA FEIHE,2019-11-13,,EXACT,webbsite_full.sqlite/shortnames,1
webb_ccass,28609,webb:issue:28609,03681,SINOMAB BIO-B,2019-11-12,,EXACT,webbsite_full.sqlite/shortnames,1
webb_ccass,28610,webb:issue:28610,01640,QIAN XUN TECH,2019-11-12,2025-02-28,EXACT,webbsite_full.sqlite/shortnames,2
webb_ccass,28612,webb:issue:28612,02296,HUARCHI GLOBAL,2019-11-21,2023-09-19,EXACT,webbsite_full.sqlite/shortnames,1
webb_ccass,28614,webb:issue:28614,01346,LEVER STYLE,2019-11-13,,EXACT,webbsite_full.sqlite/shortnames,1
webb_ccass,28615,webb:issue:28615,03348,CHINA PENGFEI,2019-11-15,,EXACT,webbsite_full.sqlite/shortnames,1
webb_ccass,28617,webb:issue:28617,01747,HOME CONTROL,2019-11-14,,EXACT,webbsite_full.sqlite/shortnames,1
webb_ccass,28618,webb:issue:28618,02951;08617;09882,BEST LINKING,2019-11-15,2024-06-26,AMBIGUOUS,webbsite_full.sqlite/shortnames,6
webb_ccass,28671,webb:issue:28671,01756,CHI SCI&EDU IND,2019-11-25,2025-03-11,EXACT,webbsite_full.sqlite/shortnames,4
webb_ccass,28673,webb:issue:28673,03759,PHARMARON,2019-11-28,,EXACT,webbsite_full.sqlite/shortnames,1
webb_ccass,28678,webb:issue:28678,01425,JUSTIN ALLEN H,2019-11-28,,EXACT,webbsite_full.sqlite/shortnames,1
webb_ccass,28686,webb:issue:28686,08645,BYTE META,2019-12-09,2024-03-27,EXACT,webbsite_full.sqlite/shortnames,3
webb_ccass,28687,webb:issue:28687,01593,CHEN LIN EDU,2019-12-13,,EXACT,webbsite_full.sqlite/shortnames,1
webb_ccass,28688,webb:issue:28688,03680,RUIHE DATA,2019-12-13,2023-11-17,EXACT,webbsite_full.sqlite/shortnames,2
webb_ccass,28689,webb:issue:28689,01503,CMC REIT,2019-12-10,,EXACT,webbsite_full.sqlite/shortnames,1
webb_ccass,28692,webb:issue:28692,02500,VENUS MEDTECH-B,2019-12-10,,EXACT,webbsite_full.sqlite/shortnames,1
webb_ccass,28707,webb:issue:28707,02295;08216,MAXICITY,2019-12-13,2021-12-31,DATE_BOUNDED,webbsite_full.sqlite/shortnames,2
webb_ccass,28713,webb:issue:28713,01553,MAIKE TUBE,2019-12-18,,EXACT,webbsite_full.sqlite/shortnames,1
webb_ccass,28714,webb:issue:28714,02400,XD INC,2019-12-12,,EXACT,webbsite_full.sqlite/shortnames,1
webb_ccass,28716,webb:issue:28716,09966,ALPHAMAB-B,2019-12-12,,EXACT,webbsite_full.sqlite/shortnames,1
webb_ccass,28717,webb:issue:28717,06919,RENRUI HR,2019-12-13,,EXACT,webbsite_full.sqlite/shortnames,1
webb_ccass,28718,webb:issue:28718,02231,JY GRANDMARK,2019-12-05,,EXACT,webbsite_full.sqlite/shortnames,1
webb_ccass,28760,webb:issue:28760,06193,TAILAM TECHCON,2019-12-18,,EXACT,webbsite_full.sqlite/shortnames,1
webb_ccass,28785,webb:issue:28785,09928,TIMES NEIGHBOR,2019-12-19,,EXACT,webbsite_full.sqlite/shortnames,1
webb_ccass,28790,webb:issue:28790,06049,POLY PPT SER,2019-12-19,2020-07-30,EXACT,webbsite_full.sqlite/shortnames,2
webb_ccass,28792,webb:issue:28792,09909,POWERLONG CM,2019-12-30,,EXACT,webbsite_full.sqlite/shortnames,1
webb_ccass,28793,webb:issue:28793,06199,BANK OF GUIZHOU,2019-12-30,,EXACT,webbsite_full.sqlite/shortnames,1
webb_ccass,28799,webb:issue:28799,09911,NEWBORNTOWN,2019-12-31,,EXACT,webbsite_full.sqlite/shortnames,1
webb_ccass,28800,webb:issue:28800,01542,TAIZHOU WATER,2019-12-31,,EXACT,webbsite_full.sqlite/shortnames,1
webb_ccass,28817,webb:issue:28817,09998,KWAN YONG,2020-01-08,,EXACT,webbsite_full.sqlite/shortnames,1
webb_ccass,28818,webb:issue:28818,02960;09918,WISE ALLY INTL,2020-01-10,2022-10-24,AMBIGUOUS,webbsite_full.sqlite/shortnames,5
webb_ccass,28819,webb:issue:28819,00301,SANVO CHEMICALS,2020-01-16,,EXACT,webbsite_full.sqlite/shortnames,1
webb_ccass,28822,webb:issue:28822,09922,JIUMAOJIU,2020-01-15,,EXACT,webbsite_full.sqlite/shortnames,1
webb_ccass,28842,webb:issue:28842,01925,KWUNGS AROMA,2020-01-16,2024-08-07,EXACT,webbsite_full.sqlite/shortnames,2
webb_ccass,28843,webb:issue:28843,08500,ICONCULTURE,2020-01-14,,EXACT,webbsite_full.sqlite/shortnames,1
webb_ccass,28844,webb:issue:28844,01416,CTR HOLDINGS,2020-01-15,,EXACT,webbsite_full.sqlite/shortnames,1
webb_ccass,28856,webb:issue:28856,02528,FW FASHION INT,2020-01-13,,EXACT,webbsite_full.sqlite/shortnames,1
webb_ccass,28857,webb:issue:28857,01442;02974,INFINITY L&T,2020-01-21,2021-10-28,AMBIGUOUS,webbsite_full.sqlite/shortnames,4
webb_ccass,28863,webb:issue:28863,03718,BJ ENT URBAN,2020-01-15,,EXACT,webbsite_full.sqlite/shortnames,1
webb_ccass,28867,webb:issue:28867,01740,VALUES CULTURAL,2020-01-16,,EXACT,webbsite_full.sqlite/shortnames,1
webb_ccass,28869,webb:issue:28869,01650,HYGIEIA GROUP,2020-07-03,,EXACT,webbsite_full.sqlite/shortnames,1
webb_ccass,28870,webb:issue:28870,01745,LVJI TECH,2020-01-17,,EXACT,webbsite_full.sqlite/shortnames,1
webb_ccass,28871,webb:issue:28871,01525,GENCH EDU,2020-01-16,,EXACT,webbsite_full.sqlite/shortnames,1
webb_ccass,28874,webb:issue:28874,01412,Q P GROUP,2020-01-16,,EXACT,webbsite_full.sqlite/shortnames,1
webb_ccass,28875,webb:issue:28875,01802,WENYE GROUP,2020-01-14,,EXACT,webbsite_full.sqlite/shortnames,1
webb_ccass,28883,webb:issue:28883,08646,CHINA HONGGUANG,2020-01-13,,EXACT,webbsite_full.sqlite/shortnames,1
webb_ccass,28884,webb:issue:28884,09938,WAH WO HOLDINGS,2020-01-17,,EXACT,webbsite_full.sqlite/shortnames,1
webb_ccass,28885,webb:issue:28885,09968,HUIJING HLDGS,2020-01-16,,EXACT,webbsite_full.sqlite/shortnames,1
webb_ccass,28893,webb:issue:28893,09933,GHW INTL,2020-01-21,,EXACT,webbsite_full.sqlite/shortnames,1
webb_ccass,28896,webb:issue:28896,09919,ACTIVATION GP,2020-01-16,,EXACT,webbsite_full.sqlite/shortnames,1
webb_ccass,28897,webb:issue:28897,01601,ZGC TEC LEASING,2020-01-21,,EXACT,webbsite_full.sqlite/shortnames,1
webb_ccass,28899,webb:issue:28899,01937,JIACHEN HOLDING,2020-01-17,,EXACT,webbsite_full.sqlite/shortnames,1
webb_ccass,28947,webb:issue:28947,02845,GX CN EV BATT,2020-01-17,2021-03-12,EXACT,webbsite_full.sqlite/shortnames,2
webb_ccass,28948,webb:issue:28948,09845,GX CN EV BATT-U,2020-01-17,2021-03-12,EXACT,webbsite_full.sqlite/shortnames,2
webb_ccass,28949,webb:issue:28949,02809,GX CN CLN EN,2020-01-17,,EXACT,webbsite_full.sqlite/shortnames,1
webb_ccass,28950,webb:issue:28950,09809,GX CN CLN EN-U,2020-01-17,,EXACT,webbsite_full.sqlite/shortnames,1
webb_ccass,28951,webb:issue:28951,02806,GX CN CONSUME,2020-01-17,,EXACT,webbsite_full.sqlite/shortnames,1
webb_ccass,28952,webb:issue:28952,09806,GX CN CONSUME-U,2020-01-17,,EXACT,webbsite_full.sqlite/shortnames,1
webb_ccass,28984,webb:issue:28984,02263,FU SHEK FIN,2020-02-19,,EXACT,webbsite_full.sqlite/shortnames,1
webb_ccass,28985,webb:issue:28985,09929,SEM HLDGS,2020-02-14,,EXACT,webbsite_full.sqlite/shortnames,1
webb_ccass,29036,webb:issue:29036,09916,XINGYE WULIAN,2020-03-09,,EXACT,webbsite_full.sqlite/shortnames,1
webb_ccass,29038,webb:issue:29038,01343,WEI YUAN HLDG,2020-03-12,,EXACT,webbsite_full.sqlite/shortnames,1
webb_ccass,29042,webb:issue:29042,09936,XIMEI RESOURCES,2020-03-12,,EXACT,webbsite_full.sqlite/shortnames,1
webb_ccass,29046,webb:issue:29046,01950;02940,DIWANG IND H,2020-03-12,2023-07-05,AMBIGUOUS,webbsite_full.sqlite/shortnames,6
webb_ccass,29050,webb:issue:29050,01961,INFINITIES TECH,2020-03-17,2022-08-04,EXACT,webbsite_full.sqlite/shortnames,2
webb_ccass,29055,webb:issue:29055,01472,SANG HING HLDGS,2020-03-17,,EXACT,webbsite_full.sqlite/shortnames,1
webb_ccass,29056,webb:issue:29056,01941,YE XING GROUP,2020-03-13,,EXACT,webbsite_full.sqlite/shortnames,1
webb_ccass,29058,webb:issue:29058,01859,BRIGHT CULTURE,2020-03-13,2025-02-04,EXACT,webbsite_full.sqlite/shortnames,1
webb_ccass,29059,webb:issue:29059,06918,KIDZTECH,2020-03-18,,EXACT,webbsite_full.sqlite/shortnames,1
webb_ccass,29060,webb:issue:29060,01433,CIRTEK HLDGS,2020-03-12,,EXACT,webbsite_full.sqlite/shortnames,1
webb_ccass,29062,webb:issue:29062,02381,SMC ELECTRIC,2020-06-02,,EXACT,webbsite_full.sqlite/shortnames,1
webb_ccass,29063,webb:issue:29063,00589,JIANZHONG CONS,2020-03-18,2025-10-27,EXACT,webbsite_full.sqlite/shortnames,1
webb_ccass,29114,webb:issue:29114,09969,INNOCARE,2020-03-23,2023-05-12,EXACT,webbsite_full.sqlite/shortnames,2
webb_ccass,29116,webb:issue:29116,01957,MBV INTL,2020-07-08,,EXACT,webbsite_full.sqlite/shortnames,1
webb_ccass,29117,webb:issue:29117,03005,X CSOPCSI500,2020-03-19,2023-07-31,EXACT,webbsite_full.sqlite/shortnames,2
webb_ccass,29118,webb:issue:29118,83005,X CSOPCSI500-R,2020-03-19,2023-07-31,EXACT,webbsite_full.sqlite/shortnames,2
webb_ccass,29119,webb:issue:29119,01463;02950,C-LINK SQ,2020-03-27,2023-07-19,AMBIGUOUS,webbsite_full.sqlite/shortnames,5
webb_ccass,29125,webb:issue:29125,03047,F SSIFIRONORE,2020-03-27,,EXACT,webbsite_full.sqlite/shortnames,1
webb_ccass,29126,webb:issue:29126,09047,F SSIFIRONORE-U,2020-03-27,,EXACT,webbsite_full.sqlite/shortnames,1
webb_ccass,29149,webb:issue:29149,01942,MOG DIGITECH,2020-04-15,2023-05-17,EXACT,webbsite_full.sqlite/shortnames,2
webb_ccass,29153,webb:issue:29153,03390,TYCOON GROUP,2020-04-15,,EXACT,webbsite_full.sqlite/shortnames,1
webb_ccass,29154,webb:issue:29154,06063,LOTUS HORIZON,2020-04-15,,EXACT,webbsite_full.sqlite/shortnames,1
webb_ccass,29155,webb:issue:29155,08616,SUNRAY ENG GP,2020-04-23,,EXACT,webbsite_full.sqlite/shortnames,1
webb_ccass,29156,webb:issue:29156,08620,AE LOGISTICS,2020-04-20,,EXACT,webbsite_full.sqlite/shortnames,1
webb_ccass,29176,webb:issue:29176,01953,RIMBACO,2020-04-28,,EXACT,webbsite_full.sqlite/shortnames,1
webb_ccass,29178,webb:issue:29178,09926,AKESO,2020-04-24,2023-03-28,EXACT,webbsite_full.sqlite/shortnames,2
webb_ccass,29191,webb:issue:29191,01376,RAFFLESINTERIOR,2020-05-07,,EXACT,webbsite_full.sqlite/shortnames,1
webb_ccass,29196,webb:issue:29196,01147,EDENSOFT,2020-05-13,,EXACT,webbsite_full.sqlite/shortnames,1
webb_ccass,29201,webb:issue:29201,01936,RITAMIX,2020-05-13,,EXACT,webbsite_full.sqlite/shortnames,1
webb_ccass,29205,webb:issue:29205,08496,GLOBAL UIN,2020-05-18,2022-12-29,EXACT,webbsite_full.sqlite/shortnames,3
webb_ccass,29208,webb:issue:29208,09983,CC NEW LIFE,2020-05-15,,EXACT,webbsite_full.sqlite/shortnames,1
webb_ccass,29216,webb:issue:29216,09996,PEIJIA-B,2020-05-15,,EXACT,webbsite_full.sqlite/shortnames,1
webb_ccass,29240,webb:issue:29240,07266,FL2CSOPNASDAQ,2020-05-15,,EXACT,webbsite_full.sqlite/shortnames,1
webb_ccass,29241,webb:issue:29241,09939,KINTOR PHARMA-B,2020-05-22,,EXACT,webbsite_full.sqlite/shortnames,1
webb_ccass,29246,webb:issue:29246,09923,YEAHKA,2020-06-01,,EXACT,webbsite_full.sqlite/shortnames,1
webb_ccass,29247,webb:issue:29247,01645,HAINA INTEL,2020-06-03,,EXACT,webbsite_full.sqlite/shortnames,1
webb_ccass,29260,webb:issue:29260,07299,FL2CSOPGOLD,2020-06-05,,EXACT,webbsite_full.sqlite/shortnames,1
webb_ccass,29261,webb:issue:29261,09866,NIO-SW,2022-03-10,,EXACT,webbsite_full.sqlite/shortnames,1
webb_ccass,29270,webb:issue:29270,09987,YUM CHINA,2020-09-10,2022-10-24,EXACT,webbsite_full.sqlite/shortnames,2
webb_ccass,29282,webb:issue:29282,09812,SAMSUNGCDGN-U,2020-06-16,,EXACT,webbsite_full.sqlite/shortnames,1
webb_ccass,29292,webb:issue:29292,09958,LITIAN PICTURES,2020-06-22,,EXACT,webbsite_full.sqlite/shortnames,1
webb_ccass,29295,webb:issue:29295,02057,ZTO EXPRESS-W,2020-09-29,2023-05-02,EXACT,webbsite_full.sqlite/shortnames,2
webb_ccass,29304,webb:issue:29304,03091,A NIKKOAMMETA,2020-06-16,2025-07-24,EXACT,webbsite_full.sqlite/shortnames,2
webb_ccass,29305,webb:issue:29305,09091,A NIKKOAMMETA-U,2020-06-16,2025-07-24,EXACT,webbsite_full.sqlite/shortnames,2
webb_ccass,29339,webb:issue:29339,03896,KINGSOFT CLOUD,2022-12-30,,EXACT,webbsite_full.sqlite/shortnames,1
webb_ccass,29345,webb:issue:29345,06078,HYGEIA HEALTH,2020-06-29,,EXACT,webbsite_full.sqlite/shortnames,1
webb_ccass,29350,webb:issue:29350,09997,KANGJI MEDICAL,2020-06-29,2025-12-10,EXACT,webbsite_full.sqlite/shortnames,1
webb_ccass,29377,webb:issue:29377,01502,FIN STREET PPT,2020-07-06,,EXACT,webbsite_full.sqlite/shortnames,1
webb_ccass,29380,webb:issue:29380,03660,QFIN-S,2022-11-29,2023-04-27,EXACT,webbsite_full.sqlite/shortnames,2
webb_ccass,29394,webb:issue:29394,01971,RSUN SER,2020-07-07,,EXACT,webbsite_full.sqlite/shortnames,1
webb_ccass,29396,webb:issue:29396,09989,HEPALINK,2020-07-08,,EXACT,webbsite_full.sqlite/shortnames,1
webb_ccass,29404,webb:issue:29404,09979,GREENTOWN MGMT,2020-07-10,,EXACT,webbsite_full.sqlite/shortnames,1
webb_ccass,29405,webb:issue:29405,09906,HONLIV HEALTH,2020-07-13,,EXACT,webbsite_full.sqlite/shortnames,1
webb_ccass,29406,webb:issue:29406,08595;08623,CHINA SAFTOWER,2020-07-10,2024-08-14,AMBIGUOUS,webbsite_full.sqlite/shortnames,5
webb_ccass,29407,webb:issue:29407,06978,IMMUNOTECH-B,2020-07-10,,EXACT,webbsite_full.sqlite/shortnames,1
webb_ccass,29408,webb:issue:29408,06969,SMOORE INTL,2020-07-10,,EXACT,webbsite_full.sqlite/shortnames,1
webb_ccass,29409,webb:issue:29409,06958,ZHENRO SERVICES,2020-07-10,,EXACT,webbsite_full.sqlite/shortnames,1
webb_ccass,29410,webb:issue:29410,01477,OCUMENSION-B,2020-07-10,,EXACT,webbsite_full.sqlite/shortnames,1
webb_ccass,29411,webb:issue:29411,01163,ADTIGER CORP,2020-07-10,,EXACT,webbsite_full.sqlite/shortnames,1
webb_ccass,29426,webb:issue:29426,08659,YIK WO INTL,2020-07-13,,EXACT,webbsite_full.sqlite/shortnames,1
webb_ccass,29427,webb:issue:29427,06968,GANGLONG CHINA,2020-07-15,,EXACT,webbsite_full.sqlite/shortnames,1
webb_ccass,29430,webb:issue:29430,09908,JIAXING GAS,2020-07-16,,EXACT,webbsite_full.sqlite/shortnames,1
webb_ccass,29434,webb:issue:29434,09977,FENGXIANG CO,2020-07-16,2025-08-01,EXACT,webbsite_full.sqlite/shortnames,1
webb_ccass,29436,webb:issue:29436,06933,SINO-ENTERTAIN,2020-07-15,,EXACT,webbsite_full.sqlite/shortnames,1
webb_ccass,29439,webb:issue:29439,09986,DASHAN EDU,2020-07-15,,EXACT,webbsite_full.sqlite/shortnames,1
webb_ccass,29444,webb:issue:29444,09990,ARCHOSAUR GAMES,2020-07-15,,EXACT,webbsite_full.sqlite/shortnames,1
webb_ccass,29445,webb:issue:29445,01981,CATHAY GP HLDGS,2020-07-15,2024-06-28,EXACT,webbsite_full.sqlite/shortnames,2
webb_ccass,29446,webb:issue:29446,01156,CHINANEWENERGY,2020-07-15,,EXACT,webbsite_full.sqlite/shortnames,1
webb_ccass,29484,webb:issue:29484,09668,CBHB,2020-07-16,,EXACT,webbsite_full.sqlite/shortnames,1
webb_ccass,29501,webb:issue:29501,00368,SUPERLAND GROUP,2020-07-17,,EXACT,webbsite_full.sqlite/shortnames,1
webb_ccass,29525,webb:issue:29525,03022,ISHARESMSCIEM,2020-07-22,2024-10-15,EXACT,webbsite_full.sqlite/shortnames,1
webb_ccass,29527,webb:issue:29527,09022,ISHARESMSCIEM-U,2020-07-22,2024-10-15,EXACT,webbsite_full.sqlite/shortnames,1
webb_ccass,29534,webb:issue:29534,07333,XICSOPCSI300,2020-07-27,2024-07-24,EXACT,webbsite_full.sqlite/shortnames,1
webb_ccass,29535,webb:issue:29535,07233,XL2CSOPCSI300,2020-07-27,,EXACT,webbsite_full.sqlite/shortnames,1
webb_ccass,29537,webb:issue:29537,07373,XICAMCSI300,2020-07-27,2023-04-17,EXACT,webbsite_full.sqlite/shortnames,2
webb_ccass,29538,webb:issue:29538,07272,XL2CAMCSI300,2020-07-27,2023-04-17,EXACT,webbsite_full.sqlite/shortnames,2
webb_ccass,29547,webb:issue:29547,01449,LEADER EDU,2020-08-06,,EXACT,webbsite_full.sqlite/shortnames,1
webb_ccass,29554,webb:issue:29554,03347,TIGERMED,2020-08-07,,EXACT,webbsite_full.sqlite/shortnames,1
webb_ccass,29556,webb:issue:29556,09913,CHI KAN HLDGS,2020-08-14,,EXACT,webbsite_full.sqlite/shortnames,1
webb_ccass,29568,webb:issue:29568,02807,GX CN ROBO&AI,2020-08-07,,EXACT,webbsite_full.sqlite/shortnames,1
webb_ccass,29569,webb:issue:29569,09807,GX CN ROBO&AI-U,2020-08-07,,EXACT,webbsite_full.sqlite/shortnames,1
webb_ccass,29570,webb:issue:29570,03191,GX CN SEMICON,2020-08-07,,EXACT,webbsite_full.sqlite/shortnames,1
webb_ccass,29571,webb:issue:29571,09191,GX CN SEMICON-U,2020-08-07,,EXACT,webbsite_full.sqlite/shortnames,1
webb_ccass,29644,webb:issue:29644,03033,CSOP HS TECH,2020-08-28,,EXACT,webbsite_full.sqlite/shortnames,1
webb_ccass,29650,webb:issue:29650,09633,NONGFU SPRING,2020-09-08,,EXACT,webbsite_full.sqlite/shortnames,1
webb_ccass,29659,webb:issue:29659,03032,HSTECH ETF,2020-09-04,,EXACT,webbsite_full.sqlite/shortnames,1
webb_ccass,29660,webb:issue:29660,03088,CAM HS TECH,2020-09-03,,EXACT,webbsite_full.sqlite/shortnames,1
webb_ccass,29661,webb:issue:29661,09088,CAM HS TECH-U,2020-09-03,,EXACT,webbsite_full.sqlite/shortnames,1
webb_ccass,29667,webb:issue:29667,01455,FOURACE IND GP,2020-09-15,,EXACT,webbsite_full.sqlite/shortnames,1
webb_ccass,29668,webb:issue:29668,01408,MACAU E&M,2020-09-11,,EXACT,webbsite_full.sqlite/shortnames,1
webb_ccass,29678,webb:issue:29678,02101,FULU HOLDINGS,2020-09-18,,EXACT,webbsite_full.sqlite/shortnames,1
webb_ccass,29679,webb:issue:29679,06988,JOY SPREADER,2020-09-23,,EXACT,webbsite_full.sqlite/shortnames,1
webb_ccass,29691,webb:issue:29691,03067,ISHARESHSTECH,2020-09-17,,EXACT,webbsite_full.sqlite/shortnames,1
webb_ccass,29692,webb:issue:29692,09067,ISHARESHSTECH-U,2020-09-17,,EXACT,webbsite_full.sqlite/shortnames,1
webb_ccass,29720,webb:issue:29720,00909,MING YUAN CLOUD,2020-09-25,,EXACT,webbsite_full.sqlite/shortnames,1
webb_ccass,29721,webb:issue:29721,01429,SKYMISSION GP,2020-09-29,,EXACT,webbsite_full.sqlite/shortnames,1
webb_ccass,29726,webb:issue:29726,09616,NEUTECH GROUP,2020-09-29,2025-01-14,EXACT,webbsite_full.sqlite/shortnames,2
webb_ccass,29752,webb:issue:29752,09626,BILIBILI-W,2021-03-29,2022-10-03,EXACT,webbsite_full.sqlite/shortnames,2
webb_ccass,29764,webb:issue:29764,02115,CM HI-TECH,2020-10-15,2025-01-09,EXACT,webbsite_full.sqlite/shortnames,2
webb_ccass,29770,webb:issue:29770,06998,GENOR-B,2020-10-07,2021-09-20,EXACT,webbsite_full.sqlite/shortnames,2
webb_ccass,29774,webb:issue:29774,03913,KWG LIVING,2020-10-30,,EXACT,webbsite_full.sqlite/shortnames,1
webb_ccass,29779,webb:issue:29779,01952,EVEREST MED,2020-10-09,2025-05-02,EXACT,webbsite_full.sqlite/shortnames,2
webb_ccass,29786,webb:issue:29786,01597,NATURE ENERGY T,2020-10-20,,EXACT,webbsite_full.sqlite/shortnames,1
webb_ccass,29788,webb:issue:29788,09677,WEIHAI BANK,2020-10-12,,EXACT,webbsite_full.sqlite/shortnames,1
webb_ccass,29804,webb:issue:29804,08657,TRUE PARTNER,2020-10-16,,EXACT,webbsite_full.sqlite/shortnames,1
webb_ccass,29805,webb:issue:29805,02130,CN LOGISTICS,2020-10-15,,EXACT,webbsite_full.sqlite/shortnames,1
webb_ccass,29806,webb:issue:29806,02132,LANDRICH HLDG,2020-10-20,,EXACT,webbsite_full.sqlite/shortnames,1
webb_ccass,29810,webb:issue:29810,06989,EXCELLENCE CM,2020-10-19,,EXACT,webbsite_full.sqlite/shortnames,1
webb_ccass,29813,webb:issue:29813,03031,HT CH A ESG,2020-10-15,2024-12-06,EXACT,webbsite_full.sqlite/shortnames,1
webb_ccass,29814,webb:issue:29814,09031,HT CH A ESG-U,2020-10-15,2024-12-06,EXACT,webbsite_full.sqlite/shortnames,1
webb_ccass,29815,webb:issue:29815,83031,HT CH A ESG-R,2020-10-15,2024-12-06,EXACT,webbsite_full.sqlite/shortnames,1
webb_ccass,29816,webb:issue:29816,00873,SHIMAO SERVICES,2020-10-30,,EXACT,webbsite_full.sqlite/shortnames,1
webb_ccass,29820,webb:issue:29820,03187,SAMSUNG REITS,2020-10-15,,EXACT,webbsite_full.sqlite/shortnames,1
webb_ccass,29821,webb:issue:29821,09187,SAMSUNG REITS-U,2020-10-15,,EXACT,webbsite_full.sqlite/shortnames,1
webb_ccass,29823,webb:issue:29823,02169;02909,CANGGANGRAILWAY,2020-10-23,2024-02-29,AMBIGUOUS,webbsite_full.sqlite/shortnames,5
webb_ccass,29826,webb:issue:29826,02107,FIRST SERVICE,2020-10-22,,EXACT,webbsite_full.sqlite/shortnames,1
webb_ccass,29831,webb:issue:29831,01153,JIAYUAN SER,2020-12-09,,EXACT,webbsite_full.sqlite/shortnames,1
webb_ccass,29836,webb:issue:29836,03130,HS CSI300,2020-10-23,,EXACT,webbsite_full.sqlite/shortnames,1
webb_ccass,29837,webb:issue:29837,83130,HS CSI300-R,2020-10-23,,EXACT,webbsite_full.sqlite/shortnames,1
webb_ccass,29840,webb:issue:29840,09993,RADIANCE HLDGS,2020-10-29,,EXACT,webbsite_full.sqlite/shortnames,1
webb_ccass,29842,webb:issue:29842,03193,CSOP CSI 5G,2020-10-23,,EXACT,webbsite_full.sqlite/shortnames,1
webb_ccass,29881,webb:issue:29881,02126,JW THERAP-B,2020-11-03,,EXACT,webbsite_full.sqlite/shortnames,1
webb_ccass,29902,webb:issue:29902,01351,BRIGHT FUTURE,2020-11-11,,EXACT,webbsite_full.sqlite/shortnames,1
webb_ccass,29903,webb:issue:29903,01940,CGII HLDGS,2020-12-29,,EXACT,webbsite_full.sqlite/shortnames,1
webb_ccass,29907,webb:issue:29907,09995,REMEGEN,2020-11-09,2023-06-14,EXACT,webbsite_full.sqlite/shortnames,2
webb_ccass,29969,webb:issue:29969,01516,SUNAC SERVICES,2020-11-19,,EXACT,webbsite_full.sqlite/shortnames,1
webb_ccass,29974,webb:issue:29974,06900,SUNKWAN PPT,2020-11-17,2025-10-27,EXACT,webbsite_full.sqlite/shortnames,1
webb_ccass,29977,webb:issue:29977,01795,YADONG GROUP,2020-11-18,,EXACT,webbsite_full.sqlite/shortnames,1
webb_ccass,29978,webb:issue:29978,02599,SHINSUN HOLD GP,2020-11-18,2024-11-11,EXACT,webbsite_full.sqlite/shortnames,1
webb_ccass,29992,webb:issue:29992,09666,JINKE SERVICES,2020-11-17,,EXACT,webbsite_full.sqlite/shortnames,1
webb_ccass,30024,webb:issue:30024,06996,ANTENGENE-B,2020-11-20,,EXACT,webbsite_full.sqlite/shortnames,1
webb_ccass,30047,webb:issue:30047,06690,HAIER SMARTHOME,2020-12-23,,EXACT,webbsite_full.sqlite/shortnames,1
webb_ccass,30072,webb:issue:30072,01209,CHINA RES MIXC,2020-12-09,,EXACT,webbsite_full.sqlite/shortnames,1
webb_ccass,30073,webb:issue:30073,06666,EVERG SERVICES,2020-12-02,,EXACT,webbsite_full.sqlite/shortnames,1
webb_ccass,30075,webb:issue:30075,06677,SINO-OCEAN SERV,2020-12-17,,EXACT,webbsite_full.sqlite/shortnames,1
webb_ccass,30080,webb:issue:30080,02110;02986,TIAN CHENG HLDG,2020-12-07,2023-12-07,AMBIGUOUS,webbsite_full.sqlite/shortnames,6
webb_ccass,30119,webb:issue:30119,06618,JD HEALTH,2020-12-08,,EXACT,webbsite_full.sqlite/shortnames,1
webb_ccass,30120,webb:issue:30120,06999,LEADING HLDGS,2020-12-10,,EXACT,webbsite_full.sqlite/shortnames,1
webb_ccass,30129,webb:issue:30129,03071,A CICC HKD,2020-12-02,,EXACT,webbsite_full.sqlite/shortnames,1
webb_ccass,30160,webb:issue:30160,02142,HBM HOLDINGS-B,2020-12-10,,EXACT,webbsite_full.sqlite/shortnames,1
webb_ccass,30161,webb:issue:30161,02117,DATANG GROUP,2020-12-11,2024-10-29,EXACT,webbsite_full.sqlite/shortnames,1
webb_ccass,30170,webb:issue:30170,09992,POP MART,2020-12-11,,EXACT,webbsite_full.sqlite/shortnames,1
webb_ccass,30181,webb:issue:30181,06993,BLUE MOON GROUP,2020-12-16,,EXACT,webbsite_full.sqlite/shortnames,1
webb_ccass,30206,webb:issue:30206,02131,NETJOY,2020-12-17,,EXACT,webbsite_full.sqlite/shortnames,1
webb_ccass,30219,webb:issue:30219,07226,XL2CSOPHSTECH,2020-12-10,,EXACT,webbsite_full.sqlite/shortnames,1
webb_ccass,30220,webb:issue:30220,07552,XI2CSOPHSTECH,2020-12-10,,EXACT,webbsite_full.sqlite/shortnames,1
webb_ccass,30225,webb:issue:30225,02148,VESYNC,2020-12-18,2025-05-08,EXACT,webbsite_full.sqlite/shortnames,1
webb_ccass,30247,webb:issue:30247,01167,JACOBIO-B,2020-12-21,,EXACT,webbsite_full.sqlite/shortnames,1
webb_ccass,30299,webb:issue:30299,02127,HUISEN SHARES,2020-12-29,2024-05-06,EXACT,webbsite_full.sqlite/shortnames,2
webb_ccass,30331,webb:issue:30331,02135;02930,RAILY AESMED,2020-12-28,2024-04-26,AMBIGUOUS,webbsite_full.sqlite/shortnames,5
webb_ccass,30341,webb:issue:30341,01945,ZERO2IPO,2020-12-30,,EXACT,webbsite_full.sqlite/shortnames,1
webb_ccass,30395,webb:issue:30395,09600,NEWLINK TECH,2021-01-06,,EXACT,webbsite_full.sqlite/shortnames,1
webb_ccass,30400,webb:issue:30400,01855;02972,ZONQING LTD,2021-01-06,2024-09-05,AMBIGUOUS,webbsite_full.sqlite/shortnames,6
webb_ccass,30408,webb:issue:30408,02156,C&D PROPERTY,2020-12-31,,EXACT,webbsite_full.sqlite/shortnames,1
webb_ccass,30409,webb:issue:30409,01440;02968,STAR SHINE HLDG,2021-01-13,2025-05-16,AMBIGUOUS,webbsite_full.sqlite/shortnames,5
webb_ccass,30414,webb:issue:30414,08489,GP LOGISTICS,2021-01-13,,EXACT,webbsite_full.sqlite/shortnames,1
webb_ccass,30420,webb:issue:30420,01054,STYLAND W2202,2021-02-18,2022-02-17,EXACT,webbsite_full.sqlite/shortnames,1
webb_ccass,30427,webb:issue:30427,02153,TAT HONG EQUIP,2021-01-13,,EXACT,webbsite_full.sqlite/shortnames,1
webb_ccass,30429,webb:issue:30429,02129,LEGION CONSO,2021-01-13,,EXACT,webbsite_full.sqlite/shortnames,1
webb_ccass,30432,webb:issue:30432,02125,STRAWBEAR ENT,2021-01-15,,EXACT,webbsite_full.sqlite/shortnames,1
webb_ccass,30434,webb:issue:30434,02159,MEDIWELCOME,2021-01-19,,EXACT,webbsite_full.sqlite/shortnames,1
webb_ccass,30436,webb:issue:30436,02158,YIDU TECH,2021-01-15,,EXACT,webbsite_full.sqlite/shortnames,1
webb_ccass,30438,webb:issue:30438,01490,AI X TECH,2021-01-15,2025-03-03,EXACT,webbsite_full.sqlite/shortnames,3
webb_ccass,30439,webb:issue:30439,01643,MODERN CHI MED,2021-01-15,,EXACT,webbsite_full.sqlite/shortnames,1
webb_ccass,30445,webb:issue:30445,09608,SUNDY SERVICE,2021-01-18,,EXACT,webbsite_full.sqlite/shortnames,1
webb_ccass,30446,webb:issue:30446,02146,ROISERV,2021-01-15,,EXACT,webbsite_full.sqlite/shortnames,1
webb_ccass,30459,webb:issue:30459,06668,E-STAR CM,2021-01-26,,EXACT,webbsite_full.sqlite/shortnames,1
webb_ccass,30473,webb:issue:30473,07348,XI CSOP A50,2021-01-20,2024-07-24,EXACT,webbsite_full.sqlite/shortnames,1
webb_ccass,30474,webb:issue:30474,07248,XL2 CSOP A50,2021-01-20,2024-07-24,EXACT,webbsite_full.sqlite/shortnames,1
webb_ccass,30512,webb:issue:30512,02161,JBM HEALTHCARE,2021-02-05,,EXACT,webbsite_full.sqlite/shortnames,1
webb_ccass,30515,webb:issue:30515,02160,MP CARDIOFLOW-B,2021-02-04,2025-12-22,EXACT,webbsite_full.sqlite/shortnames,2
webb_ccass,30517,webb:issue:30517,02423,BEKE-W,2022-05-11,,EXACT,webbsite_full.sqlite/shortnames,1
webb_ccass,30520,webb:issue:30520,01024,KUAISHOU-W,2021-02-05,,EXACT,webbsite_full.sqlite/shortnames,1
webb_ccass,30531,webb:issue:30531,02170,BASECARE-B,2021-02-08,,EXACT,webbsite_full.sqlite/shortnames,1
webb_ccass,30544,webb:issue:30544,01473,PANGAEA CONNECT,2021-02-19,,EXACT,webbsite_full.sqlite/shortnames,1
webb_ccass,30565,webb:issue:30565,03109,CSOP STAR 50,2021-02-10,,EXACT,webbsite_full.sqlite/shortnames,1
webb_ccass,30578,webb:issue:30578,06606,NH HEALTH,2021-02-18,2025-10-27,EXACT,webbsite_full.sqlite/shortnames,2
webb_ccass,30615,webb:issue:30615,06127,JOINN,2021-02-26,,EXACT,webbsite_full.sqlite/shortnames,1
webb_ccass,30635,webb:issue:30635,06600,SCICLONE PHARMA,2021-03-03,2024-07-08,EXACT,webbsite_full.sqlite/shortnames,1
webb_ccass,30654,webb:issue:30654,06601,CHEERWIN GP,2021-03-10,,EXACT,webbsite_full.sqlite/shortnames,1
webb_ccass,30655,webb:issue:30655,02155,MORIMATSU INTL,2021-06-28,,EXACT,webbsite_full.sqlite/shortnames,1
webb_ccass,30656,webb:issue:30656,01927,JIUJIUWANG,2021-03-16,,EXACT,webbsite_full.sqlite/shortnames,1
webb_ccass,30657,webb:issue:30657,01413;02993,FEG HOLDINGS,2021-03-11,2025-12-16,DATE_BOUNDED,webbsite_full.sqlite/shortnames,3
webb_ccass,30660,webb:issue:30660,03108,HGI ESGLEADER,2021-03-10,,EXACT,webbsite_full.sqlite/shortnames,1
webb_ccass,30661,webb:issue:30661,83108,HGI ESGLEADER-R,2021-03-10,,EXACT,webbsite_full.sqlite/shortnames,1
webb_ccass,30665,webb:issue:30665,06638,OCFT,2022-07-04,2025-11-24,EXACT,webbsite_full.sqlite/shortnames,1
webb_ccass,30705,webb:issue:30705,03050,GX CN GL LEADER,2021-03-11,,EXACT,webbsite_full.sqlite/shortnames,1
webb_ccass,30706,webb:issue:30706,03058,A GXCNINNOVATOR,2021-03-11,2025-12-24,EXACT,webbsite_full.sqlite/shortnames,1
webb_ccass,30717,webb:issue:30717,09868,XPENG-W,2021-07-07,,EXACT,webbsite_full.sqlite/shortnames,1
webb_ccass,30754,webb:issue:30754,03069,CAM HSBIOTECH,2021-03-18,2021-06-30,EXACT,webbsite_full.sqlite/shortnames,2
webb_ccass,30756,webb:issue:30756,02187;02917,ZHIXIN GP HLDG,2021-03-26,2023-04-06,AMBIGUOUS,webbsite_full.sqlite/shortnames,4
webb_ccass,30762,webb:issue:30762,06939,MEGAIN,2021-03-31,,EXACT,webbsite_full.sqlite/shortnames,1
webb_ccass,30786,webb:issue:30786,02195;02959,UNITY ENT,2021-03-31,2025-12-03,AMBIGUOUS,webbsite_full.sqlite/shortnames,5
webb_ccass,30788,webb:issue:30788,02015,LI AUTO-W,2021-08-12,,EXACT,webbsite_full.sqlite/shortnames,1
webb_ccass,30791,webb:issue:30791,06608,BAIRONG-W,2021-03-31,,EXACT,webbsite_full.sqlite/shortnames,1
webb_ccass,30842,webb:issue:30842,09959,LINKLOGIS-W,2021-04-09,,EXACT,webbsite_full.sqlite/shortnames,1
webb_ccass,30882,webb:issue:30882,06622,ZHAOKE OPHTH-B,2021-04-29,,EXACT,webbsite_full.sqlite/shortnames,1
webb_ccass,30893,webb:issue:30893,02817,PP CGBOND,2021-04-14,2022-08-26,EXACT,webbsite_full.sqlite/shortnames,2
webb_ccass,30894,webb:issue:30894,09817,PP CGBOND-U,2021-04-14,2022-08-26,EXACT,webbsite_full.sqlite/shortnames,2
webb_ccass,30895,webb:issue:30895,82817,PP CGBOND-R,2021-04-14,2022-08-26,EXACT,webbsite_full.sqlite/shortnames,2
webb_ccass,30896,webb:issue:30896,03001,PP CNUSDPROP,2021-04-14,,EXACT,webbsite_full.sqlite/shortnames,1
webb_ccass,30897,webb:issue:30897,09001,PP CNUSDPROP-U,2021-04-14,,EXACT,webbsite_full.sqlite/shortnames,1
webb_ccass,30898,webb:issue:30898,83001,PP CNUSDPROP-R,2021-04-14,,EXACT,webbsite_full.sqlite/shortnames,1
webb_ccass,31053,webb:issue:31053,03037,CSOP HSI ETF,2021-05-06,,EXACT,webbsite_full.sqlite/shortnames,1
webb_ccass,31054,webb:issue:31054,02191,SF REIT,2021-05-17,,EXACT,webbsite_full.sqlite/shortnames,1
webb_ccass,31087,webb:issue:31087,03194,CSOP CLOUD ETF,2021-05-13,2025-05-23,EXACT,webbsite_full.sqlite/shortnames,1
webb_ccass,31128,webb:issue:31128,03658,NEW HOPE SERV,2021-05-25,,EXACT,webbsite_full.sqlite/shortnames,1
webb_ccass,31161,webb:issue:31161,02814,SAMSUNG FANG,2021-05-25,,EXACT,webbsite_full.sqlite/shortnames,1
webb_ccass,31162,webb:issue:31162,09814,SAMSUNG FANG-U,2021-05-25,,EXACT,webbsite_full.sqlite/shortnames,1
webb_ccass,31184,webb:issue:31184,02618,JD LOGISTICS,2021-05-28,,EXACT,webbsite_full.sqlite/shortnames,1
webb_ccass,31196,webb:issue:31196,09982,CENTRALCHINA MT,2021-05-31,,EXACT,webbsite_full.sqlite/shortnames,1
webb_ccass,31201,webb:issue:31201,01642,HUARCHI W2205,2021-05-28,2022-06-01,EXACT,webbsite_full.sqlite/shortnames,1
webb_ccass,31203,webb:issue:31203,06626,YUEXIU SERVICES,2021-06-28,,EXACT,webbsite_full.sqlite/shortnames,1
webb_ccass,31235,webb:issue:31235,03134,CSOP CSI PV,2021-06-01,,EXACT,webbsite_full.sqlite/shortnames,1
webb_ccass,31246,webb:issue:31246,07332,FIFBFTTAIWAN,2021-05-28,2025-12-15,EXACT,webbsite_full.sqlite/shortnames,1
webb_ccass,31247,webb:issue:31247,07232,FL2FBFTTAIWAN,2021-05-28,2025-07-14,EXACT,webbsite_full.sqlite/shortnames,1
webb_ccass,31282,webb:issue:31282,06699,ANGELALIGN,2021-06-16,,EXACT,webbsite_full.sqlite/shortnames,1
webb_ccass,31321,webb:issue:31321,09858,YOURAN DAIRY,2021-06-18,,EXACT,webbsite_full.sqlite/shortnames,1
webb_ccass,31322,webb:issue:31322,02171,CARSGEN-B,2021-06-18,,EXACT,webbsite_full.sqlite/shortnames,1
webb_ccass,31367,webb:issue:31367,00606,SCE CM,2021-07-02,,EXACT,webbsite_full.sqlite/shortnames,1
webb_ccass,31430,webb:issue:31430,02150,NAYUKI,2021-06-30,,EXACT,webbsite_full.sqlite/shortnames,1
webb_ccass,31451,webb:issue:31451,02190,ZYLOXTB,2021-07-05,2025-05-09,EXACT,webbsite_full.sqlite/shortnames,2
webb_ccass,31459,webb:issue:31459,09813,CAM CTPB BOND-U,2021-06-30,2024-07-18,EXACT,webbsite_full.sqlite/shortnames,1
webb_ccass,31460,webb:issue:31460,09069,CAM HSBIOTECH-U,2021-06-30,,EXACT,webbsite_full.sqlite/shortnames,1
webb_ccass,31463,webb:issue:31463,02219,CHAOJU EYE CARE,2021-07-07,,EXACT,webbsite_full.sqlite/shortnames,1
webb_ccass,31487,webb:issue:31487,01965,LANDSEA LIFE,2021-07-08,,EXACT,webbsite_full.sqlite/shortnames,1
webb_ccass,31489,webb:issue:31489,02162,KEYMED BIO-B,2021-07-08,,EXACT,webbsite_full.sqlite/shortnames,1
webb_ccass,31496,webb:issue:31496,06623,LUFAX,2023-04-14,,EXACT,webbsite_full.sqlite/shortnames,1
webb_ccass,31502,webb:issue:31502,02209,YESASIA HLDGS,2021-07-09,,EXACT,webbsite_full.sqlite/shortnames,1
webb_ccass,31506,webb:issue:31506,02177,UNQ HOLDINGS,2021-07-12,,EXACT,webbsite_full.sqlite/shortnames,1
webb_ccass,31509,webb:issue:31509,02205,KANGQIAO SER,2021-07-16,,EXACT,webbsite_full.sqlite/shortnames,1
webb_ccass,31510,webb:issue:31510,02165,LING YUE SER GP,2021-07-12,,EXACT,webbsite_full.sqlite/shortnames,1
webb_ccass,31512,webb:issue:31512,02215,DEXIN SER GROUP,2021-07-15,,EXACT,webbsite_full.sqlite/shortnames,1
webb_ccass,31518,webb:issue:31518,09960,KINDSTAR GLOBAL,2021-07-16,,EXACT,webbsite_full.sqlite/shortnames,1
webb_ccass,31539,webb:issue:31539,06611,SANXUN GROUP,2021-07-19,,EXACT,webbsite_full.sqlite/shortnames,1
webb_ccass,31547,webb:issue:31547,02137,BRII-B,2021-07-13,,EXACT,webbsite_full.sqlite/shortnames,1
webb_ccass,31591,webb:issue:31591,06913,SCVE GROUP,2021-07-13,,EXACT,webbsite_full.sqlite/shortnames,1
webb_ccass,31595,webb:issue:31595,02192,MEDLIVE,2021-07-15,,EXACT,webbsite_full.sqlite/shortnames,1
webb_ccass,31597,webb:issue:31597,02207,RONSHINE SERV,2021-07-16,2025-03-19,EXACT,webbsite_full.sqlite/shortnames,1
webb_ccass,31599,webb:issue:31599,02175,CH GENERAL EDU,2021-07-16,,EXACT,webbsite_full.sqlite/shortnames,1
webb_ccass,31603,webb:issue:31603,06909,BETTERLIFE HLDG,2021-07-15,,EXACT,webbsite_full.sqlite/shortnames,1
webb_ccass,31604,webb:issue:31604,06616,GLOBAL NEW MAT,2021-07-16,,EXACT,webbsite_full.sqlite/shortnames,1
webb_ccass,31678,webb:issue:31678,03174,CSOP HSBIOTECH,2021-07-21,2025-09-15,EXACT,webbsite_full.sqlite/shortnames,2
webb_ccass,31692,webb:issue:31692,08209,GT STEEL W2308,2021-08-25,2023-08-24,EXACT,webbsite_full.sqlite/shortnames,1
webb_ccass,31693,webb:issue:31693,01074,APAC RES W2210,2021-09-08,2022-10-07,EXACT,webbsite_full.sqlite/shortnames,1
webb_ccass,31694,webb:issue:31694,09930,HORIZON CD,2023-05-25,,EXACT,webbsite_full.sqlite/shortnames,1
webb_ccass,31724,webb:issue:31724,03124,GX CN ECOM&LOG,2021-07-23,2025-12-24,EXACT,webbsite_full.sqlite/shortnames,1
webb_ccass,31725,webb:issue:31725,03117,GX CN GAME&ENT,2021-07-23,2025-12-24,EXACT,webbsite_full.sqlite/shortnames,1
webb_ccass,31726,webb:issue:31726,03119,GX ASIA SEMICON,2021-07-23,,EXACT,webbsite_full.sqlite/shortnames,1
webb_ccass,31739,webb:issue:31739,03151,PREMIA STAR50,2021-07-28,,EXACT,webbsite_full.sqlite/shortnames,1
webb_ccass,31740,webb:issue:31740,09151,PREMIA STAR50-U,2021-07-28,,EXACT,webbsite_full.sqlite/shortnames,1
webb_ccass,31741,webb:issue:31741,83151,PREMIA STAR50-R,2021-07-28,,EXACT,webbsite_full.sqlite/shortnames,1
webb_ccass,31861,webb:issue:31861,03162,CSOP SMARTDRIVE,2021-08-12,2025-05-23,EXACT,webbsite_full.sqlite/shortnames,1
webb_ccass,31891,webb:issue:31891,06609,HEARTCARE-B,2021-08-20,,EXACT,webbsite_full.sqlite/shortnames,1
webb_ccass,31926,webb:issue:31926,09801,ISHARES CHINA-U,2021-08-17,,EXACT,webbsite_full.sqlite/shortnames,1
webb_ccass,31946,webb:issue:31946,06669,ACOTEC-B,2021-08-24,,EXACT,webbsite_full.sqlite/shortnames,1
webb_ccass,32138,webb:issue:32138,09869,HELENS,2021-09-10,,EXACT,webbsite_full.sqlite/shortnames,1
webb_ccass,32309,webb:issue:32309,02216,BRONCUS-B,2021-09-24,,EXACT,webbsite_full.sqlite/shortnames,1
webb_ccass,32313,webb:issue:32313,06628,TRANSCENTA-B,2021-09-29,,EXACT,webbsite_full.sqlite/shortnames,1
webb_ccass,32319,webb:issue:32319,09889,DRCB,2021-09-29,,EXACT,webbsite_full.sqlite/shortnames,1
webb_ccass,32332,webb:issue:32332,02217,TAM JAI INTL,2021-10-07,2025-08-20,EXACT,webbsite_full.sqlite/shortnames,1
webb_ccass,32393,webb:issue:32393,02256;02983,ABBISKO-B,2021-10-15,2022-12-13,AMBIGUOUS,webbsite_full.sqlite/shortnames,4
webb_ccass,32400,webb:issue:32400,02235,MICROTECH MED-B,2021-10-19,,EXACT,webbsite_full.sqlite/shortnames,1
webb_ccass,32415,webb:issue:32415,07374,FI CSOPGOLD,2021-10-20,2024-07-24,EXACT,webbsite_full.sqlite/shortnames,1
webb_ccass,32419,webb:issue:32419,02829,ISHARESCGB,2021-10-21,,EXACT,webbsite_full.sqlite/shortnames,1
webb_ccass,32420,webb:issue:32420,09829,ISHARESCGB-U,2021-10-21,,EXACT,webbsite_full.sqlite/shortnames,1
webb_ccass,32421,webb:issue:32421,82829,ISHARESCGB-R,2021-10-21,,EXACT,webbsite_full.sqlite/shortnames,1
webb_ccass,32422,webb:issue:32422,03125,ISHARESSDCPBB,2021-10-21,2025-10-14,EXACT,webbsite_full.sqlite/shortnames,1
webb_ccass,32423,webb:issue:32423,09125,ISHARESSDCPBB-U,2021-10-21,2025-10-14,EXACT,webbsite_full.sqlite/shortnames,1
webb_ccass,32424,webb:issue:32424,83125,ISHARESSDCPBB-R,2021-10-21,2025-10-14,EXACT,webbsite_full.sqlite/shortnames,1
webb_ccass,32433,webb:issue:32433,02252,MEDBOT-B,2021-11-02,,EXACT,webbsite_full.sqlite/shortnames,1
webb_ccass,32445,webb:issue:32445,03132,SAMSUNG SEMICON,2021-11-09,,EXACT,webbsite_full.sqlite/shortnames,1
webb_ccass,32447,webb:issue:32447,02197,CLOVER BIO-B,2021-11-05,,EXACT,webbsite_full.sqlite/shortnames,1
webb_ccass,32450,webb:issue:32450,01948,UJU HOLDING,2021-11-08,,EXACT,webbsite_full.sqlite/shortnames,1
webb_ccass,32452,webb:issue:32452,02251,AIRDOC-B,2021-11-05,,EXACT,webbsite_full.sqlite/shortnames,1
webb_ccass,32480,webb:issue:32480,09956,ANE,2021-11-11,,EXACT,webbsite_full.sqlite/shortnames,1
webb_ccass,32482,webb:issue:32482,02265,HC ENV TECH,2021-11-12,,EXACT,webbsite_full.sqlite/shortnames,1
webb_ccass,32484,webb:issue:32484,02210,BEIJING JIAYE,2021-11-10,,EXACT,webbsite_full.sqlite/shortnames,1
webb_ccass,32493,webb:issue:32493,03176,HS CHNEWECON,2021-11-11,2023-08-30,EXACT,webbsite_full.sqlite/shortnames,1
webb_ccass,32505,webb:issue:32505,00587,CONCH ENVIRO,2022-03-30,,EXACT,webbsite_full.sqlite/shortnames,1
webb_ccass,32509,webb:issue:32509,02185;02951,BIOHEART-B,2021-12-23,2022-09-07,AMBIGUOUS,webbsite_full.sqlite/shortnames,4
webb_ccass,32543,webb:issue:32543,09899,NETEASE MUSIC,2021-12-02,2024-11-27,EXACT,webbsite_full.sqlite/shortnames,3
webb_ccass,32550,webb:issue:32550,07345,FI CSOP OIL,2021-12-01,2024-07-24,EXACT,webbsite_full.sqlite/shortnames,1
webb_ccass,32583,webb:issue:32583,02270,DESUN SERVICES,2021-12-17,,EXACT,webbsite_full.sqlite/shortnames,1
webb_ccass,32584,webb:issue:32584,06821,ASYMCHEM,2021-12-10,,EXACT,webbsite_full.sqlite/shortnames,1
webb_ccass,32594,webb:issue:32594,02273,GUSHENGTANG,2021-12-10,,EXACT,webbsite_full.sqlite/shortnames,1
webb_ccass,32595,webb:issue:32595,09699,SF INTRA-CITY,2021-12-14,,EXACT,webbsite_full.sqlite/shortnames,1
webb_ccass,32598,webb:issue:32598,02276;02938,CONANT OPTICAL,2021-12-16,2025-09-19,AMBIGUOUS,webbsite_full.sqlite/shortnames,4
webb_ccass,32601,webb:issue:32601,01228,CANBRIDGE-B,2021-12-10,,EXACT,webbsite_full.sqlite/shortnames,1
webb_ccass,32620,webb:issue:32620,02279,YONGHE MEDICAL,2021-12-13,,EXACT,webbsite_full.sqlite/shortnames,1
webb_ccass,32621,webb:issue:32621,06633,QINGCI GAMES,2021-12-16,,EXACT,webbsite_full.sqlite/shortnames,1
webb_ccass,32622,webb:issue:32622,02849,GX AUTO EV,2021-12-10,2025-12-24,EXACT,webbsite_full.sqlite/shortnames,1
webb_ccass,32623,webb:issue:32623,03051,A GXASINNOVATOR,2021-12-10,2025-12-24,EXACT,webbsite_full.sqlite/shortnames,1
webb_ccass,32624,webb:issue:32624,03185,GX FINTECH,2021-12-10,,EXACT,webbsite_full.sqlite/shortnames,1
webb_ccass,32630,webb:issue:32630,00020,SENSETIME-W,2021-12-30,,EXACT,webbsite_full.sqlite/shortnames,1
webb_ccass,32631,webb:issue:32631,03003,CSOP MSCI A 50,2021-12-13,,EXACT,webbsite_full.sqlite/shortnames,1
webb_ccass,32632,webb:issue:32632,02839,CAM MSCI A50,2021-12-13,,EXACT,webbsite_full.sqlite/shortnames,1
webb_ccass,32684,webb:issue:32684,02257,SIRNAOMICS-B,2021-12-30,,EXACT,webbsite_full.sqlite/shortnames,1
webb_ccass,32721,webb:issue:32721,06680,JLMAG,2022-01-14,,EXACT,webbsite_full.sqlite/shortnames,1
webb_ccass,32755,webb:issue:32755,02121,AINNOVATION,2022-01-27,,EXACT,webbsite_full.sqlite/shortnames,1
webb_ccass,32812,webb:issue:32812,01406,CLARITY MEDICAL,2022-02-18,,EXACT,webbsite_full.sqlite/shortnames,1
webb_ccass,32822,webb:issue:32822,02157,LEPU BIO-B,2022-02-23,,EXACT,webbsite_full.sqlite/shortnames,1
webb_ccass,32847,webb:issue:32847,00816,JINMAO SERVICES,2022-03-10,,EXACT,webbsite_full.sqlite/shortnames,1
webb_ccass,32889,webb:issue:32889,06639,ARRAIL GROUP,2022-03-22,,EXACT,webbsite_full.sqlite/shortnames,1
webb_ccass,32943,webb:issue:32943,06655,HX BLDG MAT,2022-03-28,2025-12-04,EXACT,webbsite_full.sqlite/shortnames,2
webb_ccass,32988,webb:issue:32988,02390,ZHIHU-W,2022-04-22,,EXACT,webbsite_full.sqlite/shortnames,1
webb_ccass,33033,webb:issue:33033,07234,XL2 BOS CHINEXT,2022-05-12,,EXACT,webbsite_full.sqlite/shortnames,1
webb_ccass,33148,webb:issue:33148,03171,A SS BLOCKCHAIN,2022-06-23,,EXACT,webbsite_full.sqlite/shortnames,1
webb_ccass,33160,webb:issue:33160,02246;02971,GOGOX,2022-06-24,2025-06-03,AMBIGUOUS,webbsite_full.sqlite/shortnames,5
webb_ccass,33208,webb:issue:33208,09896,MNSO,2022-07-13,,EXACT,webbsite_full.sqlite/shortnames,1
webb_ccass,33220,webb:issue:33220,03190,FB SSH HIGH DIV,2022-07-08,,EXACT,webbsite_full.sqlite/shortnames,1
webb_ccass,33240,webb:issue:33240,02361,SINOHEALTH HLDG,2022-07-12,,EXACT,webbsite_full.sqlite/shortnames,1
webb_ccass,33255,webb:issue:33255,09696,TIANQI LITHIUM,2022-07-13,,EXACT,webbsite_full.sqlite/shortnames,1
webb_ccass,33260,webb:issue:33260,02237,CHINA GRAPHITE,2022-07-18,,EXACT,webbsite_full.sqlite/shortnames,1
webb_ccass,33263,webb:issue:33263,02172,MICROPORT NEURO,2022-07-15,,EXACT,webbsite_full.sqlite/shortnames,1
webb_ccass,33270,webb:issue:33270,02385,READBOY,2022-07-12,,EXACT,webbsite_full.sqlite/shortnames,1
webb_ccass,33357,webb:issue:33357,02562;07841,SYNAGISTICS,2022-08-15,2024-10-30,DATE_BOUNDED,webbsite_full.sqlite/shortnames,2
webb_ccass,33377,webb:issue:33377,01880,CTG DUTY-FREE,2022-08-25,,EXACT,webbsite_full.sqlite/shortnames,1
webb_ccass,33390,webb:issue:33390,02315,BIOCYTOGEN-B,2022-09-01,,EXACT,webbsite_full.sqlite/shortnames,1
webb_ccass,33408,webb:issue:33408,06689,HONGJIU FRUIT,2022-09-05,,EXACT,webbsite_full.sqlite/shortnames,1
webb_ccass,33410,webb:issue:33410,02306,YH ENT,2023-01-19,,EXACT,webbsite_full.sqlite/shortnames,1
webb_ccass,33435,webb:issue:33435,09886,DINGDANG HEALTH,2022-09-14,,EXACT,webbsite_full.sqlite/shortnames,1
webb_ccass,33445,webb:issue:33445,03004,CSOP VIETNAM30,2022-09-20,,EXACT,webbsite_full.sqlite/shortnames,1
webb_ccass,33446,webb:issue:33446,07801,INTERRA ACQ-Z,2022-09-16,2025-04-10,EXACT,webbsite_full.sqlite/shortnames,1
webb_ccass,33447,webb:issue:33447,04801,INTERRA ACQ Z25,2022-09-16,2025-04-10,EXACT,webbsite_full.sqlite/shortnames,1
webb_ccass,33451,webb:issue:33451,02350,MTT GROUP,2022-09-26,,EXACT,webbsite_full.sqlite/shortnames,1
webb_ccass,33452,webb:issue:33452,03155,A HGI LIFESTYLE,2022-09-26,2025-06-30,EXACT,webbsite_full.sqlite/shortnames,1
webb_ccass,33453,webb:issue:33453,82800,TRACKER FUND-R,2022-09-19,,EXACT,webbsite_full.sqlite/shortnames,1
webb_ccass,33473,webb:issue:33473,09863,LEAPMOTOR,2022-09-29,,EXACT,webbsite_full.sqlite/shortnames,1
webb_ccass,33475,webb:issue:33475,02602,ONEWO,2022-09-29,,EXACT,webbsite_full.sqlite/shortnames,1
webb_ccass,33483,webb:issue:33483,03931,CALB,2022-10-06,,EXACT,webbsite_full.sqlite/shortnames,1
webb_ccass,33489,webb:issue:33489,06660,AIM VACCINE,2022-10-06,,EXACT,webbsite_full.sqlite/shortnames,1
webb_ccass,33495,webb:issue:33495,09877,JENSCARE-B,2022-10-10,,EXACT,webbsite_full.sqlite/shortnames,1
webb_ccass,33497,webb:issue:33497,01489,GC CONSTRUCTION,2022-10-10,,EXACT,webbsite_full.sqlite/shortnames,1
webb_ccass,33508,webb:issue:33508,09658,SUPER HI,2022-12-30,,EXACT,webbsite_full.sqlite/shortnames,1
webb_ccass,33511,webb:issue:33511,02986;06610,FLOWING CLD-NEW,2022-10-18,2025-12-19,AMBIGUOUS,webbsite_full.sqlite/shortnames,4
webb_ccass,33512,webb:issue:33512,03039,EFUNDHSIESG,2022-10-10,,EXACT,webbsite_full.sqlite/shortnames,1
webb_ccass,33516,webb:issue:33516,02422,REGO INTERACT,2022-10-17,,EXACT,webbsite_full.sqlite/shortnames,1
webb_ccass,33524,webb:issue:33524,07252,XL2CSOPBROKER,2022-10-19,2024-07-24,EXACT,webbsite_full.sqlite/shortnames,1
webb_ccass,33568,webb:issue:33568,02367,GIANT BIOGENE,2022-11-04,,EXACT,webbsite_full.sqlite/shortnames,1
webb_ccass,33586,webb:issue:33586,02291,SCIENTECH,2022-11-08,,EXACT,webbsite_full.sqlite/shortnames,1
webb_ccass,33591,webb:issue:33591,02940;06696,MANY IDEA CLOUD,2022-11-09,2025-03-19,AMBIGUOUS,webbsite_full.sqlite/shortnames,5
webb_ccass,33596,webb:issue:33596,02420,ZIBUYU,2022-11-11,,EXACT,webbsite_full.sqlite/shortnames,1
webb_ccass,33597,webb:issue:33597,01407,JY GAS,2022-11-16,,EXACT,webbsite_full.sqlite/shortnames,1
webb_ccass,33637,webb:issue:33637,03403,CAM HSI ESG,2022-11-10,,EXACT,webbsite_full.sqlite/shortnames,1
webb_ccass,33638,webb:issue:33638,09403,CAM HSI ESG-U,2022-11-10,,EXACT,webbsite_full.sqlite/shortnames,1
webb_ccass,33639,webb:issue:33639,83403,CAM HSI ESG-R,2022-11-10,,EXACT,webbsite_full.sqlite/shortnames,1
webb_ccass,33648,webb:issue:33648,03192,A BOS RMB MM,2022-11-15,,EXACT,webbsite_full.sqlite/shortnames,1
webb_ccass,33649,webb:issue:33649,83192,A BOS RMB MM-R,2022-11-15,,EXACT,webbsite_full.sqlite/shortnames,1
webb_ccass,33650,webb:issue:33650,02835,PHILLIP HKNEWEQ,2022-11-21,,EXACT,webbsite_full.sqlite/shortnames,1
webb_ccass,33660,webb:issue:33660,02436,LX TECHNOLOGY,2022-11-24,,EXACT,webbsite_full.sqlite/shortnames,1
webb_ccass,33669,webb:issue:33669,07505,XI2CSOPUSOILGAS,2022-11-23,2024-11-11,EXACT,webbsite_full.sqlite/shortnames,1
webb_ccass,33670,webb:issue:33670,07204,XL2CSOPUSOILGAS,2022-11-23,2024-11-11,EXACT,webbsite_full.sqlite/shortnames,1
webb_ccass,33690,webb:issue:33690,02245,LYGEND RESOURCE,2022-12-01,,EXACT,webbsite_full.sqlite/shortnames,1
webb_ccass,33714,webb:issue:33714,01244,3D MEDICINES,2022-12-15,2023-05-18,EXACT,webbsite_full.sqlite/shortnames,2
webb_ccass,33715,webb:issue:33715,02457,BUYANG INTL,2022-12-15,,EXACT,webbsite_full.sqlite/shortnames,1
webb_ccass,33720,webb:issue:33720,03611,HUAFANG GROUP,2022-12-12,2024-12-16,EXACT,webbsite_full.sqlite/shortnames,1
webb_ccass,33728,webb:issue:33728,02407,GAUSH MEDITECH,2022-12-12,,EXACT,webbsite_full.sqlite/shortnames,1
webb_ccass,33730,webb:issue:33730,02440,MEMESTRATEGY,2022-12-12,2025-06-12,EXACT,webbsite_full.sqlite/shortnames,2
webb_ccass,33761,webb:issue:33761,06963,SUNSHINE INS,2022-12-09,,EXACT,webbsite_full.sqlite/shortnames,1
webb_ccass,33763,webb:issue:33763,01947,MEIHAO GROUP,2022-12-14,,EXACT,webbsite_full.sqlite/shortnames,1
webb_ccass,33764,webb:issue:33764,03056,A PANDO INNO,2022-12-08,2025-10-31,EXACT,webbsite_full.sqlite/shortnames,3
webb_ccass,33765,webb:issue:33765,03112,A PANDO BLKC,2022-12-08,2025-10-31,EXACT,webbsite_full.sqlite/shortnames,3
webb_ccass,33767,webb:issue:33767,09985,WL DELICIOUS,2022-12-15,2024-01-17,EXACT,webbsite_full.sqlite/shortnames,2
webb_ccass,33836,webb:issue:33836,00314,SIPAI HEALTH,2022-12-23,,EXACT,webbsite_full.sqlite/shortnames,1
webb_ccass,33840,webb:issue:33840,02145,CHICMAX,2022-12-22,,EXACT,webbsite_full.sqlite/shortnames,1
webb_ccass,33846,webb:issue:33846,03068,FA CSOP ETH,2022-12-16,,EXACT,webbsite_full.sqlite/shortnames,1
webb_ccass,33847,webb:issue:33847,03066,FA CSOP BTC,2022-12-16,,EXACT,webbsite_full.sqlite/shortnames,1
webb_ccass,33849,webb:issue:33849,01405,DPC DASH,2023-03-28,,EXACT,webbsite_full.sqlite/shortnames,1
webb_ccass,33851,webb:issue:33851,06929,ORBUSNEICH,2022-12-23,,EXACT,webbsite_full.sqlite/shortnames,1
webb_ccass,33854,webb:issue:33854,02905;06698,STAR CM,2022-12-29,2024-01-29,AMBIGUOUS,webbsite_full.sqlite/shortnames,4
webb_ccass,33855,webb:issue:33855,02427,GUANZE MEDICAL,2022-12-29,,EXACT,webbsite_full.sqlite/shortnames,1
webb_ccass,33864,webb:issue:33864,02076,BOSS ZHIPIN-W,2022-12-22,,EXACT,webbsite_full.sqlite/shortnames,1
webb_ccass,33869,webb:issue:33869,02425,AUSTASIA GROUP,2022-12-30,,EXACT,webbsite_full.sqlite/shortnames,1
webb_ccass,33871,webb:issue:33871,06922,CRYOFOCUS-B,2022-12-30,,EXACT,webbsite_full.sqlite/shortnames,1
webb_ccass,33875,webb:issue:33875,07855,TECHSTARACQ-Z,2022-12-23,2025-12-10,EXACT,webbsite_full.sqlite/shortnames,1
webb_ccass,33876,webb:issue:33876,04855,TECHSTARACQ Z25,2022-12-23,2025-12-10,EXACT,webbsite_full.sqlite/shortnames,1
webb_ccass,33883,webb:issue:33883,06955,BOAN BIOTECH,2022-12-30,2023-04-19,EXACT,webbsite_full.sqlite/shortnames,2
webb_ccass,33941,webb:issue:33941,02469,FENBI,2023-01-09,,EXACT,webbsite_full.sqlite/shortnames,1
webb_ccass,33972,webb:issue:33972,02402,SINOHYTEC,2023-01-12,,EXACT,webbsite_full.sqlite/shortnames,1
webb_ccass,33986,webb:issue:33986,02411,PAGODA GP,2023-01-16,,EXACT,webbsite_full.sqlite/shortnames,1
webb_ccass,33987,webb:issue:33987,02455,RUNHUA SERVICE,2023-01-17,,EXACT,webbsite_full.sqlite/shortnames,1
webb_ccass,33988,webb:issue:33988,02450,HUAIBEI GD CO,2023-01-20,,EXACT,webbsite_full.sqlite/shortnames,1
webb_ccass,33993,webb:issue:33993,02459,SANERGY GROUP,2023-01-17,,EXACT,webbsite_full.sqlite/shortnames,1
webb_ccass,33994,webb:issue:33994,03135,FA SAMSUNG BTC,2023-01-13,,EXACT,webbsite_full.sqlite/shortnames,1
webb_ccass,33995,webb:issue:33995,02147,ZHENGWEI GROUP,2023-01-13,,EXACT,webbsite_full.sqlite/shortnames,1
webb_ccass,34000,webb:issue:34000,02373,BEAUTYFARM MED,2023-01-16,,EXACT,webbsite_full.sqlite/shortnames,1
webb_ccass,34001,webb:issue:34001,02458,GALA TECH HOLD,2023-01-16,,EXACT,webbsite_full.sqlite/shortnames,1
webb_ccass,34060,webb:issue:34060,03189,EFUND LIQUOR,2023-02-16,,EXACT,webbsite_full.sqlite/shortnames,1
webb_ccass,34061,webb:issue:34061,83189,EFUND LIQUOR-R,2023-02-16,,EXACT,webbsite_full.sqlite/shortnames,1
webb_ccass,34062,webb:issue:34062,03152,A BOS HKD MM,2023-02-14,,EXACT,webbsite_full.sqlite/shortnames,1
webb_ccass,34083,webb:issue:34083,02482,LOGORY,2023-03-09,,EXACT,webbsite_full.sqlite/shortnames,1
webb_ccass,34088,webb:issue:34088,02988;09636,JF SMARTINV-100,2023-03-10,2025-12-08,AMBIGUOUS,webbsite_full.sqlite/shortnames,4
webb_ccass,34110,webb:issue:34110,02409,SEACON,2023-03-29,,EXACT,webbsite_full.sqlite/shortnames,1
webb_ccass,34125,webb:issue:34125,02433,ZT HN GROUP,2023-03-30,,EXACT,webbsite_full.sqlite/shortnames,1
webb_ccass,34126,webb:issue:34126,02405,POWERWIN TECH,2023-03-31,,EXACT,webbsite_full.sqlite/shortnames,1
webb_ccass,34127,webb:issue:34127,02439,CH TREASURES NM,2023-03-31,,EXACT,webbsite_full.sqlite/shortnames,1
webb_ccass,34130,webb:issue:34130,03038,HS ALOWCARBON,2023-03-30,,EXACT,webbsite_full.sqlite/shortnames,1
webb_ccass,34131,webb:issue:34131,83038,HS ALOWCARBON-R,2023-03-30,,EXACT,webbsite_full.sqlite/shortnames,1
webb_ccass,34132,webb:issue:34132,02837,GX HS TECH,2023-03-30,,EXACT,webbsite_full.sqlite/shortnames,1
webb_ccass,34134,webb:issue:34134,03129,BOCGBACLIMATE,2023-03-31,,EXACT,webbsite_full.sqlite/shortnames,1
webb_ccass,34135,webb:issue:34135,83129,BOCGBACLIMATE-R,2023-03-31,,EXACT,webbsite_full.sqlite/shortnames,1
webb_ccass,34147,webb:issue:34147,09669,BEISEN HOLDING,2023-04-13,,EXACT,webbsite_full.sqlite/shortnames,1
webb_ccass,34150,webb:issue:34150,09040,GX MSCI CHINA-U,2023-04-13,,EXACT,webbsite_full.sqlite/shortnames,1
webb_ccass,34175,webb:issue:34175,03405,FB ASIA EGY STR,2023-04-25,,EXACT,webbsite_full.sqlite/shortnames,1
webb_ccass,34176,webb:issue:34176,06979,ZJLD,2023-04-27,,EXACT,webbsite_full.sqlite/shortnames,1
webb_ccass,34185,webb:issue:34185,02415,MEDSCI,2023-04-27,,EXACT,webbsite_full.sqlite/shortnames,1
webb_ccass,34197,webb:issue:34197,02480,LUZHU BIOTECH-B,2023-05-08,,EXACT,webbsite_full.sqlite/shortnames,1
webb_ccass,34198,webb:issue:34198,02442,EASY SMART GP,2023-05-09,,EXACT,webbsite_full.sqlite/shortnames,1
webb_ccass,34205,webb:issue:34205,02486,PLUS GP HOLDING,2023-05-11,,EXACT,webbsite_full.sqlite/shortnames,1
webb_ccass,34235,webb:issue:34235,02416,EDIANYUN,2023-05-25,,EXACT,webbsite_full.sqlite/shortnames,1
webb_ccass,34252,webb:issue:34252,00424,MECOM PWR W2405,2023-05-25,2024-05-27,EXACT,webbsite_full.sqlite/shortnames,1
webb_ccass,34295,webb:issue:34295,82388,BOC HONG KONG-R,2023-06-19,,EXACT,webbsite_full.sqlite/shortnames,1
webb_ccass,34296,webb:issue:34296,81024,KUAISHOU-WR,2023-06-19,,EXACT,webbsite_full.sqlite/shortnames,1
webb_ccass,34298,webb:issue:34298,81810,XIAOMI-WR,2023-06-19,,EXACT,webbsite_full.sqlite/shortnames,1
webb_ccass,34299,webb:issue:34299,82333,GWMOTOR-R,2023-06-19,,EXACT,webbsite_full.sqlite/shortnames,1
webb_ccass,34301,webb:issue:34301,80992,LENOVO GROUP-R,2023-06-19,,EXACT,webbsite_full.sqlite/shortnames,1
webb_ccass,34302,webb:issue:34302,83690,MEITUAN-WR,2023-06-19,,EXACT,webbsite_full.sqlite/shortnames,1
webb_ccass,34303,webb:issue:34303,80011,HANGSENG BANK-R,2023-06-19,,EXACT,webbsite_full.sqlite/shortnames,1
webb_ccass,34304,webb:issue:34304,80016,SHK PPT-R,2023-06-19,,EXACT,webbsite_full.sqlite/shortnames,1
webb_ccass,34305,webb:issue:34305,80020,SENSETIME-WR,2023-06-19,,EXACT,webbsite_full.sqlite/shortnames,1
webb_ccass,34306,webb:issue:34306,80175,GEELY AUTO-R,2023-06-19,,EXACT,webbsite_full.sqlite/shortnames,1
webb_ccass,34307,webb:issue:34307,80291;82939,CHINARES BEER-R,2023-06-19,2024-05-03,AMBIGUOUS,webbsite_full.sqlite/shortnames,4
webb_ccass,34308,webb:issue:34308,80388,HKEX-R,2023-06-19,,EXACT,webbsite_full.sqlite/shortnames,1
webb_ccass,34309,webb:issue:34309,80700,TENCENT-R,2023-06-19,,EXACT,webbsite_full.sqlite/shortnames,1
webb_ccass,34310,webb:issue:34310,80883,CNOOC-R,2023-06-19,,EXACT,webbsite_full.sqlite/shortnames,1
webb_ccass,34311,webb:issue:34311,80941,CHINA MOBILE-R,2023-06-19,,EXACT,webbsite_full.sqlite/shortnames,1
webb_ccass,34312,webb:issue:34312,81299,AIA-R,2023-06-19,,EXACT,webbsite_full.sqlite/shortnames,1
webb_ccass,34313,webb:issue:34313,82020,ANTA SPORTS-R,2023-06-19,,EXACT,webbsite_full.sqlite/shortnames,1
webb_ccass,34314,webb:issue:34314,82331,LI NING-R,2023-06-19,,EXACT,webbsite_full.sqlite/shortnames,1
webb_ccass,34315,webb:issue:34315,86618,JD HEALTH-R,2023-06-19,,EXACT,webbsite_full.sqlite/shortnames,1
webb_ccass,34316,webb:issue:34316,89618,JD-SWR,2023-06-19,,EXACT,webbsite_full.sqlite/shortnames,1
webb_ccass,34317,webb:issue:34317,89888,BIDU-SWR,2023-06-19,,EXACT,webbsite_full.sqlite/shortnames,1
webb_ccass,34318,webb:issue:34318,89988,BABA-WR,2023-06-19,2024-08-28,EXACT,webbsite_full.sqlite/shortnames,2
webb_ccass,34320,webb:issue:34320,82318,PING AN-R,2023-06-19,,EXACT,webbsite_full.sqlite/shortnames,1
webb_ccass,34321,webb:issue:34321,81211;82944,BYD COMPANY-R,2023-06-19,2025-10-14,AMBIGUOUS,webbsite_full.sqlite/shortnames,4
webb_ccass,34325,webb:issue:34325,06683,STARPLUS LEGEND,2023-07-13,,EXACT,webbsite_full.sqlite/shortnames,1
webb_ccass,34326,webb:issue:34326,02487,CUTIA-B,2023-06-12,,EXACT,webbsite_full.sqlite/shortnames,1
webb_ccass,34359,webb:issue:34359,09885,YSB,2023-06-28,,EXACT,webbsite_full.sqlite/shortnames,1
webb_ccass,34364,webb:issue:34364,02105,LAEKNA-B,2023-06-29,,EXACT,webbsite_full.sqlite/shortnames,1
webb_ccass,34373,webb:issue:34373,09860,ADICON HOLDINGS,2023-06-30,,EXACT,webbsite_full.sqlite/shortnames,1
webb_ccass,34387,webb:issue:34387,03137,A GX USD MM,2023-06-29,,EXACT,webbsite_full.sqlite/shortnames,1
webb_ccass,34416,webb:issue:34416,03650,KEEP,2023-07-12,,EXACT,webbsite_full.sqlite/shortnames,1
webb_ccass,34417,webb:issue:34417,01284,NEW MEDIA LAB,2023-07-18,,EXACT,webbsite_full.sqlite/shortnames,1
webb_ccass,34418,webb:issue:34418,06990,SKB BIO-B,2023-07-11,,EXACT,webbsite_full.sqlite/shortnames,1
webb_ccass,34427,webb:issue:34427,02481,WISE LIVING TEC,2023-07-10,,EXACT,webbsite_full.sqlite/shortnames,1
webb_ccass,34430,webb:issue:34430,03161,A CAM RMB MM,2023-07-12,,EXACT,webbsite_full.sqlite/shortnames,1
webb_ccass,34431,webb:issue:34431,83161,A CAM RMB MM-R,2023-07-12,,EXACT,webbsite_full.sqlite/shortnames,1
webb_ccass,34446,webb:issue:34446,03196,A BOS USD MM,2023-07-27,,EXACT,webbsite_full.sqlite/shortnames,1
webb_ccass,34447,webb:issue:34447,09196,A BOS USD MM-U,2023-07-27,,EXACT,webbsite_full.sqlite/shortnames,1
webb_ccass,34448,webb:issue:34448,83196,A BOS USD MM-R,2023-07-27,,EXACT,webbsite_full.sqlite/shortnames,1
webb_ccass,34454,webb:issue:34454,02841,GX CN MEDTECH,2023-08-04,,EXACT,webbsite_full.sqlite/shortnames,1
webb_ccass,34480,webb:issue:34480,01541,IMMUNEONCO-B,2023-09-05,,EXACT,webbsite_full.sqlite/shortnames,1
webb_ccass,34513,webb:issue:34513,02403,STYLAND W2410,2023-10-06,2024-10-07,EXACT,webbsite_full.sqlite/shortnames,1
webb_ccass,34522,webb:issue:34522,02490;02900;02917,LC LOGISTICS,2023-09-25,2025-09-01,AMBIGUOUS,webbsite_full.sqlite/shortnames,8
webb_ccass,34524,webb:issue:34524,02496,YZYBIO-B,2023-09-25,,EXACT,webbsite_full.sqlite/shortnames,1
webb_ccass,34532,webb:issue:34532,09690,TUHU-W,2023-09-26,,EXACT,webbsite_full.sqlite/shortnames,1
webb_ccass,34537,webb:issue:34537,09686,XIKANG CLOUD,2023-09-28,2024-07-04,EXACT,webbsite_full.sqlite/shortnames,2
webb_ccass,34538,webb:issue:34538,09890,TANWAN,2023-09-28,2025-09-02,EXACT,webbsite_full.sqlite/shortnames,2
webb_ccass,34543,webb:issue:34543,06682,FOURTH PARADIGM,2023-09-28,,EXACT,webbsite_full.sqlite/shortnames,1
webb_ccass,34557,webb:issue:34557,01973,TIAN TU CAPITAL,2023-10-06,,EXACT,webbsite_full.sqlite/shortnames,1
webb_ccass,34560,webb:issue:34560,03075,GX ASUSD BOND,2023-10-12,,EXACT,webbsite_full.sqlite/shortnames,1
webb_ccass,34561,webb:issue:34561,09075,GX ASUSD BOND-U,2023-10-12,,EXACT,webbsite_full.sqlite/shortnames,1
webb_ccass,34567,webb:issue:34567,02451,LUYUAN GP HLDG,2023-10-12,,EXACT,webbsite_full.sqlite/shortnames,1
webb_ccass,34568,webb:issue:34568,09676,SHIYUE DAOTIAN,2023-10-12,,EXACT,webbsite_full.sqlite/shortnames,1
webb_ccass,34573,webb:issue:34573,02501,MAIYUE TECH,2023-10-11,,EXACT,webbsite_full.sqlite/shortnames,1
webb_ccass,34594,webb:issue:34594,01519,J&T EXPRESS-W,2023-10-27,,EXACT,webbsite_full.sqlite/shortnames,1
webb_ccass,34604,webb:issue:34604,02517,GUOQUAN,2023-11-02,,EXACT,webbsite_full.sqlite/shortnames,1
webb_ccass,34611,webb:issue:34611,02429,UBOX ONLINE,2023-11-03,,EXACT,webbsite_full.sqlite/shortnames,1
webb_ccass,34640,webb:issue:34640,02473;02918,XXF,2023-11-09,2025-01-14,AMBIGUOUS,webbsite_full.sqlite/shortnames,5
webb_ccass,34688,webb:issue:34688,01111,HUASHI GROUP,2023-11-10,,EXACT,webbsite_full.sqlite/shortnames,1
webb_ccass,34692,webb:issue:34692,02499,FOLANGSI,2023-11-10,,EXACT,webbsite_full.sqlite/shortnames,1
webb_ccass,34694,webb:issue:34694,02268,WUXI XDC,2023-11-17,,EXACT,webbsite_full.sqlite/shortnames,1
webb_ccass,34718,webb:issue:34718,02520,SHANXI INSTALL,2023-11-22,,EXACT,webbsite_full.sqlite/shortnames,1
webb_ccass,34722,webb:issue:34722,03422,GX INNO TOP 10,2023-11-24,,EXACT,webbsite_full.sqlite/shortnames,1
webb_ccass,34723,webb:issue:34723,03184,GX INDIA TOP 10,2024-03-19,,EXACT,webbsite_full.sqlite/shortnames,1
webb_ccass,34724,webb:issue:34724,02830,CSOP SAUDI,2023-11-29,,EXACT,webbsite_full.sqlite/shortnames,1
webb_ccass,34725,webb:issue:34725,82830,CSOP SAUDI-R,2023-11-29,,EXACT,webbsite_full.sqlite/shortnames,1
webb_ccass,34731,webb:issue:34731,02815,GX CN LIL GIANT,2023-11-20,,EXACT,webbsite_full.sqlite/shortnames,1
webb_ccass,34741,webb:issue:34741,03150,GX JP GL LEADER,2023-11-24,,EXACT,webbsite_full.sqlite/shortnames,1
webb_ccass,34748,webb:issue:34748,02521,SHENGHUI CLEAN,2023-12-05,,EXACT,webbsite_full.sqlite/shortnames,1
webb_ccass,34749,webb:issue:34749,02483,K CASH,2023-12-05,,EXACT,webbsite_full.sqlite/shortnames,1
webb_ccass,34753,webb:issue:34753,02419,DEKON AGR,2023-12-06,,EXACT,webbsite_full.sqlite/shortnames,1
webb_ccass,34755,webb:issue:34755,09663,SINOSYNERGY,2023-12-05,,EXACT,webbsite_full.sqlite/shortnames,1
webb_ccass,34757,webb:issue:34757,02497,FUJING HOLDINGS,2024-03-28,,EXACT,webbsite_full.sqlite/shortnames,1
webb_ccass,34765,webb:issue:34765,01497,YAN PALACE,2023-12-12,,EXACT,webbsite_full.sqlite/shortnames,1
webb_ccass,34793,webb:issue:34793,00666,REPT BATTERO,2023-12-18,,EXACT,webbsite_full.sqlite/shortnames,1
webb_ccass,34816,webb:issue:34816,02502,JINYUAN HCHEM,2023-12-20,,EXACT,webbsite_full.sqlite/shortnames,1
webb_ccass,34817,webb:issue:34817,01274,IMOTIONTECH,2023-12-20,2025-03-17,EXACT,webbsite_full.sqlite/shortnames,2
webb_ccass,34839,webb:issue:34839,02516,FAR INTL,2023-12-22,,EXACT,webbsite_full.sqlite/shortnames,1
webb_ccass,34844,webb:issue:34844,06911,LANCANG TEA,2023-12-22,,EXACT,webbsite_full.sqlite/shortnames,1
webb_ccass,34846,webb:issue:34846,02511,HIGHTIDE-B,2023-12-22,,EXACT,webbsite_full.sqlite/shortnames,1
webb_ccass,34848,webb:issue:34848,02489,PERSISTENCE RES,2023-12-22,,EXACT,webbsite_full.sqlite/shortnames,1
webb_ccass,34861,webb:issue:34861,09880,UBTECH ROBOTICS,2023-12-29,,EXACT,webbsite_full.sqlite/shortnames,1
webb_ccass,34865,webb:issue:34865,02149,BATELAB,2023-12-28,,EXACT,webbsite_full.sqlite/shortnames,1
webb_ccass,34901,webb:issue:34901,02498,ROBOSENSE,2024-01-05,,EXACT,webbsite_full.sqlite/shortnames,1
webb_ccass,34908,webb:issue:34908,02477;02961,WELLCELL HOLD,2024-01-12,2025-05-12,AMBIGUOUS,webbsite_full.sqlite/shortnames,5
webb_ccass,34915,webb:issue:34915,02503,ZHONGSHENJIANYE,2024-01-09,,EXACT,webbsite_full.sqlite/shortnames,1
webb_ccass,34917,webb:issue:34917,02453,CONCORD HC GP,2024-01-09,,EXACT,webbsite_full.sqlite/shortnames,1
webb_ccass,34919,webb:issue:34919,02947;06959,CHANGJIU HLDGS,2024-01-09,2024-05-28,AMBIGUOUS,webbsite_full.sqlite/shortnames,4
webb_ccass,34920,webb:issue:34920,02515,TJCD,2024-04-23,,EXACT,webbsite_full.sqlite/shortnames,1
webb_ccass,34921,webb:issue:34921,03433,CSOP UST20,2024-01-10,,EXACT,webbsite_full.sqlite/shortnames,1
webb_ccass,34944,webb:issue:34944,83088,CAM HS TECH-R,2024-01-19,,EXACT,webbsite_full.sqlite/shortnames,1
webb_ccass,34945,webb:issue:34945,83069,CAM HSBIOTECH-R,2024-01-19,,EXACT,webbsite_full.sqlite/shortnames,1
webb_ccass,34962,webb:issue:34962,03153,CSOP NIKKEI225,2024-01-31,,EXACT,webbsite_full.sqlite/shortnames,1
webb_ccass,35019,webb:issue:35019,03158,GX KPOP CULTURE,2024-03-19,,EXACT,webbsite_full.sqlite/shortnames,1
webb_ccass,35020,webb:issue:35020,03416,A GX HSCEICC,2024-02-29,,EXACT,webbsite_full.sqlite/shortnames,1
webb_ccass,35021,webb:issue:35021,03419,A GX HSICC,2024-02-29,,EXACT,webbsite_full.sqlite/shortnames,1
webb_ccass,35036,webb:issue:35036,03156,BOS 20 UST,2024-02-29,,EXACT,webbsite_full.sqlite/shortnames,1
webb_ccass,35037,webb:issue:35037,09156,BOS 20 UST-U,2024-02-29,,EXACT,webbsite_full.sqlite/shortnames,1
webb_ccass,35038,webb:issue:35038,09107,BOS 20 UST A-U,2024-02-29,,EXACT,webbsite_full.sqlite/shortnames,1
webb_ccass,35041,webb:issue:35041,02535,WK GROUP,2024-03-08,,EXACT,webbsite_full.sqlite/shortnames,1
webb_ccass,35042,webb:issue:35042,02540,LESI GROUP,2024-03-08,,EXACT,webbsite_full.sqlite/shortnames,1
webb_ccass,35072,webb:issue:35072,02509,QYUNS-B,2024-03-20,,EXACT,webbsite_full.sqlite/shortnames,1
webb_ccass,35076,webb:issue:35076,09879,MIGAO GROUP,2024-03-21,,EXACT,webbsite_full.sqlite/shortnames,1
webb_ccass,35082,webb:issue:35082,02536,PALASINO,2024-03-26,,EXACT,webbsite_full.sqlite/shortnames,1
webb_ccass,35092,webb:issue:35092,02598,LIANLIAN,2024-03-28,,EXACT,webbsite_full.sqlite/shortnames,1
webb_ccass,35130,webb:issue:35130,03195,HS S&P500,2024-04-23,,EXACT,webbsite_full.sqlite/shortnames,1
webb_ccass,35131,webb:issue:35131,09195,HS S&P500-U,2024-04-23,,EXACT,webbsite_full.sqlite/shortnames,1
webb_ccass,35146,webb:issue:35146,02555,CHABAIDAO,2024-04-23,,EXACT,webbsite_full.sqlite/shortnames,1
webb_ccass,35153,webb:issue:35153,02438,MOBVOI,2024-04-24,,EXACT,webbsite_full.sqlite/shortnames,1
webb_ccass,35160,webb:issue:35160,03009,BOS HSK ETH,2024-04-30,,EXACT,webbsite_full.sqlite/shortnames,1
webb_ccass,35161,webb:issue:35161,09009,BOS HSK ETH-U,2024-04-30,,EXACT,webbsite_full.sqlite/shortnames,1
webb_ccass,35162,webb:issue:35162,03008,BOS HSK BTC,2024-04-30,,EXACT,webbsite_full.sqlite/shortnames,1
webb_ccass,35163,webb:issue:35163,09008,BOS HSK BTC-U,2024-04-30,,EXACT,webbsite_full.sqlite/shortnames,1
webb_ccass,35164,webb:issue:35164,03179,HGI ETH,2024-04-30,,EXACT,webbsite_full.sqlite/shortnames,1
webb_ccass,35165,webb:issue:35165,09179,HGI ETH-U,2024-04-30,,EXACT,webbsite_full.sqlite/shortnames,1
webb_ccass,35166,webb:issue:35166,03439,HGI BTC,2024-04-30,,EXACT,webbsite_full.sqlite/shortnames,1
webb_ccass,35167,webb:issue:35167,09439,HGI BTC-U,2024-04-30,,EXACT,webbsite_full.sqlite/shortnames,1
webb_ccass,35168,webb:issue:35168,03046,CAM ETH,2024-04-30,,EXACT,webbsite_full.sqlite/shortnames,1
webb_ccass,35169,webb:issue:35169,83046,CAM ETH-R,2024-04-30,,EXACT,webbsite_full.sqlite/shortnames,1
webb_ccass,35170,webb:issue:35170,09046,CAM ETH-U,2024-04-30,,EXACT,webbsite_full.sqlite/shortnames,1
webb_ccass,35171,webb:issue:35171,03042,CAM BTC,2024-04-30,,EXACT,webbsite_full.sqlite/shortnames,1
webb_ccass,35172,webb:issue:35172,83042,CAM BTC-R,2024-04-30,,EXACT,webbsite_full.sqlite/shortnames,1
webb_ccass,35173,webb:issue:35173,09042,CAM BTC-U,2024-04-30,,EXACT,webbsite_full.sqlite/shortnames,1
webb_ccass,35198,webb:issue:35198,02556,MARKETINGFORCE,2024-05-16,,EXACT,webbsite_full.sqlite/shortnames,1
webb_ccass,35205,webb:issue:35205,02529,HOLLWIN URBAN,2024-05-17,,EXACT,webbsite_full.sqlite/shortnames,1
webb_ccass,35229,webb:issue:35229,02898,SUNHO BIO-B,2024-05-24,,EXACT,webbsite_full.sqlite/shortnames,1
webb_ccass,35236,webb:issue:35236,00917;02994,QUNABOX GROUP,2024-05-27,2025-07-09,AMBIGUOUS,webbsite_full.sqlite/shortnames,4
webb_ccass,35238,webb:issue:35238,02505,EDA GROUP HLDGS,2024-05-28,,EXACT,webbsite_full.sqlite/shortnames,1
webb_ccass,35250,webb:issue:35250,07515,FI2 CSOP NIKKEI,2024-05-29,,EXACT,webbsite_full.sqlite/shortnames,1
webb_ccass,35251,webb:issue:35251,07262,FL2 CSOP NIKKEI,2024-05-29,,EXACT,webbsite_full.sqlite/shortnames,1
webb_ccass,35256,webb:issue:35256,02443,AUTOSTREETS,2024-05-31,,EXACT,webbsite_full.sqlite/shortnames,1
webb_ccass,35257,webb:issue:35257,08529,UBOT HOLDING,2024-06-03,,EXACT,webbsite_full.sqlite/shortnames,1
webb_ccass,35272,webb:issue:35272,02522,RIMAG GROUP,2024-06-07,,EXACT,webbsite_full.sqlite/shortnames,1
webb_ccass,35304,webb:issue:35304,02550,EASOU TECH,2024-06-07,,EXACT,webbsite_full.sqlite/shortnames,1
webb_ccass,35305,webb:issue:35305,02228,XTALPI,2024-06-13,2025-04-09,EXACT,webbsite_full.sqlite/shortnames,3
webb_ccass,35310,webb:issue:35310,02512,CLOUD FACTORY,2024-06-14,,EXACT,webbsite_full.sqlite/shortnames,1
webb_ccass,35322,webb:issue:35322,02881,WUHAN YOUJI,2024-06-18,,EXACT,webbsite_full.sqlite/shortnames,1
webb_ccass,35333,webb:issue:35333,03146,CAM 20 UST,2024-06-17,,EXACT,webbsite_full.sqlite/shortnames,1
webb_ccass,35334,webb:issue:35334,09146,CAM 20 UST-U,2024-06-17,,EXACT,webbsite_full.sqlite/shortnames,1
webb_ccass,35335,webb:issue:35335,83146,CAM 20 UST-R,2024-06-17,,EXACT,webbsite_full.sqlite/shortnames,1
webb_ccass,35336,webb:issue:35336,09446,CAM 20 UST A-U,2024-06-17,,EXACT,webbsite_full.sqlite/shortnames,1
webb_ccass,35340,webb:issue:35340,03426,A DOO WEB3,2024-06-19,,EXACT,webbsite_full.sqlite/shortnames,1
webb_ccass,35341,webb:issue:35341,03413,A DOO AI,2024-06-19,,EXACT,webbsite_full.sqlite/shortnames,1
webb_ccass,35342,webb:issue:35342,03412,A DOO PAYMENTS,2024-06-19,,EXACT,webbsite_full.sqlite/shortnames,1
webb_ccass,35354,webb:issue:35354,02559,DIDA INC,2024-06-28,,EXACT,webbsite_full.sqlite/shortnames,1
webb_ccass,35355,webb:issue:35355,06181,LAOPU GOLD,2024-06-28,,EXACT,webbsite_full.sqlite/shortnames,1
webb_ccass,35360,webb:issue:35360,02479,TIANJUDIHE,2024-06-28,,EXACT,webbsite_full.sqlite/shortnames,1
webb_ccass,35369,webb:issue:35369,08637,METASURFACE,2024-07-02,,EXACT,webbsite_full.sqlite/shortnames,1
webb_ccass,35371,webb:issue:35371,02545,ZHONGGAN COMM,2024-07-03,,EXACT,webbsite_full.sqlite/shortnames,1
webb_ccass,35377,webb:issue:35377,01354,KINGFARPROPERTY,2024-07-03,,EXACT,webbsite_full.sqlite/shortnames,1
webb_ccass,35389,webb:issue:35389,03432,CSOP HKCNCON,2024-07-04,,EXACT,webbsite_full.sqlite/shortnames,1
webb_ccass,35424,webb:issue:35424,06657,BAIWANG CO,2024-07-09,,EXACT,webbsite_full.sqlite/shortnames,1
webb_ccass,35425,webb:issue:35425,06086,FANGZHOU JIANKE,2024-07-09,,EXACT,webbsite_full.sqlite/shortnames,1
webb_ccass,35426,webb:issue:35426,09680,CHENQI TECH,2024-07-10,,EXACT,webbsite_full.sqlite/shortnames,1
webb_ccass,35433,webb:issue:35433,02531,CARLINK TECH,2024-07-15,,EXACT,webbsite_full.sqlite/shortnames,1
webb_ccass,35438,webb:issue:35438,02495,VOICECOMM,2024-07-10,,EXACT,webbsite_full.sqlite/shortnames,1
webb_ccass,35440,webb:issue:35440,03437,BOS CSOE HIDV,2024-07-10,,EXACT,webbsite_full.sqlite/shortnames,1
webb_ccass,35441,webb:issue:35441,83437,BOS CSOE HIDV-R,2024-07-10,,EXACT,webbsite_full.sqlite/shortnames,1
webb_ccass,35442,webb:issue:35442,09437,BOS CSOE HIDV-U,2024-07-10,,EXACT,webbsite_full.sqlite/shortnames,1
webb_ccass,35443,webb:issue:35443,03410,HS JAPAN TPX100,2024-07-10,,EXACT,webbsite_full.sqlite/shortnames,1
webb_ccass,35444,webb:issue:35444,01334,RUICHANG INTL,2024-07-10,,EXACT,webbsite_full.sqlite/shortnames,1
webb_ccass,35452,webb:issue:35452,02507,CIRRUS,2024-07-12,,EXACT,webbsite_full.sqlite/shortnames,1
webb_ccass,35453,webb:issue:35453,03450,GX 3-5Y UST,2024-07-11,,EXACT,webbsite_full.sqlite/shortnames,1
webb_ccass,35454,webb:issue:35454,03133,CSOP CSI300,2024-07-16,,EXACT,webbsite_full.sqlite/shortnames,1
webb_ccass,35467,webb:issue:35467,07376,FI CSOP BTC,2024-07-23,,EXACT,webbsite_full.sqlite/shortnames,1
webb_ccass,35506,webb:issue:35506,01471,ZHONGMIAO,2024-08-06,,EXACT,webbsite_full.sqlite/shortnames,1
webb_ccass,35512,webb:issue:35512,02533,BLACK SESAME,2024-08-08,,EXACT,webbsite_full.sqlite/shortnames,1
webb_ccass,35530,webb:issue:35530,02410,TYK MEDICINES-B,2024-08-20,,EXACT,webbsite_full.sqlite/shortnames,1
webb_ccass,35591,webb:issue:35591,08629,SYNTRUST GK,2024-09-09,,EXACT,webbsite_full.sqlite/shortnames,1
webb_ccass,35637,webb:issue:35637,00300,MIDEA GROUP,2024-09-17,,EXACT,webbsite_full.sqlite/shortnames,1
webb_ccass,35638,webb:issue:35638,03436,HSCMS 1-3Y UST,2024-09-16,,EXACT,webbsite_full.sqlite/shortnames,1
webb_ccass,35639,webb:issue:35639,03435,HSCMS 7-10Y UST,2024-09-16,,EXACT,webbsite_full.sqlite/shortnames,1
webb_ccass,35641,webb:issue:35641,09070,PING AN HKDIV-U,2024-09-16,,EXACT,webbsite_full.sqlite/shortnames,1
webb_ccass,35694,webb:issue:35694,03411,PP ASIA IGUSD,2024-09-25,,EXACT,webbsite_full.sqlite/shortnames,1
webb_ccass,35695,webb:issue:35695,09411,PP ASIA IGUSD-U,2024-09-25,,EXACT,webbsite_full.sqlite/shortnames,1
webb_ccass,35705,webb:issue:35705,02549,CAROTE LTD,2024-10-02,,EXACT,webbsite_full.sqlite/shortnames,1
webb_ccass,35706,webb:issue:35706,03404,CAM MSCIINDIA,2024-09-30,,EXACT,webbsite_full.sqlite/shortnames,1
webb_ccass,35707,webb:issue:35707,09404,CAM MSCIINDIA-U,2024-09-30,,EXACT,webbsite_full.sqlite/shortnames,1
webb_ccass,35708,webb:issue:35708,83404,CAM MSCIINDIA-R,2024-09-30,,EXACT,webbsite_full.sqlite/shortnames,1
webb_ccass,35784,webb:issue:35784,02567,QINIU,2024-10-16,,EXACT,webbsite_full.sqlite/shortnames,1
webb_ccass,35785,webb:issue:35785,09639,WING LEE DEV,2024-10-09,,EXACT,webbsite_full.sqlite/shortnames,1
webb_ccass,35786,webb:issue:35786,02576,TAIMEI TECH,2024-10-08,,EXACT,webbsite_full.sqlite/shortnames,1
webb_ccass,35787,webb:issue:35787,09450,GX 3-5Y UST-U,2024-10-10,,EXACT,webbsite_full.sqlite/shortnames,1
webb_ccass,35795,webb:issue:35795,03453,PREMIA TW50,2024-10-09,,EXACT,webbsite_full.sqlite/shortnames,1
webb_ccass,35796,webb:issue:35796,09159,PREMIA TW50A-U,2024-10-09,,EXACT,webbsite_full.sqlite/shortnames,1
webb_ccass,35822,webb:issue:35822,02460,CR BEVERAGE,2024-10-23,,EXACT,webbsite_full.sqlite/shortnames,1
webb_ccass,35828,webb:issue:35828,09660,HORIZONROBOT-W,2024-10-24,,EXACT,webbsite_full.sqlite/shortnames,1
webb_ccass,35838,webb:issue:35838,09840,SPDR GOLD TRT-U,2024-10-29,,EXACT,webbsite_full.sqlite/shortnames,1
webb_ccass,35839,webb:issue:35839,82840,SPDR GOLD TRT-R,2024-10-29,,EXACT,webbsite_full.sqlite/shortnames,1
webb_ccass,35863,webb:issue:35863,02465,LOPAL TECH,2024-10-30,,EXACT,webbsite_full.sqlite/shortnames,1
webb_ccass,35864,webb:issue:35864,02563,BIOSTAR PHARM-B,2024-10-31,,EXACT,webbsite_full.sqlite/shortnames,1
webb_ccass,35873,webb:issue:35873,02510,TS LINES,2024-11-01,,EXACT,webbsite_full.sqlite/shortnames,1
webb_ccass,35882,webb:issue:35882,02478,APAC RES W2712,2024-12-17,,EXACT,webbsite_full.sqlite/shortnames,1
webb_ccass,35883,webb:issue:35883,03454,CSOP MAG7,2024-11-06,,EXACT,webbsite_full.sqlite/shortnames,1
webb_ccass,35894,webb:issue:35894,02551,APT ELECTRONICS,2024-11-08,,EXACT,webbsite_full.sqlite/shortnames,1
webb_ccass,35895,webb:issue:35895,02519,AUGROUP,2024-11-08,,EXACT,webbsite_full.sqlite/shortnames,1
webb_ccass,35915,webb:issue:35915,02582;02996,GUOFUHEE,2024-11-15,2025-07-14,AMBIGUOUS,webbsite_full.sqlite/shortnames,4
webb_ccass,35936,webb:issue:35936,03084,A GX INDIA,2024-11-26,,EXACT,webbsite_full.sqlite/shortnames,1
webb_ccass,35937,webb:issue:35937,09084,A GX INDIA-U,2024-11-26,,EXACT,webbsite_full.sqlite/shortnames,1
webb_ccass,35938,webb:issue:35938,03104,A GX EM ASIA,2024-11-26,,EXACT,webbsite_full.sqlite/shortnames,1
webb_ccass,35939,webb:issue:35939,09104,A GX EM ASIA-U,2024-11-26,,EXACT,webbsite_full.sqlite/shortnames,1
webb_ccass,35950,webb:issue:35950,06936,SF HOLDING,2024-11-27,,EXACT,webbsite_full.sqlite/shortnames,1
webb_ccass,35954,webb:issue:35954,03427,FB MULTIASSET,2024-11-29,,EXACT,webbsite_full.sqlite/shortnames,1
webb_ccass,35965,webb:issue:35965,02566,JIUYUAN GENE,2024-11-28,,EXACT,webbsite_full.sqlite/shortnames,1
webb_ccass,35973,webb:issue:35973,02585,MOKINGRAN,2024-11-29,,EXACT,webbsite_full.sqlite/shortnames,1
webb_ccass,35987,webb:issue:35987,02586,DMALL,2024-12-06,,EXACT,webbsite_full.sqlite/shortnames,1
webb_ccass,35993,webb:issue:35993,02570,REFIRE,2024-12-06,,EXACT,webbsite_full.sqlite/shortnames,1
webb_ccass,35995,webb:issue:35995,01318,MAO GEPING,2024-12-10,,EXACT,webbsite_full.sqlite/shortnames,1
webb_ccass,35999,webb:issue:35999,03440,GX 0-3M UST,2024-12-13,,EXACT,webbsite_full.sqlite/shortnames,1
webb_ccass,36000,webb:issue:36000,09440,GX 0-3M UST-U,2024-12-13,,EXACT,webbsite_full.sqlite/shortnames,1
webb_ccass,36019,webb:issue:36019,02593,HERBS GROUP,2024-12-19,,EXACT,webbsite_full.sqlite/shortnames,1
webb_ccass,36021,webb:issue:36021,00999,XIAOCAIYUAN,2024-12-20,,EXACT,webbsite_full.sqlite/shortnames,1
webb_ccass,36023,webb:issue:36023,02432,DOBOT,2024-12-23,,EXACT,webbsite_full.sqlite/shortnames,1
webb_ccass,36024,webb:issue:36024,02431,MINIEYE,2024-12-27,,EXACT,webbsite_full.sqlite/shortnames,1
webb_ccass,36040,webb:issue:36040,02577,INNOSCIENCE,2024-12-30,,EXACT,webbsite_full.sqlite/shortnames,1
webb_ccass,36042,webb:issue:36042,02587,HEALTHYWAY INC,2024-12-30,,EXACT,webbsite_full.sqlite/shortnames,1
webb_ccass,36043,webb:issue:36043,02506,XUNFEIHEALTH,2024-12-30,,EXACT,webbsite_full.sqlite/shortnames,1
webb_ccass,36056,webb:issue:36056,06681,BRAINAURORA-B,2025-01-08,,EXACT,webbsite_full.sqlite/shortnames,1
webb_ccass,36060,webb:issue:36060,02613,CONTIOCEAN,2025-01-09,,EXACT,webbsite_full.sqlite/shortnames,1
webb_ccass,36061,webb:issue:36061,02560,CONCH MAT TECH,2025-01-09,,EXACT,webbsite_full.sqlite/shortnames,1
webb_ccass,36062,webb:issue:36062,03402,GX G2TECH,2025-01-10,,EXACT,webbsite_full.sqlite/shortnames,1
webb_ccass,36065,webb:issue:36065,02530,NUMANS,2025-01-10,,EXACT,webbsite_full.sqlite/shortnames,1
webb_ccass,36067,webb:issue:36067,02596,YIBIN BANK,2025-01-13,,EXACT,webbsite_full.sqlite/shortnames,1
webb_ccass,36068,webb:issue:36068,00325,BLOKS,2025-01-10,,EXACT,webbsite_full.sqlite/shortnames,1
webb_ccass,36069,webb:issue:36069,00805,NEW GONOW RV,2025-01-13,,EXACT,webbsite_full.sqlite/shortnames,1
webb_ccass,36076,webb:issue:36076,02571,SAIMO,2025-01-15,,EXACT,webbsite_full.sqlite/shortnames,1
webb_ccass,36114,webb:issue:36114,03401,GX AI INFRA,2025-02-10,,EXACT,webbsite_full.sqlite/shortnames,1
webb_ccass,36116,webb:issue:36116,01364,GUMING,2025-02-12,,EXACT,webbsite_full.sqlite/shortnames,1
webb_ccass,36129,webb:issue:36129,03455,INVESCO QQQ,2025-02-26,,EXACT,webbsite_full.sqlite/shortnames,1
webb_ccass,36130,webb:issue:36130,09455,INVESCO QQQ-U,2025-02-26,,EXACT,webbsite_full.sqlite/shortnames,1
webb_ccass,36131,webb:issue:36131,83455,INVESCO QQQ-R,2025-02-26,,EXACT,webbsite_full.sqlite/shortnames,1
webb_ccass,36136,webb:issue:36136,02097,MIXUE GROUP,2025-03-03,,EXACT,webbsite_full.sqlite/shortnames,1
webb_ccass,36149,webb:issue:36149,03417,A GX HSTCC,2025-03-13,,EXACT,webbsite_full.sqlite/shortnames,1
webb_ccass,36150,webb:issue:36150,06693,CHIFENG GOLD,2025-03-10,,EXACT,webbsite_full.sqlite/shortnames,1
webb_ccass,36154,webb:issue:36154,06676,ZG GROUP-W,2025-03-10,,EXACT,webbsite_full.sqlite/shortnames,1
webb_ccass,36155,webb:issue:36155,02572,ZG GROUP W30,2025-03-10,,EXACT,webbsite_full.sqlite/shortnames,1
webb_ccass,36197,webb:issue:36197,02561,VISEN PHARMA-B,2025-03-21,,EXACT,webbsite_full.sqlite/shortnames,1
webb_ccass,36198,webb:issue:36198,02610,NANSHAN AL INTL,2025-03-25,,EXACT,webbsite_full.sqlite/shortnames,1
webb_ccass,36200,webb:issue:36200,07366,XI2CSOPTSLA,2025-03-24,,EXACT,webbsite_full.sqlite/shortnames,1
webb_ccass,36201,webb:issue:36201,09366,XI2CSOPTSLA-U,2025-03-24,,EXACT,webbsite_full.sqlite/shortnames,1
webb_ccass,36202,webb:issue:36202,07766,XL2CSOPTSLA,2025-03-24,,EXACT,webbsite_full.sqlite/shortnames,1
webb_ccass,36203,webb:issue:36203,09766,XL2CSOPTSLA-U,2025-03-24,,EXACT,webbsite_full.sqlite/shortnames,1
webb_ccass,36204,webb:issue:36204,07388,XI2CSOPNVDA,2025-03-24,,EXACT,webbsite_full.sqlite/shortnames,1
webb_ccass,36205,webb:issue:36205,09388,XI2CSOPNVDA-U,2025-03-24,,EXACT,webbsite_full.sqlite/shortnames,1
webb_ccass,36206,webb:issue:36206,07788,XL2CSOPNVDA,2025-03-24,,EXACT,webbsite_full.sqlite/shortnames,1
webb_ccass,36207,webb:issue:36207,09788,XL2CSOPNVDA-U,2025-03-24,,EXACT,webbsite_full.sqlite/shortnames,1
webb_ccass,36208,webb:issue:36208,07777,XL2CSOPBRKB,2025-03-24,,EXACT,webbsite_full.sqlite/shortnames,1
webb_ccass,36209,webb:issue:36209,09777,XL2CSOPBRKB-U,2025-03-24,,EXACT,webbsite_full.sqlite/shortnames,1
webb_ccass,36210,webb:issue:36210,07399,XI2CSOPMSTR,2025-03-24,,EXACT,webbsite_full.sqlite/shortnames,1
webb_ccass,36211,webb:issue:36211,09399,XI2CSOPMSTR-U,2025-03-24,,EXACT,webbsite_full.sqlite/shortnames,1
webb_ccass,36212,webb:issue:36212,07799,XL2CSOPMSTR,2025-03-24,,EXACT,webbsite_full.sqlite/shortnames,1
webb_ccass,36213,webb:issue:36213,09799,XL2CSOPMSTR-U,2025-03-24,,EXACT,webbsite_full.sqlite/shortnames,1
webb_ccass,36214,webb:issue:36214,07311,XI2CSOPCOIN,2025-03-24,,EXACT,webbsite_full.sqlite/shortnames,1
webb_ccass,36215,webb:issue:36215,09311,XI2CSOPCOIN-U,2025-03-24,,EXACT,webbsite_full.sqlite/shortnames,1
webb_ccass,36216,webb:issue:36216,07711,XL2CSOPCOIN,2025-03-24,,EXACT,webbsite_full.sqlite/shortnames,1
webb_ccass,36217,webb:issue:36217,09711,XL2CSOPCOIN-U,2025-03-24,,EXACT,webbsite_full.sqlite/shortnames,1
webb_ccass,36232,webb:issue:36232,02569,SOFT INTL,2025-03-27,,EXACT,webbsite_full.sqlite/shortnames,1
webb_ccass,36233,webb:issue:36233,03470,GX GREATERCHINA,2025-03-28,,EXACT,webbsite_full.sqlite/shortnames,1
webb_ccass,36234,webb:issue:36234,02612,CSI PPT W2704,2025-04-08,,EXACT,webbsite_full.sqlite/shortnames,1
webb_ccass,36237,webb:issue:36237,03441,CSOP EWSELECT,2025-03-31,,EXACT,webbsite_full.sqlite/shortnames,1
webb_ccass,36238,webb:issue:36238,03442,CSOP HKUSTECH,2025-03-31,,EXACT,webbsite_full.sqlite/shortnames,1
webb_ccass,36239,webb:issue:36239,03423,CMS HS TECH,2025-03-31,,EXACT,webbsite_full.sqlite/shortnames,1
webb_ccass,36240,webb:issue:36240,02625,JIANGSU HORIZON,2025-03-31,,EXACT,webbsite_full.sqlite/shortnames,1
webb_ccass,36258,webb:issue:36258,03466,HS HIGH DIV,2025-04-07,,EXACT,webbsite_full.sqlite/shortnames,1
webb_ccass,36277,webb:issue:36277,03677,ZENERGY,2025-04-14,,EXACT,webbsite_full.sqlite/shortnames,1
webb_ccass,36278,webb:issue:36278,09606,DUALITYBIO-B,2025-04-15,,EXACT,webbsite_full.sqlite/shortnames,1
webb_ccass,36293,webb:issue:36293,01333,BRETON,2025-05-07,,EXACT,webbsite_full.sqlite/shortnames,1
webb_ccass,36295,webb:issue:36295,02589,AUNTEA JENNY,2025-05-08,,EXACT,webbsite_full.sqlite/shortnames,1
webb_ccass,36296,webb:issue:36296,02865,DRINDA,2025-05-08,,EXACT,webbsite_full.sqlite/shortnames,1
webb_ccass,36297,webb:issue:36297,03443,CSOP HK EQUITY,2025-05-08,,EXACT,webbsite_full.sqlite/shortnames,1
webb_ccass,36298,webb:issue:36298,03447,CSOP AP REITS,2025-05-13,,EXACT,webbsite_full.sqlite/shortnames,1
webb_ccass,36304,webb:issue:36304,06831,GREEN TEA GROUP,2025-05-16,,EXACT,webbsite_full.sqlite/shortnames,1
webb_ccass,36305,webb:issue:36305,07747,XL2CSOPSMSN,2025-05-19,2025-05-20,EXACT,webbsite_full.sqlite/shortnames,2
webb_ccass,36306,webb:issue:36306,09747,XL2CSOPSMSN-U,2025-05-19,2025-05-20,EXACT,webbsite_full.sqlite/shortnames,2
webb_ccass,36307,webb:issue:36307,07347,XI2CSOPSMSN,2025-05-19,2025-05-20,EXACT,webbsite_full.sqlite/shortnames,2
webb_ccass,36308,webb:issue:36308,09347,XI2CSOPSMSN-U,2025-05-19,2025-05-20,EXACT,webbsite_full.sqlite/shortnames,2
webb_ccass,36309,webb:issue:36309,03750,CATL,2025-05-20,,EXACT,webbsite_full.sqlite/shortnames,1
webb_ccass,36310,webb:issue:36310,02629,MIRXES-B,2025-05-23,,EXACT,webbsite_full.sqlite/shortnames,1
webb_ccass,36311,webb:issue:36311,01276,HENGRUI PHARMA,2025-05-23,,EXACT,webbsite_full.sqlite/shortnames,1
webb_ccass,36326,webb:issue:36326,02603,JIHONG CO,2025-05-27,,EXACT,webbsite_full.sqlite/shortnames,1
webb_ccass,36327,webb:issue:36327,02565,PEGBIO CO-B,2025-05-27,,EXACT,webbsite_full.sqlite/shortnames,1
webb_ccass,36331,webb:issue:36331,03478,PPKSA G SUKUK,2025-05-29,,EXACT,webbsite_full.sqlite/shortnames,1
webb_ccass,36332,webb:issue:36332,09478,PPKSA G SUKUK-U,2025-05-29,,EXACT,webbsite_full.sqlite/shortnames,1
webb_ccass,36335,webb:issue:36335,02621,SHOUHUI GROUP,2025-05-30,,EXACT,webbsite_full.sqlite/shortnames,1
webb_ccass,36357,webb:issue:36357,03064,GX APAC,2025-06-09,,EXACT,webbsite_full.sqlite/shortnames,1
webb_ccass,36358,webb:issue:36358,09064,GX APAC-U,2025-06-09,,EXACT,webbsite_full.sqlite/shortnames,1
webb_ccass,36371,webb:issue:36371,09881,RONGTA TECH,2025-06-10,,EXACT,webbsite_full.sqlite/shortnames,1
webb_ccass,36372,webb:issue:36372,02605,METALIGHT,2025-06-10,,EXACT,webbsite_full.sqlite/shortnames,1
webb_ccass,36373,webb:issue:36373,02573,NEWTREND GROUP,2025-06-10,,EXACT,webbsite_full.sqlite/shortnames,1
webb_ccass,36390,webb:issue:36390,03288,HAITIAN FLAV,2025-06-19,,EXACT,webbsite_full.sqlite/shortnames,1
webb_ccass,36392,webb:issue:36392,02617,TRANSTHERA-B,2025-06-23,,EXACT,webbsite_full.sqlite/shortnames,1
webb_ccass,36393,webb:issue:36393,02609,BAYZED HEALTH,2025-06-23,,EXACT,webbsite_full.sqlite/shortnames,1
webb_ccass,36394,webb:issue:36394,02050,SANHUA,2025-06-23,,EXACT,webbsite_full.sqlite/shortnames,1
webb_ccass,36398,webb:issue:36398,02643,CAOCAO INC,2025-06-25,,EXACT,webbsite_full.sqlite/shortnames,1
webb_ccass,36399,webb:issue:36399,02619,XJ ELECTRICS,2025-06-25,,EXACT,webbsite_full.sqlite/shortnames,1
webb_ccass,36400,webb:issue:36400,06883,ETERNAL BEAUTY,2025-06-26,,EXACT,webbsite_full.sqlite/shortnames,1
webb_ccass,36401,webb:issue:36401,06168,ZHOU LIU FU,2025-06-26,,EXACT,webbsite_full.sqlite/shortnames,1
webb_ccass,36402,webb:issue:36402,02508,SAINT BELLA,2025-06-26,,EXACT,webbsite_full.sqlite/shortnames,1
webb_ccass,36403,webb:issue:36403,09678,UNISOUND,2025-06-30,,EXACT,webbsite_full.sqlite/shortnames,1
webb_ccass,36404,webb:issue:36404,06603,IFBH,2025-06-30,,EXACT,webbsite_full.sqlite/shortnames,1
webb_ccass,36405,webb:issue:36405,03880,MEDTIDE,2025-06-30,,EXACT,webbsite_full.sqlite/shortnames,1
webb_ccass,36412,webb:issue:36412,02592,CLOUDBREAK-B,2025-07-03,,EXACT,webbsite_full.sqlite/shortnames,1
webb_ccass,36413,webb:issue:36413,02648,ANJOY FOOD,2025-07-04,,EXACT,webbsite_full.sqlite/shortnames,1
webb_ccass,36415,webb:issue:36415,01828,FWD,2025-07-07,,EXACT,webbsite_full.sqlite/shortnames,1
webb_ccass,36422,webb:issue:36422,06613,LENS,2025-07-09,,EXACT,webbsite_full.sqlite/shortnames,1
webb_ccass,36423,webb:issue:36423,03476,A HSJPUSINCOME,2025-07-09,,EXACT,webbsite_full.sqlite/shortnames,1
webb_ccass,36424,webb:issue:36424,03448,GX CHINA TECH,2025-07-09,,EXACT,webbsite_full.sqlite/shortnames,1
webb_ccass,36425,webb:issue:36425,02651,DAZHONG DENTAL,2025-07-09,,EXACT,webbsite_full.sqlite/shortnames,1
webb_ccass,36426,webb:issue:36426,02597,XUNZHONG,2025-07-09,,EXACT,webbsite_full.sqlite/shortnames,1
webb_ccass,36427,webb:issue:36427,02590,GEEKPLUS-W,2025-07-09,,EXACT,webbsite_full.sqlite/shortnames,1
webb_ccass,36428,webb:issue:36428,01304,FORTIOR,2025-07-09,,EXACT,webbsite_full.sqlite/shortnames,1
webb_ccass,36466,webb:issue:36466,02818,PANDO BITCOIN,2025-07-18,,EXACT,webbsite_full.sqlite/shortnames,1
webb_ccass,36480,webb:issue:36480,09887,LEADS BIOLABS-B,2025-07-25,,EXACT,webbsite_full.sqlite/shortnames,1
webb_ccass,36500,webb:issue:36500,06887,SUNSHINE PHARMA,2025-08-07,,EXACT,webbsite_full.sqlite/shortnames,1
webb_ccass,36504,webb:issue:36504,02627,AB&B BIO-TECH-B,2025-08-11,,EXACT,webbsite_full.sqlite/shortnames,1
webb_ccass,36506,webb:issue:36506,02591,INNOGEN-B,2025-08-15,,EXACT,webbsite_full.sqlite/shortnames,1
webb_ccass,36518,webb:issue:36518,02631,SICC,2025-08-20,,EXACT,webbsite_full.sqlite/shortnames,1
webb_ccass,36522,webb:issue:36522,03425,MBC ETH,2025-08-21,,EXACT,webbsite_full.sqlite/shortnames,1
webb_ccass,36523,webb:issue:36523,03430,MBC BTC,2025-08-21,,EXACT,webbsite_full.sqlite/shortnames,1
webb_ccass,36531,webb:issue:36531,06960,SHUANGDENG,2025-08-26,,EXACT,webbsite_full.sqlite/shortnames,1
webb_ccass,36536,webb:issue:36536,03858,JIAXIN INTL RES,2025-08-28,,EXACT,webbsite_full.sqlite/shortnames,1
webb_ccass,36537,webb:issue:36537,03415,A GXS&P500CC,2025-08-29,,EXACT,webbsite_full.sqlite/shortnames,1
webb_ccass,36542,webb:issue:36542,02580,AUX ELECTRIC,2025-09-02,,EXACT,webbsite_full.sqlite/shortnames,1
webb_ccass,36548,webb:issue:36548,02543,DAHON TECH,2025-09-09,,EXACT,webbsite_full.sqlite/shortnames,1
webb_ccass,36549,webb:issue:36549,03406,PA TECHSELECT,2025-09-09,,EXACT,webbsite_full.sqlite/shortnames,1
webb_ccass,36550,webb:issue:36550,03477,PA EW SELECT,2025-09-09,,EXACT,webbsite_full.sqlite/shortnames,1
webb_ccass,36559,webb:issue:36559,02525,HESAI-W,2025-09-16,,EXACT,webbsite_full.sqlite/shortnames,1
webb_ccass,36563,webb:issue:36563,02656,160 HEALTH,2025-09-17,,EXACT,webbsite_full.sqlite/shortnames,1
webb_ccass,36567,webb:issue:36567,02595,GENFLEET-B,2025-09-19,,EXACT,webbsite_full.sqlite/shortnames,1
webb_ccass,36575,webb:issue:36575,06090,BUTONG GROUP,2025-09-23,,EXACT,webbsite_full.sqlite/shortnames,1
webb_ccass,36582,webb:issue:36582,09973,CHERY AUTO,2025-09-25,,EXACT,webbsite_full.sqlite/shortnames,1
webb_ccass,36584,webb:issue:36584,03483,EFUND APAC HD,2025-09-26,,EXACT,webbsite_full.sqlite/shortnames,1
webb_ccass,36585,webb:issue:36585,03489,EFUND AI,2025-09-26,,EXACT,webbsite_full.sqlite/shortnames,1
webb_ccass,36591,webb:issue:36591,03431,CSOP HKKRTECH,2025-09-29,,EXACT,webbsite_full.sqlite/shortnames,1
webb_ccass,36594,webb:issue:36594,02259,ZIJIN GOLD INTL,2025-09-30,,EXACT,webbsite_full.sqlite/shortnames,1
webb_ccass,36595,webb:issue:36595,02583,HIPINE,2025-09-30,,EXACT,webbsite_full.sqlite/shortnames,1
webb_ccass,36596,webb:issue:36596,02889,PATEO,2025-09-30,,EXACT,webbsite_full.sqlite/shortnames,1
webb_ccass,36597,webb:issue:36597,03451,A GXNASDAQCC,2025-09-30,,EXACT,webbsite_full.sqlite/shortnames,1
webb_ccass,36598,webb:issue:36598,03469,CSOP SCHIGHDIV,2025-09-30,,EXACT,webbsite_full.sqlite/shortnames,1
webb_ccass,36608,webb:issue:36608,02652,CF PHARMTECH,2025-10-08,,EXACT,webbsite_full.sqlite/shortnames,1
webb_ccass,36610,webb:issue:36610,02650,ZHIDA TECH,2025-10-10,,EXACT,webbsite_full.sqlite/shortnames,1
webb_ccass,36611,webb:issue:36611,08549,GOLDEN LEAF INT,2025-10-10,,EXACT,webbsite_full.sqlite/shortnames,1
webb_ccass,36615,webb:issue:36615,02575,XUANZHUBIO-B,2025-10-15,,EXACT,webbsite_full.sqlite/shortnames,1
webb_ccass,36617,webb:issue:36617,02670,YUNJI,2025-10-16,,EXACT,webbsite_full.sqlite/shortnames,1
webb_ccass,36619,webb:issue:36619,03420,A VP RMB MM,2025-10-16,,EXACT,webbsite_full.sqlite/shortnames,1
webb_ccass,36620,webb:issue:36620,03421,A VP HKD MM,2025-10-16,,EXACT,webbsite_full.sqlite/shortnames,1
webb_ccass,36621,webb:issue:36621,03480,A VP USD MM,2025-10-16,,EXACT,webbsite_full.sqlite/shortnames,1
webb_ccass,36622,webb:issue:36622,07709,XL2CSOPHYNIX,2025-10-16,,EXACT,webbsite_full.sqlite/shortnames,1
webb_ccass,36625,webb:issue:36625,02637,HAIXI PHARMA,2025-10-20,,EXACT,webbsite_full.sqlite/shortnames,1
webb_ccass,36633,webb:issue:36633,06687,JST GROUP,2025-10-21,,EXACT,webbsite_full.sqlite/shortnames,1
webb_ccass,36636,webb:issue:36636,00638,FIBOCOM,2025-10-22,,EXACT,webbsite_full.sqlite/shortnames,1
webb_ccass,36637,webb:issue:36637,03460,CAM SOL,2025-10-27,,EXACT,webbsite_full.sqlite/shortnames,1
webb_ccass,36645,webb:issue:36645,01384,DEEPEXI TECH,2025-10-28,,EXACT,webbsite_full.sqlite/shortnames,1
webb_ccass,36648,webb:issue:36648,06031,SANY HEAVY IND,2025-10-28,,EXACT,webbsite_full.sqlite/shortnames,1
webb_ccass,36649,webb:issue:36649,06166,CIG,2025-10-28,,EXACT,webbsite_full.sqlite/shortnames,1
webb_ccass,36650,webb:issue:36650,06980,BAMA TEA,2025-10-28,,EXACT,webbsite_full.sqlite/shortnames,1
webb_ccass,36656,webb:issue:36656,02718,MININGLAMP-W,2025-11-03,,EXACT,webbsite_full.sqlite/shortnames,1
webb_ccass,36660,webb:issue:36660,09927,SERES,2025-11-05,,EXACT,webbsite_full.sqlite/shortnames,1
webb_ccass,36661,webb:issue:36661,02026,PONY-W,2025-11-06,,EXACT,webbsite_full.sqlite/shortnames,1
webb_ccass,36663,webb:issue:36663,02630,VIGONVITA-B,2025-11-06,,EXACT,webbsite_full.sqlite/shortnames,1
webb_ccass,36668,webb:issue:36668,00699,JOYSON ELEC,2025-11-06,,EXACT,webbsite_full.sqlite/shortnames,1
webb_ccass,36669,webb:issue:36669,00800,WERIDE-W,2025-11-06,,EXACT,webbsite_full.sqlite/shortnames,1
webb_ccass,36673,webb:issue:36673,02698,SOFTCARE,2025-11-10,,EXACT,webbsite_full.sqlite/shortnames,1
webb_ccass,36692,webb:issue:36692,02579,CNGR,2025-11-17,,EXACT,webbsite_full.sqlite/shortnames,1
webb_ccass,36705,webb:issue:36705,02788,CHUANGXIN IND,2025-11-24,,EXACT,webbsite_full.sqlite/shortnames,1
webb_ccass,36714,webb:issue:36714,02685,QUANTGROUP,2025-11-27,,EXACT,webbsite_full.sqlite/shortnames,1
webb_ccass,36718,webb:issue:36718,03461,A CAM RMBTMMF,2025-11-28,,EXACT,webbsite_full.sqlite/shortnames,1
webb_ccass,36719,webb:issue:36719,03471,A CAM HKDTMMF,2025-11-28,,EXACT,webbsite_full.sqlite/shortnames,1
webb_ccass,36720,webb:issue:36720,03472,A CAM USDTMMF,2025-11-28,,EXACT,webbsite_full.sqlite/shortnames,1
webb_ccass,36723,webb:issue:36723,09609,HAIWEI ELEC,2025-11-28,,EXACT,webbsite_full.sqlite/shortnames,1
webb_ccass,36728,webb:issue:36728,02539,LEMO SERVICES,2025-12-03,,EXACT,webbsite_full.sqlite/shortnames,1
webb_ccass,36729,webb:issue:36729,02693,JINYAN KAOLIN,2025-12-03,,EXACT,webbsite_full.sqlite/shortnames,1
webb_ccass,36730,webb:issue:36730,03085,PANDO ETH,2025-12-03,,EXACT,webbsite_full.sqlite/shortnames,1
webb_ccass,36735,webb:issue:36735,02408,XIAO NOODLES,2025-12-05,,EXACT,webbsite_full.sqlite/shortnames,1
webb_ccass,36736,webb:issue:36736,02658,TIANYU SEMI,2025-12-05,,EXACT,webbsite_full.sqlite/shortnames,1
webb_ccass,36740,webb:issue:36740,02676,NOVOSENSE,2025-12-08,,EXACT,webbsite_full.sqlite/shortnames,1
webb_ccass,36741,webb:issue:36741,02687,ABLE DIGITAL,2025-12-08,,EXACT,webbsite_full.sqlite/shortnames,1
webb_ccass,36747,webb:issue:36747,02659,BAO PHARMA-B,2025-12-10,,EXACT,webbsite_full.sqlite/shortnames,1
webb_ccass,36748,webb:issue:36748,02665,SEYOND,2025-12-10,,EXACT,webbsite_full.sqlite/shortnames,1
webb_ccass,36749,webb:issue:36749,02673,SEYOND W30,2025-12-10,,EXACT,webbsite_full.sqlite/shortnames,1
webb_ccass,36750,webb:issue:36750,02802,A CSOP HSCEICC,2025-12-11,,EXACT,webbsite_full.sqlite/shortnames,1
webb_ccass,36751,webb:issue:36751,03102,ICBCU KS KWEB,2025-12-11,,EXACT,webbsite_full.sqlite/shortnames,1
webb_ccass,36752,webb:issue:36752,07618,JD INDUSTRIALS,2025-12-11,,EXACT,webbsite_full.sqlite/shortnames,1
webb_ccass,36759,webb:issue:36759,02655,GUOXIA TECH,2025-12-16,,EXACT,webbsite_full.sqlite/shortnames,1
webb_ccass,36760,webb:issue:36760,03887,HASHKEY HLDGS,2025-12-17,,EXACT,webbsite_full.sqlite/shortnames,1
webb_ccass,36763,webb:issue:36763,02546,ZHIHUI MINING,2025-12-19,,EXACT,webbsite_full.sqlite/shortnames,1
webb_ccass,36764,webb:issue:36764,03881,CIDI,2025-12-19,,EXACT,webbsite_full.sqlite/shortnames,1
webb_ccass,36765,webb:issue:36765,02396,B&K CORP-B,2025-12-22,,EXACT,webbsite_full.sqlite/shortnames,1
webb_ccass,36766,webb:issue:36766,02581,BENQ HOLDING,2025-12-22,,EXACT,webbsite_full.sqlite/shortnames,1
webb_ccass,36767,webb:issue:36767,02691,NANHUA FUTURES,2025-12-22,,EXACT,webbsite_full.sqlite/shortnames,1
webb_ccass,36768,webb:issue:36768,02695,IMPRESSION DHP,2025-12-22,,EXACT,webbsite_full.sqlite/shortnames,1
webb_ccass,36770,webb:issue:36770,02635,NUOBIKAN,2025-12-23,,EXACT,webbsite_full.sqlite/shortnames,1
webb_ccass,36771,webb:issue:36771,02661,QINGSONG HEALTH,2025-12-23,,EXACT,webbsite_full.sqlite/shortnames,1
webb_ccass,36772,webb:issue:36772,03378,HANXBIO-B,2025-12-23,,EXACT,webbsite_full.sqlite/shortnames,1
